cache_name,filename,label,subtype,patient_id,target,partition,width,height
NORMAL__NORMAL2-IM-1427-0001.png,NORMAL2-IM-1427-0001.jpeg,NORMAL,,IM-1427,0,train,1776,1416
NORMAL__NORMAL2-IM-1430-0001.png,NORMAL2-IM-1430-0001.jpeg,NORMAL,,IM-1430,0,train,1272,1040
NORMAL__NORMAL2-IM-1431-0001.png,NORMAL2-IM-1431-0001.jpeg,NORMAL,,IM-1431,0,train,1736,1416
NORMAL__NORMAL2-IM-1436-0001.png,NORMAL2-IM-1436-0001.jpeg,NORMAL,,IM-1436,0,train,1288,928
NORMAL__NORMAL2-IM-1437-0001.png,NORMAL2-IM-1437-0001.jpeg,NORMAL,,IM-1437,0,val,1240,1104
NORMAL__NORMAL2-IM-1438-0001.png,NORMAL2-IM-1438-0001.jpeg,NORMAL,,IM-1438,0,train,1328,1104
NORMAL__NORMAL2-IM-1440-0001.png,NORMAL2-IM-1440-0001.jpeg,NORMAL,,IM-1440,0,train,1632,1225
NORMAL__NORMAL2-IM-1442-0001.png,NORMAL2-IM-1442-0001.jpeg,NORMAL,,IM-1442,0,train,1564,1302
PNEUMONIA__person1946_bacteria_4874.png,person1946_bacteria_4874.jpeg,PNEUMONIA,bacteria,person1946,1,val,968,592
PNEUMONIA__person1946_bacteria_4875.png,person1946_bacteria_4875.jpeg,PNEUMONIA,bacteria,person1946,1,val,1072,712
PNEUMONIA__person1947_bacteria_4876.png,person1947_bacteria_4876.jpeg,PNEUMONIA,bacteria,person1947,1,train,1152,664
PNEUMONIA__person1949_bacteria_4880.png,person1949_bacteria_4880.jpeg,PNEUMONIA,bacteria,person1949,1,train,1416,944
PNEUMONIA__person1950_bacteria_4881.png,person1950_bacteria_4881.jpeg,PNEUMONIA,bacteria,person1950,1,test,1256,864
PNEUMONIA__person1951_bacteria_4882.png,person1951_bacteria_4882.jpeg,PNEUMONIA,bacteria,person1951,1,train,1016,656
PNEUMONIA__person1952_bacteria_4883.png,person1952_bacteria_4883.jpeg,PNEUMONIA,bacteria,person1952,1,train,1192,952
PNEUMONIA__person1954_bacteria_4886.png,person1954_bacteria_4886.jpeg,PNEUMONIA,bacteria,person1954,1,train,1664,1128
NORMAL__IM-0524-0001.png,IM-0524-0001.jpeg,NORMAL,,IM-0524,0,train,1964,1611
NORMAL__IM-0525-0001-0001.png,IM-0525-0001-0001.jpeg,NORMAL,,IM-0525,0,train,1268,1017
NORMAL__IM-0525-0001-0002.png,IM-0525-0001-0002.jpeg,NORMAL,,IM-0525,0,train,1410,970
NORMAL__IM-0525-0001.png,IM-0525-0001.jpeg,NORMAL,,IM-0525,0,train,1418,1024
NORMAL__IM-0526-0001.png,IM-0526-0001.jpeg,NORMAL,,IM-0526,0,train,1576,1395
NORMAL__IM-0527-0001.png,IM-0527-0001.jpeg,NORMAL,,IM-0527,0,train,1728,1175
NORMAL__IM-0528-0001.png,IM-0528-0001.jpeg,NORMAL,,IM-0528,0,test,1426,1128
NORMAL__IM-0529-0001.png,IM-0529-0001.jpeg,NORMAL,,IM-0529,0,train,1484,1267
NORMAL__IM-0530-0001.png,IM-0530-0001.jpeg,NORMAL,,IM-0530,0,val,1458,1128
NORMAL__IM-0531-0001-0001.png,IM-0531-0001-0001.jpeg,NORMAL,,IM-0531,0,train,1882,1353
NORMAL__IM-0531-0001.png,IM-0531-0001.jpeg,NORMAL,,IM-0531,0,train,1626,1600
NORMAL__IM-0532-0001.png,IM-0532-0001.jpeg,NORMAL,,IM-0532,0,train,1466,1140
NORMAL__IM-0533-0001-0001.png,IM-0533-0001-0001.jpeg,NORMAL,,IM-0533,0,train,1908,1476
NORMAL__IM-0533-0001-0002.png,IM-0533-0001-0002.jpeg,NORMAL,,IM-0533,0,train,1756,1484
NORMAL__IM-0533-0001.png,IM-0533-0001.jpeg,NORMAL,,IM-0533,0,train,2518,2364
NORMAL__IM-0534-0001.png,IM-0534-0001.jpeg,NORMAL,,IM-0534,0,test,1624,1375
NORMAL__IM-0535-0001.png,IM-0535-0001.jpeg,NORMAL,,IM-0535,0,train,1522,1109
NORMAL__IM-0536-0001.png,IM-0536-0001.jpeg,NORMAL,,IM-0536,0,val,1670,1344
NORMAL__IM-0537-0001.png,IM-0537-0001.jpeg,NORMAL,,IM-0537,0,train,1550,1059
NORMAL__IM-0538-0001.png,IM-0538-0001.jpeg,NORMAL,,IM-0538,0,train,1902,1595
NORMAL__IM-0539-0001-0001.png,IM-0539-0001-0001.jpeg,NORMAL,,IM-0539,0,train,2110,1700
NORMAL__IM-0539-0001-0002.png,IM-0539-0001-0002.jpeg,NORMAL,,IM-0539,0,train,1526,1195
NORMAL__IM-0539-0001.png,IM-0539-0001.jpeg,NORMAL,,IM-0539,0,train,1724,1476
NORMAL__IM-0540-0001.png,IM-0540-0001.jpeg,NORMAL,,IM-0540,0,train,1496,1333
NORMAL__IM-0541-0001.png,IM-0541-0001.jpeg,NORMAL,,IM-0541,0,train,1940,1522
NORMAL__IM-0542-0001.png,IM-0542-0001.jpeg,NORMAL,,IM-0542,0,test,1886,1406
NORMAL__IM-0543-0001-0002.png,IM-0543-0001-0002.jpeg,NORMAL,,IM-0543,0,train,1640,1410
NORMAL__IM-0543-0001.png,IM-0543-0001.jpeg,NORMAL,,IM-0543,0,train,1778,1318
NORMAL__IM-0544-0001.png,IM-0544-0001.jpeg,NORMAL,,IM-0544,0,train,1542,1286
NORMAL__IM-0545-0001-0001.png,IM-0545-0001-0001.jpeg,NORMAL,,IM-0545,0,train,1924,1580
NORMAL__IM-0545-0001-0002.png,IM-0545-0001-0002.jpeg,NORMAL,,IM-0545,0,train,1940,1503
NORMAL__IM-0545-0001.png,IM-0545-0001.jpeg,NORMAL,,IM-0545,0,train,1658,1183
NORMAL__IM-0546-0001.png,IM-0546-0001.jpeg,NORMAL,,IM-0546,0,train,1854,1457
NORMAL__IM-0547-0001.png,IM-0547-0001.jpeg,NORMAL,,IM-0547,0,val,1296,1074
NORMAL__IM-0548-0001.png,IM-0548-0001.jpeg,NORMAL,,IM-0548,0,val,1790,1132
NORMAL__IM-0549-0001-0001.png,IM-0549-0001-0001.jpeg,NORMAL,,IM-0549,0,train,1696,1349
NORMAL__IM-0549-0001-0002.png,IM-0549-0001-0002.jpeg,NORMAL,,IM-0549,0,train,1912,1708
NORMAL__IM-0549-0001.png,IM-0549-0001.jpeg,NORMAL,,IM-0549,0,train,1272,1017
NORMAL__IM-0551-0001-0001.png,IM-0551-0001-0001.jpeg,NORMAL,,IM-0551,0,train,1678,1156
NORMAL__IM-0551-0001-0002.png,IM-0551-0001-0002.jpeg,NORMAL,,IM-0551,0,train,1624,1341
NORMAL__IM-0551-0001.png,IM-0551-0001.jpeg,NORMAL,,IM-0551,0,train,1944,1746
NORMAL__IM-0552-0001.png,IM-0552-0001.jpeg,NORMAL,,IM-0552,0,train,1924,1623
NORMAL__IM-0553-0001-0001.png,IM-0553-0001-0001.jpeg,NORMAL,,IM-0553,0,train,1632,1206
NORMAL__IM-0553-0001-0002.png,IM-0553-0001-0002.jpeg,NORMAL,,IM-0553,0,train,1796,1287
NORMAL__IM-0553-0001-0003.png,IM-0553-0001-0003.jpeg,NORMAL,,IM-0553,0,train,2202,2129
NORMAL__IM-0553-0001.png,IM-0553-0001.jpeg,NORMAL,,IM-0553,0,train,2264,1900
NORMAL__IM-0554-0001.png,IM-0554-0001.jpeg,NORMAL,,IM-0554,0,train,1296,1082
NORMAL__IM-0555-0001-0001.png,IM-0555-0001-0001.jpeg,NORMAL,,IM-0555,0,test,1902,1854
NORMAL__IM-0555-0001-0002.png,IM-0555-0001-0002.jpeg,NORMAL,,IM-0555,0,test,1446,1171
NORMAL__IM-0555-0001.png,IM-0555-0001.jpeg,NORMAL,,IM-0555,0,test,1646,1476
NORMAL__IM-0556-0001.png,IM-0556-0001.jpeg,NORMAL,,IM-0556,0,train,1566,1225
NORMAL__IM-0557-0001.png,IM-0557-0001.jpeg,NORMAL,,IM-0557,0,test,2442,2226
NORMAL__IM-0559-0001.png,IM-0559-0001.jpeg,NORMAL,,IM-0559,0,train,1346,1024
NORMAL__IM-0560-0001.png,IM-0560-0001.jpeg,NORMAL,,IM-0560,0,train,1778,1356
NORMAL__IM-0561-0001.png,IM-0561-0001.jpeg,NORMAL,,IM-0561,0,train,2172,1963
NORMAL__IM-0562-0001.png,IM-0562-0001.jpeg,NORMAL,,IM-0562,0,test,1330,1133
NORMAL__IM-0563-0001.png,IM-0563-0001.jpeg,NORMAL,,IM-0563,0,val,1302,970
NORMAL__IM-0564-0001.png,IM-0564-0001.jpeg,NORMAL,,IM-0564,0,train,1472,1360
NORMAL__IM-0565-0001.png,IM-0565-0001.jpeg,NORMAL,,IM-0565,0,train,1940,1755
NORMAL__IM-0566-0001.png,IM-0566-0001.jpeg,NORMAL,,IM-0566,0,train,2358,1673
NORMAL__IM-0568-0001.png,IM-0568-0001.jpeg,NORMAL,,IM-0568,0,train,2144,2129
NORMAL__IM-0569-0001.png,IM-0569-0001.jpeg,NORMAL,,IM-0569,0,train,1786,1437
NORMAL__IM-0570-0001.png,IM-0570-0001.jpeg,NORMAL,,IM-0570,0,val,1816,1554
NORMAL__IM-0571-0001.png,IM-0571-0001.jpeg,NORMAL,,IM-0571,0,train,1746,1445
NORMAL__IM-0574-0001.png,IM-0574-0001.jpeg,NORMAL,,IM-0574,0,train,1736,1553
NORMAL__IM-0575-0001.png,IM-0575-0001.jpeg,NORMAL,,IM-0575,0,train,1296,1036
NORMAL__IM-0577-0001.png,IM-0577-0001.jpeg,NORMAL,,IM-0577,0,val,1376,1210
NORMAL__IM-0578-0001.png,IM-0578-0001.jpeg,NORMAL,,IM-0578,0,test,1630,1353
NORMAL__IM-0579-0001.png,IM-0579-0001.jpeg,NORMAL,,IM-0579,0,train,1604,1117
NORMAL__IM-0580-0001.png,IM-0580-0001.jpeg,NORMAL,,IM-0580,0,train,1728,1522
NORMAL__IM-0581-0001.png,IM-0581-0001.jpeg,NORMAL,,IM-0581,0,train,1338,1433
NORMAL__IM-0582-0001.png,IM-0582-0001.jpeg,NORMAL,,IM-0582,0,train,2180,1955
NORMAL__IM-0583-0001.png,IM-0583-0001.jpeg,NORMAL,,IM-0583,0,train,1692,1341
NORMAL__IM-0584-0001.png,IM-0584-0001.jpeg,NORMAL,,IM-0584,0,train,1148,908
NORMAL__IM-0586-0001.png,IM-0586-0001.jpeg,NORMAL,,IM-0586,0,train,1812,1476
NORMAL__IM-0588-0001.png,IM-0588-0001.jpeg,NORMAL,,IM-0588,0,train,1488,1017
NORMAL__IM-0590-0001.png,IM-0590-0001.jpeg,NORMAL,,IM-0590,0,train,2056,1673
NORMAL__IM-0591-0001.png,IM-0591-0001.jpeg,NORMAL,,IM-0591,0,train,1626,1280
NORMAL__IM-0592-0001.png,IM-0592-0001.jpeg,NORMAL,,IM-0592,0,test,1932,1712
NORMAL__IM-0593-0001.png,IM-0593-0001.jpeg,NORMAL,,IM-0593,0,train,1728,1333
NORMAL__IM-0595-0001.png,IM-0595-0001.jpeg,NORMAL,,IM-0595,0,test,1924,2102
NORMAL__IM-0596-0001.png,IM-0596-0001.jpeg,NORMAL,,IM-0596,0,train,1430,1141
NORMAL__IM-0598-0001.png,IM-0598-0001.jpeg,NORMAL,,IM-0598,0,train,1518,1302
NORMAL__IM-0599-0001.png,IM-0599-0001.jpeg,NORMAL,,IM-0599,0,train,1550,1144
NORMAL__IM-0600-0001.png,IM-0600-0001.jpeg,NORMAL,,IM-0600,0,train,1832,1488
NORMAL__IM-0601-0001.png,IM-0601-0001.jpeg,NORMAL,,IM-0601,0,train,1858,1680
NORMAL__IM-0602-0001.png,IM-0602-0001.jpeg,NORMAL,,IM-0602,0,test,1350,1062
NORMAL__IM-0604-0001.png,IM-0604-0001.jpeg,NORMAL,,IM-0604,0,train,1724,1353
NORMAL__IM-0605-0001.png,IM-0605-0001.jpeg,NORMAL,,IM-0605,0,train,1396,955
NORMAL__IM-0606-0001.png,IM-0606-0001.jpeg,NORMAL,,IM-0606,0,train,1850,1445
NORMAL__IM-0607-0001.png,IM-0607-0001.jpeg,NORMAL,,IM-0607,0,train,1518,1121
NORMAL__IM-0608-0001-0001.png,IM-0608-0001-0001.jpeg,NORMAL,,IM-0608,0,train,1300,928
NORMAL__IM-0608-0001-0002.png,IM-0608-0001-0002.jpeg,NORMAL,,IM-0608,0,train,1580,1604
NORMAL__IM-0608-0001.png,IM-0608-0001.jpeg,NORMAL,,IM-0608,0,train,1852,1403
NORMAL__IM-0609-0001.png,IM-0609-0001.jpeg,NORMAL,,IM-0609,0,val,1394,1257
NORMAL__IM-0612-0001-0001.png,IM-0612-0001-0001.jpeg,NORMAL,,IM-0612,0,train,1488,1094
NORMAL__IM-0612-0001-0002.png,IM-0612-0001-0002.jpeg,NORMAL,,IM-0612,0,train,1466,1175
NORMAL__IM-0612-0001.png,IM-0612-0001.jpeg,NORMAL,,IM-0612,0,train,1460,1279
NORMAL__IM-0613-0001.png,IM-0613-0001.jpeg,NORMAL,,IM-0613,0,test,1732,1662
NORMAL__IM-0614-0001.png,IM-0614-0001.jpeg,NORMAL,,IM-0614,0,val,1750,1480
NORMAL__IM-0615-0001.png,IM-0615-0001.jpeg,NORMAL,,IM-0615,0,train,1640,1322
NORMAL__IM-0616-0001.png,IM-0616-0001.jpeg,NORMAL,,IM-0616,0,train,1792,1422
NORMAL__IM-0617-0001.png,IM-0617-0001.jpeg,NORMAL,,IM-0617,0,train,1622,1383
NORMAL__IM-0618-0001-0001.png,IM-0618-0001-0001.jpeg,NORMAL,,IM-0618,0,train,2292,1893
NORMAL__IM-0618-0001-0002.png,IM-0618-0001-0002.jpeg,NORMAL,,IM-0618,0,train,2178,1970
NORMAL__IM-0618-0001.png,IM-0618-0001.jpeg,NORMAL,,IM-0618,0,train,2078,2047
NORMAL__IM-0619-0001.png,IM-0619-0001.jpeg,NORMAL,,IM-0619,0,val,1554,1345
NORMAL__IM-0620-0001-0001.png,IM-0620-0001-0001.jpeg,NORMAL,,IM-0620,0,train,1832,1472
NORMAL__IM-0620-0001-0002.png,IM-0620-0001-0002.jpeg,NORMAL,,IM-0620,0,train,1512,1302
NORMAL__IM-0620-0001.png,IM-0620-0001.jpeg,NORMAL,,IM-0620,0,train,1514,1395
NORMAL__IM-0621-0001.png,IM-0621-0001.jpeg,NORMAL,,IM-0621,0,train,1524,1171
NORMAL__IM-0622-0001-0001.png,IM-0622-0001-0001.jpeg,NORMAL,,IM-0622,0,test,1598,1197
NORMAL__IM-0622-0001-0002.png,IM-0622-0001-0002.jpeg,NORMAL,,IM-0622,0,test,1626,1268
NORMAL__IM-0622-0001.png,IM-0622-0001.jpeg,NORMAL,,IM-0622,0,test,1840,1507
NORMAL__IM-0623-0001.png,IM-0623-0001.jpeg,NORMAL,,IM-0623,0,train,1724,1422
NORMAL__IM-0624-0001-0002.png,IM-0624-0001-0002.jpeg,NORMAL,,IM-0624,0,train,1690,1334
NORMAL__IM-0624-0001.png,IM-0624-0001.jpeg,NORMAL,,IM-0624,0,train,1630,1333
NORMAL__IM-0625-0001.png,IM-0625-0001.jpeg,NORMAL,,IM-0625,0,train,1678,1229
NORMAL__IM-0626-0001-0001.png,IM-0626-0001-0001.jpeg,NORMAL,,IM-0626,0,train,1754,1178
NORMAL__IM-0626-0001-0002.png,IM-0626-0001-0002.jpeg,NORMAL,,IM-0626,0,train,1728,1249
NORMAL__IM-0627-0001.png,IM-0627-0001.jpeg,NORMAL,,IM-0627,0,train,1802,1514
NORMAL__IM-0628-0001.png,IM-0628-0001.jpeg,NORMAL,,IM-0628,0,train,2012,1457
NORMAL__IM-0629-0001-0001.png,IM-0629-0001-0001.jpeg,NORMAL,,IM-0629,0,train,2344,1855
NORMAL__IM-0629-0001-0002.png,IM-0629-0001-0002.jpeg,NORMAL,,IM-0629,0,train,1804,1510
NORMAL__IM-0629-0001-0003.png,IM-0629-0001-0003.jpeg,NORMAL,,IM-0629,0,train,1874,1735
NORMAL__IM-0629-0001.png,IM-0629-0001.jpeg,NORMAL,,IM-0629,0,train,1252,1044
NORMAL__IM-0630-0001.png,IM-0630-0001.jpeg,NORMAL,,IM-0630,0,test,1956,1634
NORMAL__IM-0631-0001-0001.png,IM-0631-0001-0001.jpeg,NORMAL,,IM-0631,0,test,1744,1337
NORMAL__IM-0631-0001-0002.png,IM-0631-0001-0002.jpeg,NORMAL,,IM-0631,0,test,1738,1430
NORMAL__IM-0631-0001.png,IM-0631-0001.jpeg,NORMAL,,IM-0631,0,test,1746,1279
NORMAL__IM-0632-0001.png,IM-0632-0001.jpeg,NORMAL,,IM-0632,0,test,1438,1067
NORMAL__IM-0633-0001.png,IM-0633-0001.jpeg,NORMAL,,IM-0633,0,val,1836,1719
NORMAL__IM-0634-0001.png,IM-0634-0001.jpeg,NORMAL,,IM-0634,0,train,1500,1051
NORMAL__IM-0635-0001.png,IM-0635-0001.jpeg,NORMAL,,IM-0635,0,val,1296,1052
NORMAL__IM-0636-0001.png,IM-0636-0001.jpeg,NORMAL,,IM-0636,0,train,1766,1611
NORMAL__IM-0637-0001.png,IM-0637-0001.jpeg,NORMAL,,IM-0637,0,train,1746,1442
NORMAL__IM-0640-0001-0001.png,IM-0640-0001-0001.jpeg,NORMAL,,IM-0640,0,train,1462,1140
NORMAL__IM-0640-0001-0002.png,IM-0640-0001-0002.jpeg,NORMAL,,IM-0640,0,train,1470,1248
NORMAL__IM-0640-0001.png,IM-0640-0001.jpeg,NORMAL,,IM-0640,0,train,1642,1221
NORMAL__IM-0641-0001.png,IM-0641-0001.jpeg,NORMAL,,IM-0641,0,train,1858,1480
NORMAL__IM-0642-0001.png,IM-0642-0001.jpeg,NORMAL,,IM-0642,0,train,1508,1052
NORMAL__IM-0643-0001.png,IM-0643-0001.jpeg,NORMAL,,IM-0643,0,val,2348,1851
NORMAL__IM-0644-0001-0001.png,IM-0644-0001-0001.jpeg,NORMAL,,IM-0644,0,val,1284,1020
NORMAL__IM-0644-0001-0002.png,IM-0644-0001-0002.jpeg,NORMAL,,IM-0644,0,val,1476,1133
NORMAL__IM-0644-0001.png,IM-0644-0001.jpeg,NORMAL,,IM-0644,0,val,1414,1086
NORMAL__IM-0645-0001.png,IM-0645-0001.jpeg,NORMAL,,IM-0645,0,train,2048,1777
NORMAL__IM-0646-0001.png,IM-0646-0001.jpeg,NORMAL,,IM-0646,0,val,1630,1179
NORMAL__IM-0647-0001.png,IM-0647-0001.jpeg,NORMAL,,IM-0647,0,train,1214,994
NORMAL__IM-0648-0001.png,IM-0648-0001.jpeg,NORMAL,,IM-0648,0,train,1604,1279
NORMAL__IM-0649-0001.png,IM-0649-0001.jpeg,NORMAL,,IM-0649,0,train,1512,1005
NORMAL__IM-0650-0001-0001.png,IM-0650-0001-0001.jpeg,NORMAL,,IM-0650,0,test,1682,1341
NORMAL__IM-0650-0001-0002.png,IM-0650-0001-0002.jpeg,NORMAL,,IM-0650,0,test,1798,1356
NORMAL__IM-0650-0001.png,IM-0650-0001.jpeg,NORMAL,,IM-0650,0,test,1620,1159
NORMAL__IM-0651-0001.png,IM-0651-0001.jpeg,NORMAL,,IM-0651,0,train,1126,1012
NORMAL__IM-0652-0001-0002.png,IM-0652-0001-0002.jpeg,NORMAL,,IM-0652,0,train,1512,1237
NORMAL__IM-0652-0001.png,IM-0652-0001.jpeg,NORMAL,,IM-0652,0,train,2480,1924
NORMAL__IM-0654-0001.png,IM-0654-0001.jpeg,NORMAL,,IM-0654,0,train,1790,1519
NORMAL__IM-0655-0001.png,IM-0655-0001.jpeg,NORMAL,,IM-0655,0,test,2134,1827
NORMAL__IM-0656-0001-0001.png,IM-0656-0001-0001.jpeg,NORMAL,,IM-0656,0,train,2194,1966
NORMAL__IM-0656-0001-0002.png,IM-0656-0001-0002.jpeg,NORMAL,,IM-0656,0,train,1624,1299
NORMAL__IM-0656-0001.png,IM-0656-0001.jpeg,NORMAL,,IM-0656,0,train,1504,1395
NORMAL__IM-0657-0001.png,IM-0657-0001.jpeg,NORMAL,,IM-0657,0,val,1608,1364
NORMAL__IM-0658-0001.png,IM-0658-0001.jpeg,NORMAL,,IM-0658,0,train,1800,1723
NORMAL__IM-0659-0001.png,IM-0659-0001.jpeg,NORMAL,,IM-0659,0,train,1566,1271
NORMAL__IM-0660-0001-0001.png,IM-0660-0001-0001.jpeg,NORMAL,,IM-0660,0,val,1330,1132
NORMAL__IM-0660-0001-0002.png,IM-0660-0001-0002.jpeg,NORMAL,,IM-0660,0,val,1654,1688
NORMAL__IM-0660-0001.png,IM-0660-0001.jpeg,NORMAL,,IM-0660,0,val,1680,1642
NORMAL__IM-0661-0001.png,IM-0661-0001.jpeg,NORMAL,,IM-0661,0,train,1754,1638
NORMAL__IM-0662-0001.png,IM-0662-0001.jpeg,NORMAL,,IM-0662,0,train,1538,1179
NORMAL__IM-0663-0001.png,IM-0663-0001.jpeg,NORMAL,,IM-0663,0,train,1246,931
NORMAL__IM-0664-0001.png,IM-0664-0001.jpeg,NORMAL,,IM-0664,0,train,2016,1603
NORMAL__IM-0665-0001.png,IM-0665-0001.jpeg,NORMAL,,IM-0665,0,test,1364,1179
NORMAL__IM-0666-0001-0001.png,IM-0666-0001-0001.jpeg,NORMAL,,IM-0666,0,test,1748,1442
NORMAL__IM-0666-0001-0002.png,IM-0666-0001-0002.jpeg,NORMAL,,IM-0666,0,test,1480,1306
NORMAL__IM-0666-0001.png,IM-0666-0001.jpeg,NORMAL,,IM-0666,0,test,2418,2260
NORMAL__IM-0667-0001.png,IM-0667-0001.jpeg,NORMAL,,IM-0667,0,val,1754,1615
NORMAL__IM-0668-0001.png,IM-0668-0001.jpeg,NORMAL,,IM-0668,0,train,1596,1306
NORMAL__IM-0669-0001.png,IM-0669-0001.jpeg,NORMAL,,IM-0669,0,test,1458,1074
NORMAL__IM-0670-0001.png,IM-0670-0001.jpeg,NORMAL,,IM-0670,0,train,2434,2418
NORMAL__IM-0671-0001.png,IM-0671-0001.jpeg,NORMAL,,IM-0671,0,train,1608,1152
NORMAL__IM-0672-0001.png,IM-0672-0001.jpeg,NORMAL,,IM-0672,0,train,2018,1920
NORMAL__IM-0673-0001.png,IM-0673-0001.jpeg,NORMAL,,IM-0673,0,train,1364,1136
NORMAL__IM-0674-0001.png,IM-0674-0001.jpeg,NORMAL,,IM-0674,0,train,1870,1380
NORMAL__IM-0675-0001.png,IM-0675-0001.jpeg,NORMAL,,IM-0675,0,train,1218,1032
NORMAL__IM-0676-0001.png,IM-0676-0001.jpeg,NORMAL,,IM-0676,0,train,1752,1160
NORMAL__IM-0677-0001.png,IM-0677-0001.jpeg,NORMAL,,IM-0677,0,train,1604,1202
NORMAL__IM-0678-0001.png,IM-0678-0001.jpeg,NORMAL,,IM-0678,0,test,1792,1611
NORMAL__IM-0679-0001.png,IM-0679-0001.jpeg,NORMAL,,IM-0679,0,train,1368,1151
NORMAL__IM-0680-0001.png,IM-0680-0001.jpeg,NORMAL,,IM-0680,0,train,1530,1078
NORMAL__IM-0681-0001.png,IM-0681-0001.jpeg,NORMAL,,IM-0681,0,train,1496,1074
NORMAL__IM-0682-0001.png,IM-0682-0001.jpeg,NORMAL,,IM-0682,0,train,1948,1670
NORMAL__IM-0683-0001.png,IM-0683-0001.jpeg,NORMAL,,IM-0683,0,train,1674,1144
NORMAL__IM-0684-0001.png,IM-0684-0001.jpeg,NORMAL,,IM-0684,0,val,2078,1801
NORMAL__IM-0685-0001.png,IM-0685-0001.jpeg,NORMAL,,IM-0685,0,train,1530,1279
NORMAL__IM-0686-0001.png,IM-0686-0001.jpeg,NORMAL,,IM-0686,0,test,1160,897
NORMAL__IM-0687-0001.png,IM-0687-0001.jpeg,NORMAL,,IM-0687,0,train,1554,1298
NORMAL__IM-0688-0001.png,IM-0688-0001.jpeg,NORMAL,,IM-0688,0,test,1514,1310
NORMAL__IM-0689-0001.png,IM-0689-0001.jpeg,NORMAL,,IM-0689,0,train,1454,1229
NORMAL__IM-0691-0001.png,IM-0691-0001.jpeg,NORMAL,,IM-0691,0,train,1284,893
NORMAL__IM-0692-0001.png,IM-0692-0001.jpeg,NORMAL,,IM-0692,0,test,2512,2012
NORMAL__IM-0693-0001.png,IM-0693-0001.jpeg,NORMAL,,IM-0693,0,train,1118,932
NORMAL__IM-0694-0001.png,IM-0694-0001.jpeg,NORMAL,,IM-0694,0,train,1820,1410
NORMAL__IM-0695-0001.png,IM-0695-0001.jpeg,NORMAL,,IM-0695,0,train,1828,1437
NORMAL__IM-0696-0001.png,IM-0696-0001.jpeg,NORMAL,,IM-0696,0,train,1064,842
NORMAL__IM-0697-0001.png,IM-0697-0001.jpeg,NORMAL,,IM-0697,0,val,1538,1353
NORMAL__IM-0698-0001.png,IM-0698-0001.jpeg,NORMAL,,IM-0698,0,test,1952,1777
NORMAL__IM-0700-0001.png,IM-0700-0001.jpeg,NORMAL,,IM-0700,0,train,1994,1865
NORMAL__IM-0701-0001.png,IM-0701-0001.jpeg,NORMAL,,IM-0701,0,train,1576,1272
NORMAL__IM-0702-0001.png,IM-0702-0001.jpeg,NORMAL,,IM-0702,0,train,1968,1484
NORMAL__IM-0703-0001.png,IM-0703-0001.jpeg,NORMAL,,IM-0703,0,train,1426,1052
NORMAL__IM-0704-0001.png,IM-0704-0001.jpeg,NORMAL,,IM-0704,0,test,1596,1248
NORMAL__IM-0705-0001.png,IM-0705-0001.jpeg,NORMAL,,IM-0705,0,train,1734,1426
NORMAL__IM-0706-0001.png,IM-0706-0001.jpeg,NORMAL,,IM-0706,0,train,1454,1160
NORMAL__IM-0707-0001.png,IM-0707-0001.jpeg,NORMAL,,IM-0707,0,train,1712,1430
NORMAL__IM-0709-0001.png,IM-0709-0001.jpeg,NORMAL,,IM-0709,0,train,1570,1272
NORMAL__IM-0710-0001.png,IM-0710-0001.jpeg,NORMAL,,IM-0710,0,train,1910,1661
NORMAL__IM-0711-0001.png,IM-0711-0001.jpeg,NORMAL,,IM-0711,0,train,1596,1306
NORMAL__IM-0712-0001.png,IM-0712-0001.jpeg,NORMAL,,IM-0712,0,train,1882,1557
NORMAL__IM-0713-0001.png,IM-0713-0001.jpeg,NORMAL,,IM-0713,0,val,1636,1329
NORMAL__IM-0714-0001.png,IM-0714-0001.jpeg,NORMAL,,IM-0714,0,train,1728,1260
NORMAL__IM-0715-0001.png,IM-0715-0001.jpeg,NORMAL,,IM-0715,0,train,1546,1105
NORMAL__IM-0716-0001.png,IM-0716-0001.jpeg,NORMAL,,IM-0716,0,test,1426,1182
NORMAL__IM-0717-0001.png,IM-0717-0001.jpeg,NORMAL,,IM-0717,0,train,1442,1109
NORMAL__IM-0718-0001.png,IM-0718-0001.jpeg,NORMAL,,IM-0718,0,val,1634,1341
NORMAL__IM-0719-0001.png,IM-0719-0001.jpeg,NORMAL,,IM-0719,0,train,1550,1452
NORMAL__IM-0721-0001.png,IM-0721-0001.jpeg,NORMAL,,IM-0721,0,train,1434,1310
NORMAL__IM-0722-0001.png,IM-0722-0001.jpeg,NORMAL,,IM-0722,0,train,1662,1403
NORMAL__IM-0724-0001.png,IM-0724-0001.jpeg,NORMAL,,IM-0724,0,train,1840,1341
NORMAL__IM-0727-0001.png,IM-0727-0001.jpeg,NORMAL,,IM-0727,0,train,1400,1190
NORMAL__IM-0728-0001.png,IM-0728-0001.jpeg,NORMAL,,IM-0728,0,train,1574,1229
NORMAL__IM-0729-0001.png,IM-0729-0001.jpeg,NORMAL,,IM-0729,0,train,1572,1194
NORMAL__IM-0730-0001.png,IM-0730-0001.jpeg,NORMAL,,IM-0730,0,train,1310,951
NORMAL__IM-0732-0001.png,IM-0732-0001.jpeg,NORMAL,,IM-0732,0,train,1296,800
NORMAL__IM-0733-0001.png,IM-0733-0001.jpeg,NORMAL,,IM-0733,0,train,1430,1194
NORMAL__IM-0734-0001.png,IM-0734-0001.jpeg,NORMAL,,IM-0734,0,val,2572,2476
NORMAL__IM-0735-0001.png,IM-0735-0001.jpeg,NORMAL,,IM-0735,0,train,1654,1051
NORMAL__IM-0736-0001.png,IM-0736-0001.jpeg,NORMAL,,IM-0736,0,test,1430,1005
NORMAL__IM-0737-0001.png,IM-0737-0001.jpeg,NORMAL,,IM-0737,0,test,1384,1121
NORMAL__IM-0738-0001.png,IM-0738-0001.jpeg,NORMAL,,IM-0738,0,train,1546,1314
NORMAL__IM-0739-0001.png,IM-0739-0001.jpeg,NORMAL,,IM-0739,0,val,1114,815
NORMAL__IM-0740-0001.png,IM-0740-0001.jpeg,NORMAL,,IM-0740,0,val,1840,1283
NORMAL__IM-0741-0001.png,IM-0741-0001.jpeg,NORMAL,,IM-0741,0,train,1256,1097
NORMAL__IM-0742-0001.png,IM-0742-0001.jpeg,NORMAL,,IM-0742,0,train,1670,1302
NORMAL__IM-0746-0001.png,IM-0746-0001.jpeg,NORMAL,,IM-0746,0,train,1712,1259
NORMAL__IM-0747-0001.png,IM-0747-0001.jpeg,NORMAL,,IM-0747,0,train,1604,1171
NORMAL__IM-0748-0001.png,IM-0748-0001.jpeg,NORMAL,,IM-0748,0,train,1844,1573
NORMAL__IM-0750-0001.png,IM-0750-0001.jpeg,NORMAL,,IM-0750,0,train,1198,978
NORMAL__IM-0751-0001.png,IM-0751-0001.jpeg,NORMAL,,IM-0751,0,train,1488,1136
NORMAL__IM-0752-0001.png,IM-0752-0001.jpeg,NORMAL,,IM-0752,0,test,1438,1144
NORMAL__IM-0753-0001.png,IM-0753-0001.jpeg,NORMAL,,IM-0753,0,train,1518,1097
NORMAL__IM-0754-0001.png,IM-0754-0001.jpeg,NORMAL,,IM-0754,0,val,1782,1460
NORMAL__IM-0755-0001.png,IM-0755-0001.jpeg,NORMAL,,IM-0755,0,train,1346,1040
NORMAL__IM-0757-0001.png,IM-0757-0001.jpeg,NORMAL,,IM-0757,0,train,1284,1086
NORMAL__IM-0761-0001.png,IM-0761-0001.jpeg,NORMAL,,IM-0761,0,train,1348,1028
NORMAL__IM-0764-0001.png,IM-0764-0001.jpeg,NORMAL,,IM-0764,0,test,1620,1480
NORMAL__IM-0766-0001.png,IM-0766-0001.jpeg,NORMAL,,IM-0766,0,test,2252,1913
NORMAL__NORMAL2-IM-0383-0001.png,NORMAL2-IM-0383-0001.jpeg,NORMAL,,IM-0383,0,test,1882,1480
NORMAL__NORMAL2-IM-0384-0001.png,NORMAL2-IM-0384-0001.jpeg,NORMAL,,IM-0384,0,train,1268,924
NORMAL__NORMAL2-IM-0385-0001.png,NORMAL2-IM-0385-0001.jpeg,NORMAL,,IM-0385,0,train,1676,1391
NORMAL__NORMAL2-IM-0386-0001.png,NORMAL2-IM-0386-0001.jpeg,NORMAL,,IM-0386,0,train,1636,1321
NORMAL__NORMAL2-IM-0388-0001.png,NORMAL2-IM-0388-0001.jpeg,NORMAL,,IM-0388,0,test,1388,1009
NORMAL__NORMAL2-IM-0389-0001.png,NORMAL2-IM-0389-0001.jpeg,NORMAL,,IM-0389,0,train,1484,1136
NORMAL__NORMAL2-IM-0390-0001.png,NORMAL2-IM-0390-0001.jpeg,NORMAL,,IM-0390,0,val,2434,2376
NORMAL__NORMAL2-IM-0391-0001.png,NORMAL2-IM-0391-0001.jpeg,NORMAL,,IM-0391,0,train,1582,1582
NORMAL__NORMAL2-IM-0392-0001.png,NORMAL2-IM-0392-0001.jpeg,NORMAL,,IM-0392,0,train,1546,1414
NORMAL__NORMAL2-IM-0393-0001.png,NORMAL2-IM-0393-0001.jpeg,NORMAL,,IM-0393,0,train,1410,1106
NORMAL__NORMAL2-IM-0394-0001.png,NORMAL2-IM-0394-0001.jpeg,NORMAL,,IM-0394,0,test,1588,1144
NORMAL__NORMAL2-IM-0395-0001-0001.png,NORMAL2-IM-0395-0001-0001.jpeg,NORMAL,,IM-0395,0,train,1520,1070
NORMAL__NORMAL2-IM-0395-0001-0002.png,NORMAL2-IM-0395-0001-0002.jpeg,NORMAL,,IM-0395,0,train,1416,1148
NORMAL__NORMAL2-IM-0395-0001.png,NORMAL2-IM-0395-0001.jpeg,NORMAL,,IM-0395,0,train,1464,1167
NORMAL__NORMAL2-IM-0396-0001.png,NORMAL2-IM-0396-0001.jpeg,NORMAL,,IM-0396,0,train,1882,1653
NORMAL__NORMAL2-IM-0397-0001.png,NORMAL2-IM-0397-0001.jpeg,NORMAL,,IM-0397,0,train,2036,1908
NORMAL__NORMAL2-IM-0399-0001.png,NORMAL2-IM-0399-0001.jpeg,NORMAL,,IM-0399,0,train,1546,1399
NORMAL__NORMAL2-IM-0401-0001.png,NORMAL2-IM-0401-0001.jpeg,NORMAL,,IM-0401,0,train,1898,1854
NORMAL__NORMAL2-IM-0402-0001.png,NORMAL2-IM-0402-0001.jpeg,NORMAL,,IM-0402,0,train,1666,1252
NORMAL__NORMAL2-IM-0403-0001.png,NORMAL2-IM-0403-0001.jpeg,NORMAL,,IM-0403,0,train,1476,1013
NORMAL__NORMAL2-IM-0404-0001.png,NORMAL2-IM-0404-0001.jpeg,NORMAL,,IM-0404,0,val,1532,1256
NORMAL__NORMAL2-IM-0406-0001.png,NORMAL2-IM-0406-0001.jpeg,NORMAL,,IM-0406,0,val,1470,1043
NORMAL__NORMAL2-IM-0407-0001.png,NORMAL2-IM-0407-0001.jpeg,NORMAL,,IM-0407,0,train,1690,1368
NORMAL__NORMAL2-IM-0408-0001.png,NORMAL2-IM-0408-0001.jpeg,NORMAL,,IM-0408,0,train,1978,1766
NORMAL__NORMAL2-IM-0409-0001.png,NORMAL2-IM-0409-0001.jpeg,NORMAL,,IM-0409,0,test,1542,1310
NORMAL__NORMAL2-IM-0410-0001.png,NORMAL2-IM-0410-0001.jpeg,NORMAL,,IM-0410,0,train,1372,1070
NORMAL__NORMAL2-IM-0412-0001.png,NORMAL2-IM-0412-0001.jpeg,NORMAL,,IM-0412,0,train,1450,1210
NORMAL__NORMAL2-IM-0413-0001.png,NORMAL2-IM-0413-0001.jpeg,NORMAL,,IM-0413,0,train,2106,1986
NORMAL__NORMAL2-IM-0414-0001.png,NORMAL2-IM-0414-0001.jpeg,NORMAL,,IM-0414,0,train,1778,1754
NORMAL__NORMAL2-IM-0415-0001.png,NORMAL2-IM-0415-0001.jpeg,NORMAL,,IM-0415,0,val,1524,1410
NORMAL__NORMAL2-IM-0416-0001-0001.png,NORMAL2-IM-0416-0001-0001.jpeg,NORMAL,,IM-0416,0,train,1584,1426
NORMAL__NORMAL2-IM-0416-0001-0002.png,NORMAL2-IM-0416-0001-0002.jpeg,NORMAL,,IM-0416,0,train,1844,1272
NORMAL__NORMAL2-IM-0416-0001.png,NORMAL2-IM-0416-0001.jpeg,NORMAL,,IM-0416,0,train,1624,1341
NORMAL__NORMAL2-IM-0417-0001.png,NORMAL2-IM-0417-0001.jpeg,NORMAL,,IM-0417,0,train,2302,1514
NORMAL__NORMAL2-IM-0418-0001.png,NORMAL2-IM-0418-0001.jpeg,NORMAL,,IM-0418,0,train,1530,1299
NORMAL__NORMAL2-IM-0419-0001.png,NORMAL2-IM-0419-0001.jpeg,NORMAL,,IM-0419,0,test,1454,1071
NORMAL__NORMAL2-IM-0421-0001.png,NORMAL2-IM-0421-0001.jpeg,NORMAL,,IM-0421,0,train,1804,1453
NORMAL__NORMAL2-IM-0423-0001.png,NORMAL2-IM-0423-0001.jpeg,NORMAL,,IM-0423,0,train,1816,1534
NORMAL__NORMAL2-IM-0424-0001.png,NORMAL2-IM-0424-0001.jpeg,NORMAL,,IM-0424,0,val,1538,1205
NORMAL__NORMAL2-IM-0425-0001.png,NORMAL2-IM-0425-0001.jpeg,NORMAL,,IM-0425,0,train,2101,1606
NORMAL__NORMAL2-IM-0427-0001.png,NORMAL2-IM-0427-0001.jpeg,NORMAL,,IM-0427,0,train,1574,1225
NORMAL__NORMAL2-IM-0428-0001.png,NORMAL2-IM-0428-0001.jpeg,NORMAL,,IM-0428,0,train,1692,1221
NORMAL__NORMAL2-IM-0429-0001.png,NORMAL2-IM-0429-0001.jpeg,NORMAL,,IM-0429,0,train,1572,1389
NORMAL__NORMAL2-IM-0433-0001.png,NORMAL2-IM-0433-0001.jpeg,NORMAL,,IM-0433,0,train,1546,1255
NORMAL__NORMAL2-IM-0435-0001.png,NORMAL2-IM-0435-0001.jpeg,NORMAL,,IM-0435,0,train,2185,1942
NORMAL__NORMAL2-IM-0437-0001.png,NORMAL2-IM-0437-0001.jpeg,NORMAL,,IM-0437,0,train,1434,1074
NORMAL__NORMAL2-IM-0439-0001.png,NORMAL2-IM-0439-0001.jpeg,NORMAL,,IM-0439,0,train,1808,1666
NORMAL__NORMAL2-IM-0440-0001.png,NORMAL2-IM-0440-0001.jpeg,NORMAL,,IM-0440,0,val,1516,1295
NORMAL__NORMAL2-IM-0441-0001.png,NORMAL2-IM-0441-0001.jpeg,NORMAL,,IM-0441,0,train,2288,2363
NORMAL__NORMAL2-IM-0443-0001.png,NORMAL2-IM-0443-0001.jpeg,NORMAL,,IM-0443,0,train,1688,1542
NORMAL__NORMAL2-IM-0445-0001.png,NORMAL2-IM-0445-0001.jpeg,NORMAL,,IM-0445,0,val,1782,1310
NORMAL__NORMAL2-IM-0447-0001.png,NORMAL2-IM-0447-0001.jpeg,NORMAL,,IM-0447,0,val,1654,1441
NORMAL__NORMAL2-IM-0448-0001.png,NORMAL2-IM-0448-0001.jpeg,NORMAL,,IM-0448,0,train,1774,1225
NORMAL__NORMAL2-IM-0449-0001.png,NORMAL2-IM-0449-0001.jpeg,NORMAL,,IM-0449,0,test,1284,1013
NORMAL__NORMAL2-IM-0450-0001.png,NORMAL2-IM-0450-0001.jpeg,NORMAL,,IM-0450,0,train,1622,1422
NORMAL__NORMAL2-IM-0451-0001.png,NORMAL2-IM-0451-0001.jpeg,NORMAL,,IM-0451,0,train,1574,1043
NORMAL__NORMAL2-IM-0452-0001.png,NORMAL2-IM-0452-0001.jpeg,NORMAL,,IM-0452,0,train,1454,978
NORMAL__NORMAL2-IM-0453-0001.png,NORMAL2-IM-0453-0001.jpeg,NORMAL,,IM-0453,0,train,1434,1179
NORMAL__NORMAL2-IM-0454-0001.png,NORMAL2-IM-0454-0001.jpeg,NORMAL,,IM-0454,0,val,1650,1341
NORMAL__NORMAL2-IM-0455-0001.png,NORMAL2-IM-0455-0001.jpeg,NORMAL,,IM-0455,0,test,1928,1631
NORMAL__NORMAL2-IM-0456-0001.png,NORMAL2-IM-0456-0001.jpeg,NORMAL,,IM-0456,0,train,1368,1079
NORMAL__NORMAL2-IM-0458-0001.png,NORMAL2-IM-0458-0001.jpeg,NORMAL,,IM-0458,0,train,1558,1106
NORMAL__NORMAL2-IM-0460-0001.png,NORMAL2-IM-0460-0001.jpeg,NORMAL,,IM-0460,0,train,1186,940
NORMAL__NORMAL2-IM-0462-0001.png,NORMAL2-IM-0462-0001.jpeg,NORMAL,,IM-0462,0,test,1684,1240
NORMAL__NORMAL2-IM-0463-0001.png,NORMAL2-IM-0463-0001.jpeg,NORMAL,,IM-0463,0,train,1646,1121
NORMAL__NORMAL2-IM-0464-0001.png,NORMAL2-IM-0464-0001.jpeg,NORMAL,,IM-0464,0,train,1662,1214
NORMAL__NORMAL2-IM-0465-0001.png,NORMAL2-IM-0465-0001.jpeg,NORMAL,,IM-0465,0,train,1418,1221
NORMAL__NORMAL2-IM-0466-0001.png,NORMAL2-IM-0466-0001.jpeg,NORMAL,,IM-0466,0,train,2346,2032
NORMAL__NORMAL2-IM-0468-0001.png,NORMAL2-IM-0468-0001.jpeg,NORMAL,,IM-0468,0,train,1114,850
NORMAL__NORMAL2-IM-0472-0001.png,NORMAL2-IM-0472-0001.jpeg,NORMAL,,IM-0472,0,train,1670,1330
NORMAL__NORMAL2-IM-0473-0001.png,NORMAL2-IM-0473-0001.jpeg,NORMAL,,IM-0473,0,train,1418,1121
NORMAL__NORMAL2-IM-0474-0001.png,NORMAL2-IM-0474-0001.jpeg,NORMAL,,IM-0474,0,test,1728,1619
NORMAL__NORMAL2-IM-0475-0001.png,NORMAL2-IM-0475-0001.jpeg,NORMAL,,IM-0475,0,train,1512,1225
NORMAL__NORMAL2-IM-0476-0001.png,NORMAL2-IM-0476-0001.jpeg,NORMAL,,IM-0476,0,train,1588,1337
NORMAL__NORMAL2-IM-0478-0001.png,NORMAL2-IM-0478-0001.jpeg,NORMAL,,IM-0478,0,val,1724,1638
NORMAL__NORMAL2-IM-0479-0001.png,NORMAL2-IM-0479-0001.jpeg,NORMAL,,IM-0479,0,train,1480,1256
NORMAL__NORMAL2-IM-0480-0001.png,NORMAL2-IM-0480-0001.jpeg,NORMAL,,IM-0480,0,test,1878,1729
NORMAL__NORMAL2-IM-0481-0001.png,NORMAL2-IM-0481-0001.jpeg,NORMAL,,IM-0481,0,test,1956,1596
NORMAL__NORMAL2-IM-0482-0001.png,NORMAL2-IM-0482-0001.jpeg,NORMAL,,IM-0482,0,train,2048,1804
NORMAL__NORMAL2-IM-0485-0001.png,NORMAL2-IM-0485-0001.jpeg,NORMAL,,IM-0485,0,train,1120,904
NORMAL__NORMAL2-IM-0486-0001.png,NORMAL2-IM-0486-0001.jpeg,NORMAL,,IM-0486,0,val,1214,1106
NORMAL__NORMAL2-IM-0487-0001.png,NORMAL2-IM-0487-0001.jpeg,NORMAL,,IM-0487,0,train,1238,874
NORMAL__NORMAL2-IM-0488-0001.png,NORMAL2-IM-0488-0001.jpeg,NORMAL,,IM-0488,0,test,1298,959
NORMAL__NORMAL2-IM-0489-0001.png,NORMAL2-IM-0489-0001.jpeg,NORMAL,,IM-0489,0,train,1700,1302
NORMAL__NORMAL2-IM-0490-0001.png,NORMAL2-IM-0490-0001.jpeg,NORMAL,,IM-0490,0,train,1620,1340
NORMAL__NORMAL2-IM-0491-0001.png,NORMAL2-IM-0491-0001.jpeg,NORMAL,,IM-0491,0,train,1808,1604
NORMAL__NORMAL2-IM-0493-0001.png,NORMAL2-IM-0493-0001.jpeg,NORMAL,,IM-0493,0,train,1882,1692
NORMAL__NORMAL2-IM-0496-0001.png,NORMAL2-IM-0496-0001.jpeg,NORMAL,,IM-0496,0,train,1716,1202
NORMAL__NORMAL2-IM-0497-0001.png,NORMAL2-IM-0497-0001.jpeg,NORMAL,,IM-0497,0,train,1434,1411
NORMAL__NORMAL2-IM-0499-0001.png,NORMAL2-IM-0499-0001.jpeg,NORMAL,,IM-0499,0,test,1414,1106
NORMAL__NORMAL2-IM-0500-0001.png,NORMAL2-IM-0500-0001.jpeg,NORMAL,,IM-0500,0,train,1442,1152
NORMAL__NORMAL2-IM-0501-0001.png,NORMAL2-IM-0501-0001.jpeg,NORMAL,,IM-0501,0,val,1782,1503
NORMAL__NORMAL2-IM-0502-0001.png,NORMAL2-IM-0502-0001.jpeg,NORMAL,,IM-0502,0,train,1454,1183
NORMAL__NORMAL2-IM-0503-0001.png,NORMAL2-IM-0503-0001.jpeg,NORMAL,,IM-0503,0,train,1658,1465
NORMAL__NORMAL2-IM-0506-0001.png,NORMAL2-IM-0506-0001.jpeg,NORMAL,,IM-0506,0,train,1762,1399
NORMAL__NORMAL2-IM-0507-0001.png,NORMAL2-IM-0507-0001.jpeg,NORMAL,,IM-0507,0,train,1658,1407
NORMAL__NORMAL2-IM-0508-0001.png,NORMAL2-IM-0508-0001.jpeg,NORMAL,,IM-0508,0,train,1422,1066
NORMAL__NORMAL2-IM-0509-0001.png,NORMAL2-IM-0509-0001.jpeg,NORMAL,,IM-0509,0,val,1904,1534
NORMAL__NORMAL2-IM-0511-0001.png,NORMAL2-IM-0511-0001.jpeg,NORMAL,,IM-0511,0,train,1924,1356
NORMAL__NORMAL2-IM-0512-0001.png,NORMAL2-IM-0512-0001.jpeg,NORMAL,,IM-0512,0,train,1376,1229
NORMAL__NORMAL2-IM-0513-0001.png,NORMAL2-IM-0513-0001.jpeg,NORMAL,,IM-0513,0,test,1986,1604
NORMAL__NORMAL2-IM-0515-0001.png,NORMAL2-IM-0515-0001.jpeg,NORMAL,,IM-0515,0,train,1638,1020
NORMAL__NORMAL2-IM-0516-0001.png,NORMAL2-IM-0516-0001.jpeg,NORMAL,,IM-0516,0,test,2120,2283
NORMAL__NORMAL2-IM-0517-0001.png,NORMAL2-IM-0517-0001.jpeg,NORMAL,,IM-0517,0,val,1542,1032
NORMAL__NORMAL2-IM-0518-0001.png,NORMAL2-IM-0518-0001.jpeg,NORMAL,,IM-0518,0,val,1650,1217
NORMAL__NORMAL2-IM-0520-0001.png,NORMAL2-IM-0520-0001.jpeg,NORMAL,,IM-0520,0,train,1554,1402
NORMAL__NORMAL2-IM-0521-0001.png,NORMAL2-IM-0521-0001.jpeg,NORMAL,,IM-0521,0,train,1952,1496
NORMAL__NORMAL2-IM-0522-0001.png,NORMAL2-IM-0522-0001.jpeg,NORMAL,,IM-0522,0,train,1198,1032
NORMAL__NORMAL2-IM-0523-0001.png,NORMAL2-IM-0523-0001.jpeg,NORMAL,,IM-0523,0,train,1914,1581
NORMAL__NORMAL2-IM-0525-0001.png,NORMAL2-IM-0525-0001.jpeg,NORMAL,,IM-0525,0,train,1929,1802
NORMAL__NORMAL2-IM-0526-0001.png,NORMAL2-IM-0526-0001.jpeg,NORMAL,,IM-0526,0,train,1422,1128
NORMAL__NORMAL2-IM-0528-0001.png,NORMAL2-IM-0528-0001.jpeg,NORMAL,,IM-0528,0,test,1628,1314
NORMAL__NORMAL2-IM-0529-0001.png,NORMAL2-IM-0529-0001.jpeg,NORMAL,,IM-0529,0,train,1388,1029
NORMAL__NORMAL2-IM-0530-0001.png,NORMAL2-IM-0530-0001.jpeg,NORMAL,,IM-0530,0,val,2186,2086
NORMAL__NORMAL2-IM-0531-0001.png,NORMAL2-IM-0531-0001.jpeg,NORMAL,,IM-0531,0,train,1744,1345
NORMAL__NORMAL2-IM-0533-0001.png,NORMAL2-IM-0533-0001.jpeg,NORMAL,,IM-0533,0,train,1924,1797
NORMAL__NORMAL2-IM-0535-0001-0002.png,NORMAL2-IM-0535-0001-0002.jpeg,NORMAL,,IM-0535,0,train,1192,862
NORMAL__NORMAL2-IM-0535-0001.png,NORMAL2-IM-0535-0001.jpeg,NORMAL,,IM-0535,0,train,1682,1519
NORMAL__NORMAL2-IM-0536-0001.png,NORMAL2-IM-0536-0001.jpeg,NORMAL,,IM-0536,0,val,1400,1120
NORMAL__NORMAL2-IM-0537-0001.png,NORMAL2-IM-0537-0001.jpeg,NORMAL,,IM-0537,0,train,2458,1870
NORMAL__NORMAL2-IM-0539-0001.png,NORMAL2-IM-0539-0001.jpeg,NORMAL,,IM-0539,0,train,1845,1761
NORMAL__NORMAL2-IM-0540-0001.png,NORMAL2-IM-0540-0001.jpeg,NORMAL,,IM-0540,0,train,1970,1554
NORMAL__NORMAL2-IM-0541-0001.png,NORMAL2-IM-0541-0001.jpeg,NORMAL,,IM-0541,0,train,2014,1746
NORMAL__NORMAL2-IM-0543-0001.png,NORMAL2-IM-0543-0001.jpeg,NORMAL,,IM-0543,0,train,1410,1244
NORMAL__NORMAL2-IM-0545-0001.png,NORMAL2-IM-0545-0001.jpeg,NORMAL,,IM-0545,0,train,2006,1878
NORMAL__NORMAL2-IM-0547-0001.png,NORMAL2-IM-0547-0001.jpeg,NORMAL,,IM-0547,0,val,2068,1982
NORMAL__NORMAL2-IM-0550-0001.png,NORMAL2-IM-0550-0001.jpeg,NORMAL,,IM-0550,0,val,1404,1333
NORMAL__NORMAL2-IM-0551-0001.png,NORMAL2-IM-0551-0001.jpeg,NORMAL,,IM-0551,0,train,1729,1668
NORMAL__NORMAL2-IM-0552-0001.png,NORMAL2-IM-0552-0001.jpeg,NORMAL,,IM-0552,0,train,1638,1264
NORMAL__NORMAL2-IM-0553-0001.png,NORMAL2-IM-0553-0001.jpeg,NORMAL,,IM-0553,0,train,1708,1248
NORMAL__NORMAL2-IM-0554-0001.png,NORMAL2-IM-0554-0001.jpeg,NORMAL,,IM-0554,0,train,1180,885
NORMAL__NORMAL2-IM-0555-0001-0001.png,NORMAL2-IM-0555-0001-0001.jpeg,NORMAL,,IM-0555,0,test,2056,2206
NORMAL__NORMAL2-IM-0555-0001-0002.png,NORMAL2-IM-0555-0001-0002.jpeg,NORMAL,,IM-0555,0,test,2414,2132
NORMAL__NORMAL2-IM-0555-0001.png,NORMAL2-IM-0555-0001.jpeg,NORMAL,,IM-0555,0,test,1302,958
NORMAL__NORMAL2-IM-0557-0001.png,NORMAL2-IM-0557-0001.jpeg,NORMAL,,IM-0557,0,test,1812,1325
NORMAL__NORMAL2-IM-0558-0001.png,NORMAL2-IM-0558-0001.jpeg,NORMAL,,IM-0558,0,test,1110,944
NORMAL__NORMAL2-IM-0559-0001.png,NORMAL2-IM-0559-0001.jpeg,NORMAL,,IM-0559,0,train,1767,1869
NORMAL__NORMAL2-IM-0561-0001.png,NORMAL2-IM-0561-0001.jpeg,NORMAL,,IM-0561,0,train,1650,1214
NORMAL__NORMAL2-IM-0563-0001.png,NORMAL2-IM-0563-0001.jpeg,NORMAL,,IM-0563,0,val,1546,1425
NORMAL__NORMAL2-IM-0564-0001.png,NORMAL2-IM-0564-0001.jpeg,NORMAL,,IM-0564,0,train,1554,1198
NORMAL__NORMAL2-IM-0566-0001.png,NORMAL2-IM-0566-0001.jpeg,NORMAL,,IM-0566,0,train,1608,1195
NORMAL__NORMAL2-IM-0567-0001.png,NORMAL2-IM-0567-0001.jpeg,NORMAL,,IM-0567,0,train,1962,2169
NORMAL__NORMAL2-IM-0568-0001.png,NORMAL2-IM-0568-0001.jpeg,NORMAL,,IM-0568,0,train,1796,1696
NORMAL__NORMAL2-IM-0569-0001.png,NORMAL2-IM-0569-0001.jpeg,NORMAL,,IM-0569,0,train,1724,1160
NORMAL__NORMAL2-IM-0571-0001.png,NORMAL2-IM-0571-0001.jpeg,NORMAL,,IM-0571,0,train,2124,1630
NORMAL__NORMAL2-IM-0572-0001.png,NORMAL2-IM-0572-0001.jpeg,NORMAL,,IM-0572,0,train,1750,1526
NORMAL__NORMAL2-IM-0573-0001.png,NORMAL2-IM-0573-0001.jpeg,NORMAL,,IM-0573,0,test,1696,1568
NORMAL__NORMAL2-IM-0575-0001.png,NORMAL2-IM-0575-0001.jpeg,NORMAL,,IM-0575,0,train,1688,1469
NORMAL__NORMAL2-IM-0576-0001.png,NORMAL2-IM-0576-0001.jpeg,NORMAL,,IM-0576,0,val,1688,1422
NORMAL__NORMAL2-IM-0577-0001.png,NORMAL2-IM-0577-0001.jpeg,NORMAL,,IM-0577,0,val,1866,1654
NORMAL__NORMAL2-IM-0578-0001.png,NORMAL2-IM-0578-0001.jpeg,NORMAL,,IM-0578,0,test,1894,1688
NORMAL__NORMAL2-IM-0579-0001.png,NORMAL2-IM-0579-0001.jpeg,NORMAL,,IM-0579,0,train,1916,1488
NORMAL__NORMAL2-IM-0580-0001.png,NORMAL2-IM-0580-0001.jpeg,NORMAL,,IM-0580,0,train,1724,1588
NORMAL__NORMAL2-IM-0582-0001.png,NORMAL2-IM-0582-0001.jpeg,NORMAL,,IM-0582,0,train,1484,1190
NORMAL__NORMAL2-IM-0583-0001.png,NORMAL2-IM-0583-0001.jpeg,NORMAL,,IM-0583,0,train,1712,1534
NORMAL__NORMAL2-IM-0585-0001.png,NORMAL2-IM-0585-0001.jpeg,NORMAL,,IM-0585,0,val,1848,1848
NORMAL__NORMAL2-IM-0587-0001-0001.png,NORMAL2-IM-0587-0001-0001.jpeg,NORMAL,,IM-0587,0,train,2428,2540
NORMAL__NORMAL2-IM-0587-0001-0002.png,NORMAL2-IM-0587-0001-0002.jpeg,NORMAL,,IM-0587,0,train,2428,2540
NORMAL__NORMAL2-IM-0587-0001.png,NORMAL2-IM-0587-0001.jpeg,NORMAL,,IM-0587,0,train,1504,1206
NORMAL__NORMAL2-IM-0588-0001.png,NORMAL2-IM-0588-0001.jpeg,NORMAL,,IM-0588,0,train,1218,808
NORMAL__NORMAL2-IM-0589-0001.png,NORMAL2-IM-0589-0001.jpeg,NORMAL,,IM-0589,0,train,1622,1272
NORMAL__NORMAL2-IM-0592-0001.png,NORMAL2-IM-0592-0001.jpeg,NORMAL,,IM-0592,0,test,1450,1210
NORMAL__NORMAL2-IM-0594-0001.png,NORMAL2-IM-0594-0001.jpeg,NORMAL,,IM-0594,0,train,1852,1442
NORMAL__NORMAL2-IM-0595-0001.png,NORMAL2-IM-0595-0001.jpeg,NORMAL,,IM-0595,0,test,1318,1082
NORMAL__NORMAL2-IM-0596-0001.png,NORMAL2-IM-0596-0001.jpeg,NORMAL,,IM-0596,0,train,1496,1314
NORMAL__NORMAL2-IM-0599-0001.png,NORMAL2-IM-0599-0001.jpeg,NORMAL,,IM-0599,0,train,1484,1036
NORMAL__NORMAL2-IM-0600-0001.png,NORMAL2-IM-0600-0001.jpeg,NORMAL,,IM-0600,0,train,1474,1527
NORMAL__NORMAL2-IM-0601-0001.png,NORMAL2-IM-0601-0001.jpeg,NORMAL,,IM-0601,0,train,1906,1909
NORMAL__NORMAL2-IM-0602-0001.png,NORMAL2-IM-0602-0001.jpeg,NORMAL,,IM-0602,0,test,2619,2628
NORMAL__NORMAL2-IM-0603-0001.png,NORMAL2-IM-0603-0001.jpeg,NORMAL,,IM-0603,0,train,2234,1843
NORMAL__NORMAL2-IM-0604-0001.png,NORMAL2-IM-0604-0001.jpeg,NORMAL,,IM-0604,0,train,1700,1437
NORMAL__NORMAL2-IM-0609-0001.png,NORMAL2-IM-0609-0001.jpeg,NORMAL,,IM-0609,0,val,1852,1943
NORMAL__NORMAL2-IM-0611-0001.png,NORMAL2-IM-0611-0001.jpeg,NORMAL,,IM-0611,0,train,1336,864
NORMAL__NORMAL2-IM-0616-0001.png,NORMAL2-IM-0616-0001.jpeg,NORMAL,,IM-0616,0,train,1456,1279
NORMAL__NORMAL2-IM-0617-0001.png,NORMAL2-IM-0617-0001.jpeg,NORMAL,,IM-0617,0,train,1692,1383
NORMAL__NORMAL2-IM-0618-0001.png,NORMAL2-IM-0618-0001.jpeg,NORMAL,,IM-0618,0,train,1534,1121
NORMAL__NORMAL2-IM-0619-0001.png,NORMAL2-IM-0619-0001.jpeg,NORMAL,,IM-0619,0,val,1566,1465
NORMAL__NORMAL2-IM-0620-0001.png,NORMAL2-IM-0620-0001.jpeg,NORMAL,,IM-0620,0,train,1736,1785
NORMAL__NORMAL2-IM-0621-0001.png,NORMAL2-IM-0621-0001.jpeg,NORMAL,,IM-0621,0,train,1979,1978
NORMAL__NORMAL2-IM-0622-0001.png,NORMAL2-IM-0622-0001.jpeg,NORMAL,,IM-0622,0,test,2114,1812
NORMAL__NORMAL2-IM-0623-0001.png,NORMAL2-IM-0623-0001.jpeg,NORMAL,,IM-0623,0,train,1808,1542
NORMAL__NORMAL2-IM-0626-0001.png,NORMAL2-IM-0626-0001.jpeg,NORMAL,,IM-0626,0,train,1820,1476
NORMAL__NORMAL2-IM-0627-0001.png,NORMAL2-IM-0627-0001.jpeg,NORMAL,,IM-0627,0,train,2400,2121
NORMAL__NORMAL2-IM-0629-0001.png,NORMAL2-IM-0629-0001.jpeg,NORMAL,,IM-0629,0,train,1558,1380
NORMAL__NORMAL2-IM-0630-0001.png,NORMAL2-IM-0630-0001.jpeg,NORMAL,,IM-0630,0,test,1600,1329
NORMAL__NORMAL2-IM-0633-0001.png,NORMAL2-IM-0633-0001.jpeg,NORMAL,,IM-0633,0,val,1670,1279
NORMAL__NORMAL2-IM-0634-0001.png,NORMAL2-IM-0634-0001.jpeg,NORMAL,,IM-0634,0,train,1418,1048
NORMAL__NORMAL2-IM-0635-0001.png,NORMAL2-IM-0635-0001.jpeg,NORMAL,,IM-0635,0,val,1400,1070
NORMAL__NORMAL2-IM-0636-0001.png,NORMAL2-IM-0636-0001.jpeg,NORMAL,,IM-0636,0,train,1376,1051
NORMAL__NORMAL2-IM-0637-0001.png,NORMAL2-IM-0637-0001.jpeg,NORMAL,,IM-0637,0,train,1604,1248
NORMAL__NORMAL2-IM-0640-0001.png,NORMAL2-IM-0640-0001.jpeg,NORMAL,,IM-0640,0,train,1510,1136
NORMAL__NORMAL2-IM-0641-0001.png,NORMAL2-IM-0641-0001.jpeg,NORMAL,,IM-0641,0,train,1920,1816
NORMAL__NORMAL2-IM-0642-0001.png,NORMAL2-IM-0642-0001.jpeg,NORMAL,,IM-0642,0,train,1546,1368
NORMAL__NORMAL2-IM-0643-0001.png,NORMAL2-IM-0643-0001.jpeg,NORMAL,,IM-0643,0,val,1902,1495
NORMAL__NORMAL2-IM-0645-0001.png,NORMAL2-IM-0645-0001.jpeg,NORMAL,,IM-0645,0,train,1510,1175
NORMAL__NORMAL2-IM-0647-0001.png,NORMAL2-IM-0647-0001.jpeg,NORMAL,,IM-0647,0,train,1682,1619
NORMAL__NORMAL2-IM-0648-0001.png,NORMAL2-IM-0648-0001.jpeg,NORMAL,,IM-0648,0,train,1462,1245
NORMAL__NORMAL2-IM-0649-0001.png,NORMAL2-IM-0649-0001.jpeg,NORMAL,,IM-0649,0,train,1518,1194
NORMAL__NORMAL2-IM-0650-0001.png,NORMAL2-IM-0650-0001.jpeg,NORMAL,,IM-0650,0,test,1528,1327
NORMAL__NORMAL2-IM-0651-0001.png,NORMAL2-IM-0651-0001.jpeg,NORMAL,,IM-0651,0,train,1955,1672
NORMAL__NORMAL2-IM-0651-0004.png,NORMAL2-IM-0651-0004.jpeg,NORMAL,,IM-0651,0,train,1686,1231
NORMAL__NORMAL2-IM-0652-0001.png,NORMAL2-IM-0652-0001.jpeg,NORMAL,,IM-0652,0,train,1422,1125
NORMAL__NORMAL2-IM-0653-0001.png,NORMAL2-IM-0653-0001.jpeg,NORMAL,,IM-0653,0,train,1966,1499
NORMAL__NORMAL2-IM-0654-0001.png,NORMAL2-IM-0654-0001.jpeg,NORMAL,,IM-0654,0,train,1670,1144
NORMAL__NORMAL2-IM-0655-0001.png,NORMAL2-IM-0655-0001.jpeg,NORMAL,,IM-0655,0,test,1802,1407
NORMAL__NORMAL2-IM-0657-0001.png,NORMAL2-IM-0657-0001.jpeg,NORMAL,,IM-0657,0,val,1524,1295
NORMAL__NORMAL2-IM-0659-0001.png,NORMAL2-IM-0659-0001.jpeg,NORMAL,,IM-0659,0,train,1438,1187
NORMAL__NORMAL2-IM-0660-0001.png,NORMAL2-IM-0660-0001.jpeg,NORMAL,,IM-0660,0,val,1264,950
NORMAL__NORMAL2-IM-0661-0001.png,NORMAL2-IM-0661-0001.jpeg,NORMAL,,IM-0661,0,train,2144,2028
NORMAL__NORMAL2-IM-0662-0001.png,NORMAL2-IM-0662-0001.jpeg,NORMAL,,IM-0662,0,train,1418,1020
NORMAL__NORMAL2-IM-0663-0001.png,NORMAL2-IM-0663-0001.jpeg,NORMAL,,IM-0663,0,train,2090,1932
NORMAL__NORMAL2-IM-0664-0001.png,NORMAL2-IM-0664-0001.jpeg,NORMAL,,IM-0664,0,train,1878,1647
NORMAL__NORMAL2-IM-0665-0001.png,NORMAL2-IM-0665-0001.jpeg,NORMAL,,IM-0665,0,test,1186,769
NORMAL__NORMAL2-IM-0666-0001.png,NORMAL2-IM-0666-0001.jpeg,NORMAL,,IM-0666,0,test,1920,1750
NORMAL__NORMAL2-IM-0667-0001.png,NORMAL2-IM-0667-0001.jpeg,NORMAL,,IM-0667,0,val,1566,1210
NORMAL__NORMAL2-IM-0668-0001.png,NORMAL2-IM-0668-0001.jpeg,NORMAL,,IM-0668,0,train,1600,1542
NORMAL__NORMAL2-IM-0669-0001.png,NORMAL2-IM-0669-0001.jpeg,NORMAL,,IM-0669,0,test,1692,1735
NORMAL__NORMAL2-IM-0671-0001.png,NORMAL2-IM-0671-0001.jpeg,NORMAL,,IM-0671,0,train,1546,1205
NORMAL__NORMAL2-IM-0672-0001.png,NORMAL2-IM-0672-0001.jpeg,NORMAL,,IM-0672,0,train,1576,1383
NORMAL__NORMAL2-IM-0673-0001.png,NORMAL2-IM-0673-0001.jpeg,NORMAL,,IM-0673,0,train,1616,1318
NORMAL__NORMAL2-IM-0675-0001.png,NORMAL2-IM-0675-0001.jpeg,NORMAL,,IM-0675,0,train,1460,1233
NORMAL__NORMAL2-IM-0678-0001.png,NORMAL2-IM-0678-0001.jpeg,NORMAL,,IM-0678,0,test,1634,1183
NORMAL__NORMAL2-IM-0680-0001.png,NORMAL2-IM-0680-0001.jpeg,NORMAL,,IM-0680,0,train,1592,1344
NORMAL__NORMAL2-IM-0682-0001.png,NORMAL2-IM-0682-0001.jpeg,NORMAL,,IM-0682,0,train,1778,1492
NORMAL__NORMAL2-IM-0683-0001.png,NORMAL2-IM-0683-0001.jpeg,NORMAL,,IM-0683,0,train,1538,1222
NORMAL__NORMAL2-IM-0684-0001-0001.png,NORMAL2-IM-0684-0001-0001.jpeg,NORMAL,,IM-0684,0,val,1857,1815
NORMAL__NORMAL2-IM-0686-0001.png,NORMAL2-IM-0686-0001.jpeg,NORMAL,,IM-0686,0,test,1512,1325
NORMAL__NORMAL2-IM-0687-0001.png,NORMAL2-IM-0687-0001.jpeg,NORMAL,,IM-0687,0,train,1504,1244
NORMAL__NORMAL2-IM-0689-0001.png,NORMAL2-IM-0689-0001.jpeg,NORMAL,,IM-0689,0,train,1244,1097
NORMAL__NORMAL2-IM-0690-0001.png,NORMAL2-IM-0690-0001.jpeg,NORMAL,,IM-0690,0,train,1198,897
NORMAL__NORMAL2-IM-0692-0001.png,NORMAL2-IM-0692-0001.jpeg,NORMAL,,IM-0692,0,test,1724,1534
NORMAL__NORMAL2-IM-0693-0001.png,NORMAL2-IM-0693-0001.jpeg,NORMAL,,IM-0693,0,train,2020,1700
NORMAL__NORMAL2-IM-0694-0001.png,NORMAL2-IM-0694-0001.jpeg,NORMAL,,IM-0694,0,train,2018,1881
NORMAL__NORMAL2-IM-0695-0001.png,NORMAL2-IM-0695-0001.jpeg,NORMAL,,IM-0695,0,train,1500,1294
NORMAL__NORMAL2-IM-0696-0001.png,NORMAL2-IM-0696-0001.jpeg,NORMAL,,IM-0696,0,train,1802,1422
NORMAL__NORMAL2-IM-0698-0001.png,NORMAL2-IM-0698-0001.jpeg,NORMAL,,IM-0698,0,test,1554,1245
NORMAL__NORMAL2-IM-0699-0001.png,NORMAL2-IM-0699-0001.jpeg,NORMAL,,IM-0699,0,train,1920,1920
NORMAL__NORMAL2-IM-0700-0001.png,NORMAL2-IM-0700-0001.jpeg,NORMAL,,IM-0700,0,train,1874,1774
NORMAL__NORMAL2-IM-0702-0001.png,NORMAL2-IM-0702-0001.jpeg,NORMAL,,IM-0702,0,train,2514,2264
NORMAL__NORMAL2-IM-0705-0001.png,NORMAL2-IM-0705-0001.jpeg,NORMAL,,IM-0705,0,train,1960,1648
NORMAL__NORMAL2-IM-0707-0001.png,NORMAL2-IM-0707-0001.jpeg,NORMAL,,IM-0707,0,train,1384,1208
NORMAL__NORMAL2-IM-0718-0001.png,NORMAL2-IM-0718-0001.jpeg,NORMAL,,IM-0718,0,val,1248,1136
NORMAL__NORMAL2-IM-0719-0001.png,NORMAL2-IM-0719-0001.jpeg,NORMAL,,IM-0719,0,train,1616,1408
NORMAL__NORMAL2-IM-0723-0001.png,NORMAL2-IM-0723-0001.jpeg,NORMAL,,IM-0723,0,train,1168,960
NORMAL__NORMAL2-IM-0725-0001.png,NORMAL2-IM-0725-0001.jpeg,NORMAL,,IM-0725,0,train,1088,824
NORMAL__NORMAL2-IM-0727-0001.png,NORMAL2-IM-0727-0001.jpeg,NORMAL,,IM-0727,0,train,1672,1432
NORMAL__NORMAL2-IM-0730-0001.png,NORMAL2-IM-0730-0001.jpeg,NORMAL,,IM-0730,0,train,1672,1328
NORMAL__NORMAL2-IM-0736-0001.png,NORMAL2-IM-0736-0001.jpeg,NORMAL,,IM-0736,0,test,1432,1184
NORMAL__NORMAL2-IM-0741-0001.png,NORMAL2-IM-0741-0001.jpeg,NORMAL,,IM-0741,0,train,1240,1064
NORMAL__NORMAL2-IM-0744-0001.png,NORMAL2-IM-0744-0001.jpeg,NORMAL,,IM-0744,0,train,1416,1296
NORMAL__NORMAL2-IM-0746-0001.png,NORMAL2-IM-0746-0001.jpeg,NORMAL,,IM-0746,0,train,1456,1272
NORMAL__NORMAL2-IM-0749-0001.png,NORMAL2-IM-0749-0001.jpeg,NORMAL,,IM-0749,0,train,1412,1066
NORMAL__NORMAL2-IM-0753-0001.png,NORMAL2-IM-0753-0001.jpeg,NORMAL,,IM-0753,0,train,1088,968
NORMAL__NORMAL2-IM-0757-0001.png,NORMAL2-IM-0757-0001.jpeg,NORMAL,,IM-0757,0,train,1160,904
NORMAL__NORMAL2-IM-0765-0001.png,NORMAL2-IM-0765-0001.jpeg,NORMAL,,IM-0765,0,train,1264,984
NORMAL__NORMAL2-IM-0771-0001.png,NORMAL2-IM-0771-0001.jpeg,NORMAL,,IM-0771,0,train,1336,1128
NORMAL__NORMAL2-IM-0772-0001.png,NORMAL2-IM-0772-0001.jpeg,NORMAL,,IM-0772,0,val,1376,1048
NORMAL__NORMAL2-IM-0774-0001.png,NORMAL2-IM-0774-0001.jpeg,NORMAL,,IM-0774,0,train,2510,2543
NORMAL__NORMAL2-IM-0775-0001.png,NORMAL2-IM-0775-0001.jpeg,NORMAL,,IM-0775,0,train,1310,1136
NORMAL__NORMAL2-IM-0776-0001.png,NORMAL2-IM-0776-0001.jpeg,NORMAL,,IM-0776,0,train,1744,1769
NORMAL__NORMAL2-IM-0777-0001.png,NORMAL2-IM-0777-0001.jpeg,NORMAL,,IM-0777,0,val,1522,1407
NORMAL__NORMAL2-IM-0780-0001.png,NORMAL2-IM-0780-0001.jpeg,NORMAL,,IM-0780,0,test,1709,1787
NORMAL__NORMAL2-IM-0781-0001.png,NORMAL2-IM-0781-0001.jpeg,NORMAL,,IM-0781,0,test,2276,2221
NORMAL__NORMAL2-IM-0790-0001.png,NORMAL2-IM-0790-0001.jpeg,NORMAL,,IM-0790,0,train,1624,1280
NORMAL__NORMAL2-IM-0793-0001.png,NORMAL2-IM-0793-0001.jpeg,NORMAL,,IM-0793,0,train,2179,1604
NORMAL__NORMAL2-IM-0796-0001.png,NORMAL2-IM-0796-0001.jpeg,NORMAL,,IM-0796,0,train,1554,1136
NORMAL__NORMAL2-IM-0797-0001.png,NORMAL2-IM-0797-0001.jpeg,NORMAL,,IM-0797,0,train,1612,1515
NORMAL__NORMAL2-IM-0798-0001.png,NORMAL2-IM-0798-0001.jpeg,NORMAL,,IM-0798,0,train,1450,1051
NORMAL__NORMAL2-IM-0799-0001.png,NORMAL2-IM-0799-0001.jpeg,NORMAL,,IM-0799,0,train,1856,1333
NORMAL__NORMAL2-IM-0803-0001.png,NORMAL2-IM-0803-0001.jpeg,NORMAL,,IM-0803,0,train,1740,1279
NORMAL__NORMAL2-IM-0804-0001.png,NORMAL2-IM-0804-0001.jpeg,NORMAL,,IM-0804,0,train,1646,1391
NORMAL__NORMAL2-IM-0806-0001.png,NORMAL2-IM-0806-0001.jpeg,NORMAL,,IM-0806,0,test,1508,1337
NORMAL__NORMAL2-IM-0807-0001.png,NORMAL2-IM-0807-0001.jpeg,NORMAL,,IM-0807,0,val,1496,1337
NORMAL__NORMAL2-IM-0808-0001.png,NORMAL2-IM-0808-0001.jpeg,NORMAL,,IM-0808,0,train,1932,1908
NORMAL__NORMAL2-IM-0809-0001.png,NORMAL2-IM-0809-0001.jpeg,NORMAL,,IM-0809,0,val,1322,978
NORMAL__NORMAL2-IM-0810-0001.png,NORMAL2-IM-0810-0001.jpeg,NORMAL,,IM-0810,0,train,1638,1279
NORMAL__NORMAL2-IM-0811-0001.png,NORMAL2-IM-0811-0001.jpeg,NORMAL,,IM-0811,0,test,1678,1368
NORMAL__NORMAL2-IM-0812-0001.png,NORMAL2-IM-0812-0001.jpeg,NORMAL,,IM-0812,0,val,1754,1341
NORMAL__NORMAL2-IM-0814-0001.png,NORMAL2-IM-0814-0001.jpeg,NORMAL,,IM-0814,0,train,1736,1399
NORMAL__NORMAL2-IM-0815-0001.png,NORMAL2-IM-0815-0001.jpeg,NORMAL,,IM-0815,0,train,1554,1067
NORMAL__NORMAL2-IM-0816-0001.png,NORMAL2-IM-0816-0001.jpeg,NORMAL,,IM-0816,0,train,1642,1422
NORMAL__NORMAL2-IM-0818-0001-0002.png,NORMAL2-IM-0818-0001-0002.jpeg,NORMAL,,IM-0818,0,train,1679,1914
NORMAL__NORMAL2-IM-0818-0001.png,NORMAL2-IM-0818-0001.jpeg,NORMAL,,IM-0818,0,train,1874,1670
NORMAL__NORMAL2-IM-0819-0001.png,NORMAL2-IM-0819-0001.jpeg,NORMAL,,IM-0819,0,test,1796,1283
NORMAL__NORMAL2-IM-0820-0001.png,NORMAL2-IM-0820-0001.jpeg,NORMAL,,IM-0820,0,train,1620,1438
NORMAL__NORMAL2-IM-0821-0001.png,NORMAL2-IM-0821-0001.jpeg,NORMAL,,IM-0821,0,test,1836,1487
NORMAL__NORMAL2-IM-0822-0001.png,NORMAL2-IM-0822-0001.jpeg,NORMAL,,IM-0822,0,train,1904,1461
NORMAL__NORMAL2-IM-0824-0001.png,NORMAL2-IM-0824-0001.jpeg,NORMAL,,IM-0824,0,train,1230,993
NORMAL__NORMAL2-IM-0825-0001.png,NORMAL2-IM-0825-0001.jpeg,NORMAL,,IM-0825,0,test,1720,1507
NORMAL__NORMAL2-IM-0826-0001.png,NORMAL2-IM-0826-0001.jpeg,NORMAL,,IM-0826,0,train,1450,1020
NORMAL__NORMAL2-IM-0827-0001.png,NORMAL2-IM-0827-0001.jpeg,NORMAL,,IM-0827,0,train,1646,1588
NORMAL__NORMAL2-IM-0828-0001.png,NORMAL2-IM-0828-0001.jpeg,NORMAL,,IM-0828,0,train,2553,2305
NORMAL__NORMAL2-IM-0829-0001.png,NORMAL2-IM-0829-0001.jpeg,NORMAL,,IM-0829,0,train,1144,966
NORMAL__NORMAL2-IM-0830-0001.png,NORMAL2-IM-0830-0001.jpeg,NORMAL,,IM-0830,0,val,1386,1158
NORMAL__NORMAL2-IM-0831-0001.png,NORMAL2-IM-0831-0001.jpeg,NORMAL,,IM-0831,0,train,2032,2016
NORMAL__NORMAL2-IM-0832-0001-0001.png,NORMAL2-IM-0832-0001-0001.jpeg,NORMAL,,IM-0832,0,test,1632,1186
NORMAL__NORMAL2-IM-0832-0001-0002.png,NORMAL2-IM-0832-0001-0002.jpeg,NORMAL,,IM-0832,0,test,1426,1206
NORMAL__NORMAL2-IM-0832-0001.png,NORMAL2-IM-0832-0001.jpeg,NORMAL,,IM-0832,0,test,1538,1164
NORMAL__NORMAL2-IM-0833-0001.png,NORMAL2-IM-0833-0001.jpeg,NORMAL,,IM-0833,0,train,1800,1499
NORMAL__NORMAL2-IM-0834-0001.png,NORMAL2-IM-0834-0001.jpeg,NORMAL,,IM-0834,0,val,2031,1693
NORMAL__NORMAL2-IM-0836-0001.png,NORMAL2-IM-0836-0001.jpeg,NORMAL,,IM-0836,0,val,1666,1507
NORMAL__NORMAL2-IM-0837-0001.png,NORMAL2-IM-0837-0001.jpeg,NORMAL,,IM-0837,0,train,1566,1248
NORMAL__NORMAL2-IM-0838-0001.png,NORMAL2-IM-0838-0001.jpeg,NORMAL,,IM-0838,0,train,1300,1051
NORMAL__NORMAL2-IM-0839-0001.png,NORMAL2-IM-0839-0001.jpeg,NORMAL,,IM-0839,0,train,1882,1855
NORMAL__NORMAL2-IM-0840-0001.png,NORMAL2-IM-0840-0001.jpeg,NORMAL,,IM-0840,0,train,1786,1175
NORMAL__NORMAL2-IM-0841-0001.png,NORMAL2-IM-0841-0001.jpeg,NORMAL,,IM-0841,0,train,2132,2017
NORMAL__NORMAL2-IM-0842-0001.png,NORMAL2-IM-0842-0001.jpeg,NORMAL,,IM-0842,0,train,1658,1294
NORMAL__NORMAL2-IM-0843-0001.png,NORMAL2-IM-0843-0001.jpeg,NORMAL,,IM-0843,0,train,1708,1468
NORMAL__NORMAL2-IM-0845-0001.png,NORMAL2-IM-0845-0001.jpeg,NORMAL,,IM-0845,0,val,1698,1473
NORMAL__NORMAL2-IM-0846-0001.png,NORMAL2-IM-0846-0001.jpeg,NORMAL,,IM-0846,0,train,1952,1967
NORMAL__NORMAL2-IM-0847-0001.png,NORMAL2-IM-0847-0001.jpeg,NORMAL,,IM-0847,0,train,1566,1353
NORMAL__NORMAL2-IM-0848-0001.png,NORMAL2-IM-0848-0001.jpeg,NORMAL,,IM-0848,0,test,1514,1032
NORMAL__NORMAL2-IM-0849-0001.png,NORMAL2-IM-0849-0001.jpeg,NORMAL,,IM-0849,0,train,1704,1283
NORMAL__NORMAL2-IM-0851-0001-0001.png,NORMAL2-IM-0851-0001-0001.jpeg,NORMAL,,IM-0851,0,train,1562,1164
NORMAL__NORMAL2-IM-0851-0001-0002.png,NORMAL2-IM-0851-0001-0002.jpeg,NORMAL,,IM-0851,0,train,1782,1437
NORMAL__NORMAL2-IM-0851-0001.png,NORMAL2-IM-0851-0001.jpeg,NORMAL,,IM-0851,0,train,1442,1229
NORMAL__NORMAL2-IM-0852-0001.png,NORMAL2-IM-0852-0001.jpeg,NORMAL,,IM-0852,0,train,1360,1167
NORMAL__NORMAL2-IM-0853-0001.png,NORMAL2-IM-0853-0001.jpeg,NORMAL,,IM-0853,0,val,1554,1151
NORMAL__NORMAL2-IM-0854-0001.png,NORMAL2-IM-0854-0001.jpeg,NORMAL,,IM-0854,0,train,1662,1194
NORMAL__NORMAL2-IM-0855-0001.png,NORMAL2-IM-0855-0001.jpeg,NORMAL,,IM-0855,0,val,1675,1428
NORMAL__NORMAL2-IM-0856-0001.png,NORMAL2-IM-0856-0001.jpeg,NORMAL,,IM-0856,0,train,1395,1312
NORMAL__NORMAL2-IM-0857-0001.png,NORMAL2-IM-0857-0001.jpeg,NORMAL,,IM-0857,0,train,1586,1306
NORMAL__NORMAL2-IM-0858-0001.png,NORMAL2-IM-0858-0001.jpeg,NORMAL,,IM-0858,0,train,1558,1259
NORMAL__NORMAL2-IM-0859-0001.png,NORMAL2-IM-0859-0001.jpeg,NORMAL,,IM-0859,0,train,1906,1527
NORMAL__NORMAL2-IM-0860-0001.png,NORMAL2-IM-0860-0001.jpeg,NORMAL,,IM-0860,0,val,1704,1553
NORMAL__NORMAL2-IM-0862-0001.png,NORMAL2-IM-0862-0001.jpeg,NORMAL,,IM-0862,0,train,1570,1310
NORMAL__NORMAL2-IM-0863-0001.png,NORMAL2-IM-0863-0001.jpeg,NORMAL,,IM-0863,0,train,1770,1472
NORMAL__NORMAL2-IM-0865-0001.png,NORMAL2-IM-0865-0001.jpeg,NORMAL,,IM-0865,0,val,2180,2085
NORMAL__NORMAL2-IM-0866-0001.png,NORMAL2-IM-0866-0001.jpeg,NORMAL,,IM-0866,0,train,1414,1206
NORMAL__NORMAL2-IM-0867-0001.png,NORMAL2-IM-0867-0001.jpeg,NORMAL,,IM-0867,0,train,1334,994
NORMAL__NORMAL2-IM-0868-0001.png,NORMAL2-IM-0868-0001.jpeg,NORMAL,,IM-0868,0,train,1504,1283
NORMAL__NORMAL2-IM-0869-0001.png,NORMAL2-IM-0869-0001.jpeg,NORMAL,,IM-0869,0,test,1534,1063
NORMAL__NORMAL2-IM-0870-0001.png,NORMAL2-IM-0870-0001.jpeg,NORMAL,,IM-0870,0,train,1480,1228
NORMAL__NORMAL2-IM-0871-0001.png,NORMAL2-IM-0871-0001.jpeg,NORMAL,,IM-0871,0,train,1632,1260
NORMAL__NORMAL2-IM-0872-0001.png,NORMAL2-IM-0872-0001.jpeg,NORMAL,,IM-0872,0,train,1156,804
NORMAL__NORMAL2-IM-0873-0001.png,NORMAL2-IM-0873-0001.jpeg,NORMAL,,IM-0873,0,train,1210,1017
NORMAL__NORMAL2-IM-0874-0001.png,NORMAL2-IM-0874-0001.jpeg,NORMAL,,IM-0874,0,train,1748,1299
NORMAL__NORMAL2-IM-0875-0001.png,NORMAL2-IM-0875-0001.jpeg,NORMAL,,IM-0875,0,train,2094,1912
NORMAL__NORMAL2-IM-0876-0001.png,NORMAL2-IM-0876-0001.jpeg,NORMAL,,IM-0876,0,train,1874,1187
NORMAL__NORMAL2-IM-0877-0001.png,NORMAL2-IM-0877-0001.jpeg,NORMAL,,IM-0877,0,test,1584,1407
NORMAL__NORMAL2-IM-0879-0001.png,NORMAL2-IM-0879-0001.jpeg,NORMAL,,IM-0879,0,train,1454,1078
NORMAL__NORMAL2-IM-0880-0001.png,NORMAL2-IM-0880-0001.jpeg,NORMAL,,IM-0880,0,train,1426,1055
NORMAL__NORMAL2-IM-0881-0001.png,NORMAL2-IM-0881-0001.jpeg,NORMAL,,IM-0881,0,test,1600,1464
NORMAL__NORMAL2-IM-0882-0001.png,NORMAL2-IM-0882-0001.jpeg,NORMAL,,IM-0882,0,train,2090,1743
NORMAL__NORMAL2-IM-0885-0001.png,NORMAL2-IM-0885-0001.jpeg,NORMAL,,IM-0885,0,train,1268,900
NORMAL__NORMAL2-IM-0886-0001.png,NORMAL2-IM-0886-0001.jpeg,NORMAL,,IM-0886,0,train,1816,1607
NORMAL__NORMAL2-IM-0887-0001.png,NORMAL2-IM-0887-0001.jpeg,NORMAL,,IM-0887,0,val,1496,1094
NORMAL__NORMAL2-IM-0888-0001.png,NORMAL2-IM-0888-0001.jpeg,NORMAL,,IM-0888,0,train,2450,2145
NORMAL__NORMAL2-IM-0890-0001.png,NORMAL2-IM-0890-0001.jpeg,NORMAL,,IM-0890,0,val,1744,1532
NORMAL__NORMAL2-IM-0892-0001.png,NORMAL2-IM-0892-0001.jpeg,NORMAL,,IM-0892,0,train,2022,1947
NORMAL__NORMAL2-IM-0893-0001.png,NORMAL2-IM-0893-0001.jpeg,NORMAL,,IM-0893,0,test,1292,885
NORMAL__NORMAL2-IM-0894-0001.png,NORMAL2-IM-0894-0001.jpeg,NORMAL,,IM-0894,0,train,1808,1383
NORMAL__NORMAL2-IM-0895-0001.png,NORMAL2-IM-0895-0001.jpeg,NORMAL,,IM-0895,0,train,1434,1036
NORMAL__NORMAL2-IM-0896-0001.png,NORMAL2-IM-0896-0001.jpeg,NORMAL,,IM-0896,0,train,1732,1666
NORMAL__NORMAL2-IM-0897-0001.png,NORMAL2-IM-0897-0001.jpeg,NORMAL,,IM-0897,0,train,1676,1400
NORMAL__NORMAL2-IM-0898-0001.png,NORMAL2-IM-0898-0001.jpeg,NORMAL,,IM-0898,0,train,1418,1078
NORMAL__NORMAL2-IM-0899-0001.png,NORMAL2-IM-0899-0001.jpeg,NORMAL,,IM-0899,0,val,2427,2374
NORMAL__NORMAL2-IM-0900-0001.png,NORMAL2-IM-0900-0001.jpeg,NORMAL,,IM-0900,0,train,1554,1271
NORMAL__NORMAL2-IM-0903-0001.png,NORMAL2-IM-0903-0001.jpeg,NORMAL,,IM-0903,0,test,1496,1155
NORMAL__NORMAL2-IM-0904-0001.png,NORMAL2-IM-0904-0001.jpeg,NORMAL,,IM-0904,0,train,2534,2169
NORMAL__NORMAL2-IM-0905-0001.png,NORMAL2-IM-0905-0001.jpeg,NORMAL,,IM-0905,0,val,1546,1307
NORMAL__NORMAL2-IM-0906-0001.png,NORMAL2-IM-0906-0001.jpeg,NORMAL,,IM-0906,0,train,1824,1565
NORMAL__NORMAL2-IM-0907-0001.png,NORMAL2-IM-0907-0001.jpeg,NORMAL,,IM-0907,0,train,1720,1642
NORMAL__NORMAL2-IM-0908-0001.png,NORMAL2-IM-0908-0001.jpeg,NORMAL,,IM-0908,0,test,1402,1105
NORMAL__NORMAL2-IM-0909-0001.png,NORMAL2-IM-0909-0001.jpeg,NORMAL,,IM-0909,0,train,1948,1905
NORMAL__NORMAL2-IM-0910-0001.png,NORMAL2-IM-0910-0001.jpeg,NORMAL,,IM-0910,0,train,1754,1179
NORMAL__NORMAL2-IM-0911-0001.png,NORMAL2-IM-0911-0001.jpeg,NORMAL,,IM-0911,0,train,2251,1853
NORMAL__NORMAL2-IM-0912-0001.png,NORMAL2-IM-0912-0001.jpeg,NORMAL,,IM-0912,0,train,1244,1005
NORMAL__NORMAL2-IM-0913-0001.png,NORMAL2-IM-0913-0001.jpeg,NORMAL,,IM-0913,0,train,1508,1240
NORMAL__NORMAL2-IM-0914-0001.png,NORMAL2-IM-0914-0001.jpeg,NORMAL,,IM-0914,0,train,1430,1113
NORMAL__NORMAL2-IM-0915-0001.png,NORMAL2-IM-0915-0001.jpeg,NORMAL,,IM-0915,0,test,1276,1036
NORMAL__NORMAL2-IM-0917-0001.png,NORMAL2-IM-0917-0001.jpeg,NORMAL,,IM-0917,0,train,1492,1148
NORMAL__NORMAL2-IM-0918-0001.png,NORMAL2-IM-0918-0001.jpeg,NORMAL,,IM-0918,0,val,1450,1275
NORMAL__NORMAL2-IM-0919-0001.png,NORMAL2-IM-0919-0001.jpeg,NORMAL,,IM-0919,0,train,2148,1773
NORMAL__NORMAL2-IM-0922-0001.png,NORMAL2-IM-0922-0001.jpeg,NORMAL,,IM-0922,0,train,1508,1140
NORMAL__NORMAL2-IM-0923-0001.png,NORMAL2-IM-0923-0001.jpeg,NORMAL,,IM-0923,0,train,1820,1619
NORMAL__NORMAL2-IM-0924-0001.png,NORMAL2-IM-0924-0001.jpeg,NORMAL,,IM-0924,0,train,1692,1364
NORMAL__NORMAL2-IM-0925-0001.png,NORMAL2-IM-0925-0001.jpeg,NORMAL,,IM-0925,0,val,1886,1916
NORMAL__NORMAL2-IM-0926-0001.png,NORMAL2-IM-0926-0001.jpeg,NORMAL,,IM-0926,0,val,1586,1217
NORMAL__NORMAL2-IM-0927-0001.png,NORMAL2-IM-0927-0001.jpeg,NORMAL,,IM-0927,0,test,2359,2234
NORMAL__NORMAL2-IM-0929-0001.png,NORMAL2-IM-0929-0001.jpeg,NORMAL,,IM-0929,0,test,1906,1627
NORMAL__NORMAL2-IM-0930-0001.png,NORMAL2-IM-0930-0001.jpeg,NORMAL,,IM-0930,0,train,1666,1171
NORMAL__NORMAL2-IM-0931-0001.png,NORMAL2-IM-0931-0001.jpeg,NORMAL,,IM-0931,0,train,1774,1662
NORMAL__NORMAL2-IM-0932-0001.png,NORMAL2-IM-0932-0001.jpeg,NORMAL,,IM-0932,0,val,1650,1078
NORMAL__NORMAL2-IM-0933-0001.png,NORMAL2-IM-0933-0001.jpeg,NORMAL,,IM-0933,0,train,1372,1164
NORMAL__NORMAL2-IM-0934-0001.png,NORMAL2-IM-0934-0001.jpeg,NORMAL,,IM-0934,0,test,1508,1349
NORMAL__NORMAL2-IM-0935-0001.png,NORMAL2-IM-0935-0001.jpeg,NORMAL,,IM-0935,0,train,1662,1276
NORMAL__NORMAL2-IM-0936-0001.png,NORMAL2-IM-0936-0001.jpeg,NORMAL,,IM-0936,0,train,1582,1418
NORMAL__NORMAL2-IM-0937-0001.png,NORMAL2-IM-0937-0001.jpeg,NORMAL,,IM-0937,0,train,1642,1496
NORMAL__NORMAL2-IM-0939-0001.png,NORMAL2-IM-0939-0001.jpeg,NORMAL,,IM-0939,0,train,2342,2399
NORMAL__NORMAL2-IM-0941-0001.png,NORMAL2-IM-0941-0001.jpeg,NORMAL,,IM-0941,0,val,1704,1499
NORMAL__NORMAL2-IM-0942-0001.png,NORMAL2-IM-0942-0001.jpeg,NORMAL,,IM-0942,0,train,1746,1812
NORMAL__NORMAL2-IM-0944-0001.png,NORMAL2-IM-0944-0001.jpeg,NORMAL,,IM-0944,0,train,2566,2321
NORMAL__NORMAL2-IM-0945-0001.png,NORMAL2-IM-0945-0001.jpeg,NORMAL,,IM-0945,0,train,1268,924
NORMAL__NORMAL2-IM-0946-0001.png,NORMAL2-IM-0946-0001.jpeg,NORMAL,,IM-0946,0,train,1654,1313
NORMAL__NORMAL2-IM-0947-0001.png,NORMAL2-IM-0947-0001.jpeg,NORMAL,,IM-0947,0,test,1662,1241
NORMAL__NORMAL2-IM-0948-0001.png,NORMAL2-IM-0948-0001.jpeg,NORMAL,,IM-0948,0,train,1994,1839
NORMAL__NORMAL2-IM-0949-0001.png,NORMAL2-IM-0949-0001.jpeg,NORMAL,,IM-0949,0,train,1646,1410
NORMAL__NORMAL2-IM-0950-0001.png,NORMAL2-IM-0950-0001.jpeg,NORMAL,,IM-0950,0,val,1802,1437
NORMAL__NORMAL2-IM-0951-0001.png,NORMAL2-IM-0951-0001.jpeg,NORMAL,,IM-0951,0,train,1558,1279
NORMAL__NORMAL2-IM-0952-0001.png,NORMAL2-IM-0952-0001.jpeg,NORMAL,,IM-0952,0,test,1554,1229
NORMAL__NORMAL2-IM-0954-0001.png,NORMAL2-IM-0954-0001.jpeg,NORMAL,,IM-0954,0,train,1570,1499
NORMAL__NORMAL2-IM-0955-0001.png,NORMAL2-IM-0955-0001.jpeg,NORMAL,,IM-0955,0,train,1770,1325
NORMAL__NORMAL2-IM-0956-0001.png,NORMAL2-IM-0956-0001.jpeg,NORMAL,,IM-0956,0,train,1334,1171
NORMAL__NORMAL2-IM-0957-0001.png,NORMAL2-IM-0957-0001.jpeg,NORMAL,,IM-0957,0,test,2633,2578
NORMAL__NORMAL2-IM-0959-0001.png,NORMAL2-IM-0959-0001.jpeg,NORMAL,,IM-0959,0,train,1128,966
NORMAL__NORMAL2-IM-0960-0001.png,NORMAL2-IM-0960-0001.jpeg,NORMAL,,IM-0960,0,train,1862,1429
NORMAL__NORMAL2-IM-0961-0001.png,NORMAL2-IM-0961-0001.jpeg,NORMAL,,IM-0961,0,train,1840,1642
NORMAL__NORMAL2-IM-0962-0001.png,NORMAL2-IM-0962-0001.jpeg,NORMAL,,IM-0962,0,train,1496,1137
NORMAL__NORMAL2-IM-0965-0001.png,NORMAL2-IM-0965-0001.jpeg,NORMAL,,IM-0965,0,val,1500,1249
NORMAL__NORMAL2-IM-0966-0001.png,NORMAL2-IM-0966-0001.jpeg,NORMAL,,IM-0966,0,train,1518,1071
NORMAL__NORMAL2-IM-0967-0001.png,NORMAL2-IM-0967-0001.jpeg,NORMAL,,IM-0967,0,val,1844,1256
NORMAL__NORMAL2-IM-0969-0001.png,NORMAL2-IM-0969-0001.jpeg,NORMAL,,IM-0969,0,train,1790,1472
NORMAL__NORMAL2-IM-0970-0001.png,NORMAL2-IM-0970-0001.jpeg,NORMAL,,IM-0970,0,train,1546,1294
NORMAL__NORMAL2-IM-0971-0001-0001.png,NORMAL2-IM-0971-0001-0001.jpeg,NORMAL,,IM-0971,0,train,1850,1785
NORMAL__NORMAL2-IM-0971-0001-0002.png,NORMAL2-IM-0971-0001-0002.jpeg,NORMAL,,IM-0971,0,train,1554,1353
NORMAL__NORMAL2-IM-0974-0001.png,NORMAL2-IM-0974-0001.jpeg,NORMAL,,IM-0974,0,train,1642,1507
NORMAL__NORMAL2-IM-0975-0001.png,NORMAL2-IM-0975-0001.jpeg,NORMAL,,IM-0975,0,train,1566,1383
NORMAL__NORMAL2-IM-0976-0001.png,NORMAL2-IM-0976-0001.jpeg,NORMAL,,IM-0976,0,train,1546,1236
NORMAL__NORMAL2-IM-0977-0001.png,NORMAL2-IM-0977-0001.jpeg,NORMAL,,IM-0977,0,test,1388,1094
NORMAL__NORMAL2-IM-0978-0001.png,NORMAL2-IM-0978-0001.jpeg,NORMAL,,IM-0978,0,train,1678,1129
NORMAL__NORMAL2-IM-0979-0001.png,NORMAL2-IM-0979-0001.jpeg,NORMAL,,IM-0979,0,test,1416,1079
NORMAL__NORMAL2-IM-0980-0001.png,NORMAL2-IM-0980-0001.jpeg,NORMAL,,IM-0980,0,train,1236,1013
NORMAL__NORMAL2-IM-0981-0001.png,NORMAL2-IM-0981-0001.jpeg,NORMAL,,IM-0981,0,val,1418,1137
NORMAL__NORMAL2-IM-0983-0001-0001.png,NORMAL2-IM-0983-0001-0001.jpeg,NORMAL,,IM-0983,0,train,1882,1812
NORMAL__NORMAL2-IM-0983-0001-0002.png,NORMAL2-IM-0983-0001-0002.jpeg,NORMAL,,IM-0983,0,train,1466,1178
NORMAL__NORMAL2-IM-0983-0001.png,NORMAL2-IM-0983-0001.jpeg,NORMAL,,IM-0983,0,train,1846,1676
NORMAL__NORMAL2-IM-0986-0001.png,NORMAL2-IM-0986-0001.jpeg,NORMAL,,IM-0986,0,test,1786,1449
NORMAL__NORMAL2-IM-0987-0001.png,NORMAL2-IM-0987-0001.jpeg,NORMAL,,IM-0987,0,test,1572,1322
NORMAL__NORMAL2-IM-0988-0001.png,NORMAL2-IM-0988-0001.jpeg,NORMAL,,IM-0988,0,val,1960,1920
NORMAL__NORMAL2-IM-0989-0001.png,NORMAL2-IM-0989-0001.jpeg,NORMAL,,IM-0989,0,train,1450,1160
NORMAL__NORMAL2-IM-0992-0001.png,NORMAL2-IM-0992-0001.jpeg,NORMAL,,IM-0992,0,train,1408,1090
NORMAL__NORMAL2-IM-0993-0001.png,NORMAL2-IM-0993-0001.jpeg,NORMAL,,IM-0993,0,val,1846,1488
NORMAL__NORMAL2-IM-0994-0001.png,NORMAL2-IM-0994-0001.jpeg,NORMAL,,IM-0994,0,train,2373,2663
NORMAL__NORMAL2-IM-0995-0001-0001.png,NORMAL2-IM-0995-0001-0001.jpeg,NORMAL,,IM-0995,0,train,1172,967
NORMAL__NORMAL2-IM-0995-0001-0002.png,NORMAL2-IM-0995-0001-0002.jpeg,NORMAL,,IM-0995,0,train,1692,1878
NORMAL__NORMAL2-IM-0995-0001.png,NORMAL2-IM-0995-0001.jpeg,NORMAL,,IM-0995,0,train,1774,1318
NORMAL__NORMAL2-IM-0997-0001.png,NORMAL2-IM-0997-0001.jpeg,NORMAL,,IM-0997,0,test,1338,1102
NORMAL__NORMAL2-IM-0998-0001.png,NORMAL2-IM-0998-0001.jpeg,NORMAL,,IM-0998,0,train,1276,1059
NORMAL__NORMAL2-IM-0999-0001.png,NORMAL2-IM-0999-0001.jpeg,NORMAL,,IM-0999,0,train,1916,2059
NORMAL__NORMAL2-IM-1001-0001.png,NORMAL2-IM-1001-0001.jpeg,NORMAL,,IM-1001,0,val,1808,1665
NORMAL__NORMAL2-IM-1002-0001.png,NORMAL2-IM-1002-0001.jpeg,NORMAL,,IM-1002,0,train,1364,1090
NORMAL__NORMAL2-IM-1004-0001.png,NORMAL2-IM-1004-0001.jpeg,NORMAL,,IM-1004,0,test,1402,1117
NORMAL__NORMAL2-IM-1005-0001.png,NORMAL2-IM-1005-0001.jpeg,NORMAL,,IM-1005,0,train,1716,1569
NORMAL__NORMAL2-IM-1006-0001.png,NORMAL2-IM-1006-0001.jpeg,NORMAL,,IM-1006,0,train,1754,1352
NORMAL__NORMAL2-IM-1008-0001.png,NORMAL2-IM-1008-0001.jpeg,NORMAL,,IM-1008,0,train,1882,1329
NORMAL__NORMAL2-IM-1010-0001.png,NORMAL2-IM-1010-0001.jpeg,NORMAL,,IM-1010,0,train,1720,1348
NORMAL__NORMAL2-IM-1011-0001.png,NORMAL2-IM-1011-0001.jpeg,NORMAL,,IM-1011,0,train,1762,1391
NORMAL__NORMAL2-IM-1014-0001.png,NORMAL2-IM-1014-0001.jpeg,NORMAL,,IM-1014,0,train,1696,1542
NORMAL__NORMAL2-IM-1015-0001.png,NORMAL2-IM-1015-0001.jpeg,NORMAL,,IM-1015,0,test,1422,1066
NORMAL__NORMAL2-IM-1016-0001.png,NORMAL2-IM-1016-0001.jpeg,NORMAL,,IM-1016,0,train,1458,1233
NORMAL__NORMAL2-IM-1017-0001.png,NORMAL2-IM-1017-0001.jpeg,NORMAL,,IM-1017,0,train,1364,1067
NORMAL__NORMAL2-IM-1018-0001.png,NORMAL2-IM-1018-0001.jpeg,NORMAL,,IM-1018,0,train,2694,2625
NORMAL__NORMAL2-IM-1019-0001.png,NORMAL2-IM-1019-0001.jpeg,NORMAL,,IM-1019,0,train,1414,1020
NORMAL__NORMAL2-IM-1020-0001-0001.png,NORMAL2-IM-1020-0001-0001.jpeg,NORMAL,,IM-1020,0,train,1886,1357
NORMAL__NORMAL2-IM-1020-0001-0002.png,NORMAL2-IM-1020-0001-0002.jpeg,NORMAL,,IM-1020,0,train,1870,1785
NORMAL__NORMAL2-IM-1020-0001.png,NORMAL2-IM-1020-0001.jpeg,NORMAL,,IM-1020,0,train,1720,1380
NORMAL__NORMAL2-IM-1022-0001.png,NORMAL2-IM-1022-0001.jpeg,NORMAL,,IM-1022,0,train,1804,1314
NORMAL__NORMAL2-IM-1023-0001.png,NORMAL2-IM-1023-0001.jpeg,NORMAL,,IM-1023,0,train,1974,1627
NORMAL__NORMAL2-IM-1024-0001.png,NORMAL2-IM-1024-0001.jpeg,NORMAL,,IM-1024,0,train,1974,2175
NORMAL__NORMAL2-IM-1025-0001.png,NORMAL2-IM-1025-0001.jpeg,NORMAL,,IM-1025,0,val,1740,1291
NORMAL__NORMAL2-IM-1026-0001.png,NORMAL2-IM-1026-0001.jpeg,NORMAL,,IM-1026,0,train,1836,1604
NORMAL__NORMAL2-IM-1027-0001.png,NORMAL2-IM-1027-0001.jpeg,NORMAL,,IM-1027,0,train,1372,1074
NORMAL__NORMAL2-IM-1028-0001.png,NORMAL2-IM-1028-0001.jpeg,NORMAL,,IM-1028,0,train,1850,1793
NORMAL__NORMAL2-IM-1030-0001.png,NORMAL2-IM-1030-0001.jpeg,NORMAL,,IM-1030,0,val,1646,1395
NORMAL__NORMAL2-IM-1033-0001.png,NORMAL2-IM-1033-0001.jpeg,NORMAL,,IM-1033,0,train,1530,1272
NORMAL__NORMAL2-IM-1035-0001.png,NORMAL2-IM-1035-0001.jpeg,NORMAL,,IM-1035,0,test,1812,1446
NORMAL__NORMAL2-IM-1037-0001.png,NORMAL2-IM-1037-0001.jpeg,NORMAL,,IM-1037,0,val,1920,1854
NORMAL__NORMAL2-IM-1038-0001.png,NORMAL2-IM-1038-0001.jpeg,NORMAL,,IM-1038,0,train,2309,2601
NORMAL__NORMAL2-IM-1039-0001.png,NORMAL2-IM-1039-0001.jpeg,NORMAL,,IM-1039,0,train,1384,1090
NORMAL__NORMAL2-IM-1040-0001.png,NORMAL2-IM-1040-0001.jpeg,NORMAL,,IM-1040,0,train,1318,951
NORMAL__NORMAL2-IM-1041-0001.png,NORMAL2-IM-1041-0001.jpeg,NORMAL,,IM-1041,0,train,1654,1541
NORMAL__NORMAL2-IM-1043-0001.png,NORMAL2-IM-1043-0001.jpeg,NORMAL,,IM-1043,0,train,1804,1612
NORMAL__NORMAL2-IM-1044-0001.png,NORMAL2-IM-1044-0001.jpeg,NORMAL,,IM-1044,0,train,1458,1248
NORMAL__NORMAL2-IM-1045-0001.png,NORMAL2-IM-1045-0001.jpeg,NORMAL,,IM-1045,0,train,1426,1067
NORMAL__NORMAL2-IM-1046-0001.png,NORMAL2-IM-1046-0001.jpeg,NORMAL,,IM-1046,0,train,1542,1461
NORMAL__NORMAL2-IM-1047-0001.png,NORMAL2-IM-1047-0001.jpeg,NORMAL,,IM-1047,0,train,1596,1233
NORMAL__NORMAL2-IM-1048-0001.png,NORMAL2-IM-1048-0001.jpeg,NORMAL,,IM-1048,0,train,1496,1012
NORMAL__NORMAL2-IM-1049-0001.png,NORMAL2-IM-1049-0001.jpeg,NORMAL,,IM-1049,0,test,1812,1627
NORMAL__NORMAL2-IM-1050-0001.png,NORMAL2-IM-1050-0001.jpeg,NORMAL,,IM-1050,0,val,2564,2519
NORMAL__NORMAL2-IM-1051-0001.png,NORMAL2-IM-1051-0001.jpeg,NORMAL,,IM-1051,0,val,1400,1125
NORMAL__NORMAL2-IM-1052-0001.png,NORMAL2-IM-1052-0001.jpeg,NORMAL,,IM-1052,0,train,2340,2431
NORMAL__NORMAL2-IM-1053-0001.png,NORMAL2-IM-1053-0001.jpeg,NORMAL,,IM-1053,0,train,1692,1372
NORMAL__NORMAL2-IM-1054-0001.png,NORMAL2-IM-1054-0001.jpeg,NORMAL,,IM-1054,0,train,1468,1163
NORMAL__NORMAL2-IM-1055-0001.png,NORMAL2-IM-1055-0001.jpeg,NORMAL,,IM-1055,0,train,2126,1345
NORMAL__NORMAL2-IM-1056-0001.png,NORMAL2-IM-1056-0001.jpeg,NORMAL,,IM-1056,0,train,1422,1067
NORMAL__NORMAL2-IM-1058-0001.png,NORMAL2-IM-1058-0001.jpeg,NORMAL,,IM-1058,0,test,1608,1469
NORMAL__NORMAL2-IM-1059-0001.png,NORMAL2-IM-1059-0001.jpeg,NORMAL,,IM-1059,0,train,1592,1337
NORMAL__NORMAL2-IM-1060-0001.png,NORMAL2-IM-1060-0001.jpeg,NORMAL,,IM-1060,0,train,1546,1271
NORMAL__NORMAL2-IM-1062-0001.png,NORMAL2-IM-1062-0001.jpeg,NORMAL,,IM-1062,0,train,1805,1421
NORMAL__NORMAL2-IM-1064-0001.png,NORMAL2-IM-1064-0001.jpeg,NORMAL,,IM-1064,0,train,1880,1552
NORMAL__NORMAL2-IM-1067-0001-0001.png,NORMAL2-IM-1067-0001-0001.jpeg,NORMAL,,IM-1067,0,val,1304,968
NORMAL__NORMAL2-IM-1067-0001.png,NORMAL2-IM-1067-0001.jpeg,NORMAL,,IM-1067,0,val,1416,1160
NORMAL__NORMAL2-IM-1073-0001.png,NORMAL2-IM-1073-0001.jpeg,NORMAL,,IM-1073,0,train,1568,1560
NORMAL__NORMAL2-IM-1084-0001.png,NORMAL2-IM-1084-0001.jpeg,NORMAL,,IM-1084,0,test,1360,1128
NORMAL__NORMAL2-IM-1086-0001.png,NORMAL2-IM-1086-0001.jpeg,NORMAL,,IM-1086,0,train,1288,1008
NORMAL__NORMAL2-IM-1088-0001.png,NORMAL2-IM-1088-0001.jpeg,NORMAL,,IM-1088,0,test,1546,1152
NORMAL__NORMAL2-IM-1089-0001.png,NORMAL2-IM-1089-0001.jpeg,NORMAL,,IM-1089,0,train,1350,1152
NORMAL__NORMAL2-IM-1090-0001.png,NORMAL2-IM-1090-0001.jpeg,NORMAL,,IM-1090,0,train,1740,1541
NORMAL__NORMAL2-IM-1091-0001.png,NORMAL2-IM-1091-0001.jpeg,NORMAL,,IM-1091,0,train,1512,1164
NORMAL__NORMAL2-IM-1093-0001.png,NORMAL2-IM-1093-0001.jpeg,NORMAL,,IM-1093,0,train,1422,1186
NORMAL__NORMAL2-IM-1094-0001-0001.png,NORMAL2-IM-1094-0001-0001.jpeg,NORMAL,,IM-1094,0,train,1638,1634
NORMAL__NORMAL2-IM-1094-0001-0002.png,NORMAL2-IM-1094-0001-0002.jpeg,NORMAL,,IM-1094,0,train,1674,1337
NORMAL__NORMAL2-IM-1094-0001.png,NORMAL2-IM-1094-0001.jpeg,NORMAL,,IM-1094,0,train,1522,1256
NORMAL__NORMAL2-IM-1096-0001-0001.png,NORMAL2-IM-1096-0001-0001.jpeg,NORMAL,,IM-1096,0,train,1674,1291
NORMAL__NORMAL2-IM-1096-0001-0003.png,NORMAL2-IM-1096-0001-0003.jpeg,NORMAL,,IM-1096,0,train,1840,1511
NORMAL__NORMAL2-IM-1096-0001.png,NORMAL2-IM-1096-0001.jpeg,NORMAL,,IM-1096,0,train,1580,1329
NORMAL__NORMAL2-IM-1098-0001.png,NORMAL2-IM-1098-0001.jpeg,NORMAL,,IM-1098,0,test,1732,1267
NORMAL__NORMAL2-IM-1100-0001.png,NORMAL2-IM-1100-0001.jpeg,NORMAL,,IM-1100,0,train,2098,1770
NORMAL__NORMAL2-IM-1102-0001-0001.png,NORMAL2-IM-1102-0001-0001.jpeg,NORMAL,,IM-1102,0,val,2114,1758
NORMAL__NORMAL2-IM-1102-0001-0002.png,NORMAL2-IM-1102-0001-0002.jpeg,NORMAL,,IM-1102,0,val,1230,1136
NORMAL__NORMAL2-IM-1102-0001.png,NORMAL2-IM-1102-0001.jpeg,NORMAL,,IM-1102,0,val,1790,1441
NORMAL__NORMAL2-IM-1103-0001-0001.png,NORMAL2-IM-1103-0001-0001.jpeg,NORMAL,,IM-1103,0,train,1418,1360
NORMAL__NORMAL2-IM-1104-0001.png,NORMAL2-IM-1104-0001.jpeg,NORMAL,,IM-1104,0,train,2268,1959
NORMAL__NORMAL2-IM-1105-0001.png,NORMAL2-IM-1105-0001.jpeg,NORMAL,,IM-1105,0,train,1248,936
NORMAL__NORMAL2-IM-1106-0001.png,NORMAL2-IM-1106-0001.jpeg,NORMAL,,IM-1106,0,train,1778,1542
NORMAL__NORMAL2-IM-1108-0001.png,NORMAL2-IM-1108-0001.jpeg,NORMAL,,IM-1108,0,train,1620,1310
NORMAL__NORMAL2-IM-1109-0001.png,NORMAL2-IM-1109-0001.jpeg,NORMAL,,IM-1109,0,val,1500,1268
NORMAL__NORMAL2-IM-1110-0001.png,NORMAL2-IM-1110-0001.jpeg,NORMAL,,IM-1110,0,train,1902,1665
NORMAL__NORMAL2-IM-1111-0001.png,NORMAL2-IM-1111-0001.jpeg,NORMAL,,IM-1111,0,train,1496,1201
NORMAL__NORMAL2-IM-1112-0001.png,NORMAL2-IM-1112-0001.jpeg,NORMAL,,IM-1112,0,train,2148,1820
NORMAL__NORMAL2-IM-1113-0001.png,NORMAL2-IM-1113-0001.jpeg,NORMAL,,IM-1113,0,train,2128,1630
NORMAL__NORMAL2-IM-1114-0001.png,NORMAL2-IM-1114-0001.jpeg,NORMAL,,IM-1114,0,val,1570,1286
NORMAL__NORMAL2-IM-1116-0001-0001.png,NORMAL2-IM-1116-0001-0001.jpeg,NORMAL,,IM-1116,0,train,2272,1989
NORMAL__NORMAL2-IM-1116-0001-0002.png,NORMAL2-IM-1116-0001-0002.jpeg,NORMAL,,IM-1116,0,train,1940,1761
NORMAL__NORMAL2-IM-1116-0001.png,NORMAL2-IM-1116-0001.jpeg,NORMAL,,IM-1116,0,train,1878,1654
NORMAL__NORMAL2-IM-1117-0001.png,NORMAL2-IM-1117-0001.jpeg,NORMAL,,IM-1117,0,train,1466,1265
NORMAL__NORMAL2-IM-1118-0001.png,NORMAL2-IM-1118-0001.jpeg,NORMAL,,IM-1118,0,val,1304,1028
NORMAL__NORMAL2-IM-1120-0001.png,NORMAL2-IM-1120-0001.jpeg,NORMAL,,IM-1120,0,test,1500,1113
NORMAL__NORMAL2-IM-1122-0001.png,NORMAL2-IM-1122-0001.jpeg,NORMAL,,IM-1122,0,train,1624,1410
NORMAL__NORMAL2-IM-1123-0001.png,NORMAL2-IM-1123-0001.jpeg,NORMAL,,IM-1123,0,train,1384,950
NORMAL__NORMAL2-IM-1124-0001.png,NORMAL2-IM-1124-0001.jpeg,NORMAL,,IM-1124,0,test,1687,1595
NORMAL__NORMAL2-IM-1125-0001.png,NORMAL2-IM-1125-0001.jpeg,NORMAL,,IM-1125,0,val,1828,1704
NORMAL__NORMAL2-IM-1126-0001.png,NORMAL2-IM-1126-0001.jpeg,NORMAL,,IM-1126,0,train,1580,1410
NORMAL__NORMAL2-IM-1127-0001.png,NORMAL2-IM-1127-0001.jpeg,NORMAL,,IM-1127,0,train,1654,1291
NORMAL__NORMAL2-IM-1128-0001-0001.png,NORMAL2-IM-1128-0001-0001.jpeg,NORMAL,,IM-1128,0,val,1860,1569
NORMAL__NORMAL2-IM-1128-0001-0002.png,NORMAL2-IM-1128-0001-0002.jpeg,NORMAL,,IM-1128,0,val,1414,1164
NORMAL__NORMAL2-IM-1128-0001.png,NORMAL2-IM-1128-0001.jpeg,NORMAL,,IM-1128,0,val,1666,1290
NORMAL__NORMAL2-IM-1130-0001.png,NORMAL2-IM-1130-0001.jpeg,NORMAL,,IM-1130,0,train,2056,1793
NORMAL__NORMAL2-IM-1131-0001.png,NORMAL2-IM-1131-0001.jpeg,NORMAL,,IM-1131,0,train,1716,1353
NORMAL__NORMAL2-IM-1132-0001.png,NORMAL2-IM-1132-0001.jpeg,NORMAL,,IM-1132,0,train,1500,1194
NORMAL__NORMAL2-IM-1134-0001.png,NORMAL2-IM-1134-0001.jpeg,NORMAL,,IM-1134,0,train,1724,1410
NORMAL__NORMAL2-IM-1135-0001.png,NORMAL2-IM-1135-0001.jpeg,NORMAL,,IM-1135,0,val,1550,1194
NORMAL__NORMAL2-IM-1136-0001.png,NORMAL2-IM-1136-0001.jpeg,NORMAL,,IM-1136,0,train,1778,1473
NORMAL__NORMAL2-IM-1138-0001.png,NORMAL2-IM-1138-0001.jpeg,NORMAL,,IM-1138,0,train,1778,1356
NORMAL__NORMAL2-IM-1141-0001.png,NORMAL2-IM-1141-0001.jpeg,NORMAL,,IM-1141,0,test,1824,1090
NORMAL__NORMAL2-IM-1142-0001-0001.png,NORMAL2-IM-1142-0001-0001.jpeg,NORMAL,,IM-1142,0,test,1604,1442
NORMAL__NORMAL2-IM-1142-0001-0002.png,NORMAL2-IM-1142-0001-0002.jpeg,NORMAL,,IM-1142,0,test,1516,1283
NORMAL__NORMAL2-IM-1142-0001.png,NORMAL2-IM-1142-0001.jpeg,NORMAL,,IM-1142,0,test,1666,1433
NORMAL__NORMAL2-IM-1144-0001.png,NORMAL2-IM-1144-0001.jpeg,NORMAL,,IM-1144,0,train,1682,1241
NORMAL__NORMAL2-IM-1145-0001.png,NORMAL2-IM-1145-0001.jpeg,NORMAL,,IM-1145,0,test,1376,967
NORMAL__NORMAL2-IM-1147-0001.png,NORMAL2-IM-1147-0001.jpeg,NORMAL,,IM-1147,0,test,1890,1615
NORMAL__NORMAL2-IM-1148-0001.png,NORMAL2-IM-1148-0001.jpeg,NORMAL,,IM-1148,0,train,1852,1453
NORMAL__NORMAL2-IM-1149-0001.png,NORMAL2-IM-1149-0001.jpeg,NORMAL,,IM-1149,0,test,1098,955
NORMAL__NORMAL2-IM-1150-0001.png,NORMAL2-IM-1150-0001.jpeg,NORMAL,,IM-1150,0,train,1696,1310
NORMAL__NORMAL2-IM-1151-0001.png,NORMAL2-IM-1151-0001.jpeg,NORMAL,,IM-1151,0,train,1640,1469
NORMAL__NORMAL2-IM-1152-0001-0001.png,NORMAL2-IM-1152-0001-0001.jpeg,NORMAL,,IM-1152,0,train,1636,1433
NORMAL__NORMAL2-IM-1152-0001-0002.png,NORMAL2-IM-1152-0001-0002.jpeg,NORMAL,,IM-1152,0,train,1562,1133
NORMAL__NORMAL2-IM-1152-0001.png,NORMAL2-IM-1152-0001.jpeg,NORMAL,,IM-1152,0,train,1472,1175
NORMAL__NORMAL2-IM-1153-0001.png,NORMAL2-IM-1153-0001.jpeg,NORMAL,,IM-1153,0,train,1628,1283
NORMAL__NORMAL2-IM-1154-0001-0001.png,NORMAL2-IM-1154-0001-0001.jpeg,NORMAL,,IM-1154,0,train,2026,1468
NORMAL__NORMAL2-IM-1154-0001-0002.png,NORMAL2-IM-1154-0001-0002.jpeg,NORMAL,,IM-1154,0,train,1644,1487
NORMAL__NORMAL2-IM-1154-0001.png,NORMAL2-IM-1154-0001.jpeg,NORMAL,,IM-1154,0,train,1744,1422
NORMAL__NORMAL2-IM-1155-0001.png,NORMAL2-IM-1155-0001.jpeg,NORMAL,,IM-1155,0,train,1364,1114
NORMAL__NORMAL2-IM-1156-0001.png,NORMAL2-IM-1156-0001.jpeg,NORMAL,,IM-1156,0,train,1592,1148
NORMAL__NORMAL2-IM-1157-0001.png,NORMAL2-IM-1157-0001.jpeg,NORMAL,,IM-1157,0,val,1306,994
NORMAL__NORMAL2-IM-1158-0001.png,NORMAL2-IM-1158-0001.jpeg,NORMAL,,IM-1158,0,train,1716,1504
NORMAL__NORMAL2-IM-1160-0001.png,NORMAL2-IM-1160-0001.jpeg,NORMAL,,IM-1160,0,train,2091,2326
NORMAL__NORMAL2-IM-1161-0001.png,NORMAL2-IM-1161-0001.jpeg,NORMAL,,IM-1161,0,train,1600,1380
NORMAL__NORMAL2-IM-1162-0001.png,NORMAL2-IM-1162-0001.jpeg,NORMAL,,IM-1162,0,train,1670,1348
NORMAL__NORMAL2-IM-1163-0001.png,NORMAL2-IM-1163-0001.jpeg,NORMAL,,IM-1163,0,test,1616,1283
NORMAL__NORMAL2-IM-1164-0001.png,NORMAL2-IM-1164-0001.jpeg,NORMAL,,IM-1164,0,train,1492,1190
NORMAL__NORMAL2-IM-1167-0001.png,NORMAL2-IM-1167-0001.jpeg,NORMAL,,IM-1167,0,val,1870,1638
NORMAL__NORMAL2-IM-1168-0001.png,NORMAL2-IM-1168-0001.jpeg,NORMAL,,IM-1168,0,train,1982,1603
NORMAL__NORMAL2-IM-1169-0001.png,NORMAL2-IM-1169-0001.jpeg,NORMAL,,IM-1169,0,train,1782,1433
NORMAL__NORMAL2-IM-1170-0001.png,NORMAL2-IM-1170-0001.jpeg,NORMAL,,IM-1170,0,val,1666,1360
NORMAL__NORMAL2-IM-1171-0001.png,NORMAL2-IM-1171-0001.jpeg,NORMAL,,IM-1171,0,train,1790,1600
NORMAL__NORMAL2-IM-1173-0001.png,NORMAL2-IM-1173-0001.jpeg,NORMAL,,IM-1173,0,train,1310,1306
NORMAL__NORMAL2-IM-1174-0001.png,NORMAL2-IM-1174-0001.jpeg,NORMAL,,IM-1174,0,test,1716,1523
NORMAL__NORMAL2-IM-1175-0001.png,NORMAL2-IM-1175-0001.jpeg,NORMAL,,IM-1175,0,train,1516,1291
NORMAL__NORMAL2-IM-1176-0001.png,NORMAL2-IM-1176-0001.jpeg,NORMAL,,IM-1176,0,train,2362,2187
NORMAL__NORMAL2-IM-1177-0001.png,NORMAL2-IM-1177-0001.jpeg,NORMAL,,IM-1177,0,val,1518,1310
NORMAL__NORMAL2-IM-1178-0001.png,NORMAL2-IM-1178-0001.jpeg,NORMAL,,IM-1178,0,train,1588,1438
NORMAL__NORMAL2-IM-1179-0001.png,NORMAL2-IM-1179-0001.jpeg,NORMAL,,IM-1179,0,train,1742,1372
NORMAL__NORMAL2-IM-1180-0001.png,NORMAL2-IM-1180-0001.jpeg,NORMAL,,IM-1180,0,train,1696,1287
NORMAL__NORMAL2-IM-1181-0001.png,NORMAL2-IM-1181-0001.jpeg,NORMAL,,IM-1181,0,test,1862,1441
NORMAL__NORMAL2-IM-1182-0001.png,NORMAL2-IM-1182-0001.jpeg,NORMAL,,IM-1182,0,val,1716,1225
NORMAL__NORMAL2-IM-1183-0001.png,NORMAL2-IM-1183-0001.jpeg,NORMAL,,IM-1183,0,train,1836,1592
NORMAL__NORMAL2-IM-1184-0001.png,NORMAL2-IM-1184-0001.jpeg,NORMAL,,IM-1184,0,train,1464,1205
NORMAL__NORMAL2-IM-1185-0001.png,NORMAL2-IM-1185-0001.jpeg,NORMAL,,IM-1185,0,train,1754,1499
NORMAL__NORMAL2-IM-1187-0001.png,NORMAL2-IM-1187-0001.jpeg,NORMAL,,IM-1187,0,train,1692,1360
NORMAL__NORMAL2-IM-1188-0001.png,NORMAL2-IM-1188-0001.jpeg,NORMAL,,IM-1188,0,train,2078,2067
NORMAL__NORMAL2-IM-1189-0001.png,NORMAL2-IM-1189-0001.jpeg,NORMAL,,IM-1189,0,train,1306,1047
NORMAL__NORMAL2-IM-1190-0001.png,NORMAL2-IM-1190-0001.jpeg,NORMAL,,IM-1190,0,val,1746,1576
NORMAL__NORMAL2-IM-1191-0001.png,NORMAL2-IM-1191-0001.jpeg,NORMAL,,IM-1191,0,train,1616,1187
NORMAL__NORMAL2-IM-1192-0001.png,NORMAL2-IM-1192-0001.jpeg,NORMAL,,IM-1192,0,test,1882,1418
NORMAL__NORMAL2-IM-1194-0001.png,NORMAL2-IM-1194-0001.jpeg,NORMAL,,IM-1194,0,train,1350,1090
NORMAL__NORMAL2-IM-1196-0001.png,NORMAL2-IM-1196-0001.jpeg,NORMAL,,IM-1196,0,train,1898,1804
NORMAL__NORMAL2-IM-1197-0001.png,NORMAL2-IM-1197-0001.jpeg,NORMAL,,IM-1197,0,train,1608,1348
NORMAL__NORMAL2-IM-1198-0001.png,NORMAL2-IM-1198-0001.jpeg,NORMAL,,IM-1198,0,train,2040,2059
NORMAL__NORMAL2-IM-1200-0001.png,NORMAL2-IM-1200-0001.jpeg,NORMAL,,IM-1200,0,train,1828,1781
NORMAL__NORMAL2-IM-1201-0001.png,NORMAL2-IM-1201-0001.jpeg,NORMAL,,IM-1201,0,train,1636,1218
NORMAL__NORMAL2-IM-1202-0001.png,NORMAL2-IM-1202-0001.jpeg,NORMAL,,IM-1202,0,train,1898,1565
NORMAL__NORMAL2-IM-1203-0001.png,NORMAL2-IM-1203-0001.jpeg,NORMAL,,IM-1203,0,train,1376,1105
NORMAL__NORMAL2-IM-1204-0001.png,NORMAL2-IM-1204-0001.jpeg,NORMAL,,IM-1204,0,test,1592,1392
NORMAL__NORMAL2-IM-1205-0001.png,NORMAL2-IM-1205-0001.jpeg,NORMAL,,IM-1205,0,val,1558,1167
NORMAL__NORMAL2-IM-1206-0001.png,NORMAL2-IM-1206-0001.jpeg,NORMAL,,IM-1206,0,train,1692,1245
NORMAL__NORMAL2-IM-1209-0001.png,NORMAL2-IM-1209-0001.jpeg,NORMAL,,IM-1209,0,train,1434,978
NORMAL__NORMAL2-IM-1214-0001.png,NORMAL2-IM-1214-0001.jpeg,NORMAL,,IM-1214,0,train,1392,1232
NORMAL__NORMAL2-IM-1218-0001.png,NORMAL2-IM-1218-0001.jpeg,NORMAL,,IM-1218,0,val,1982,1751
NORMAL__NORMAL2-IM-1219-0001.png,NORMAL2-IM-1219-0001.jpeg,NORMAL,,IM-1219,0,val,2566,1909
NORMAL__NORMAL2-IM-1220-0001.png,NORMAL2-IM-1220-0001.jpeg,NORMAL,,IM-1220,0,train,1596,1510
NORMAL__NORMAL2-IM-1221-0001.png,NORMAL2-IM-1221-0001.jpeg,NORMAL,,IM-1221,0,val,1500,1206
NORMAL__NORMAL2-IM-1222-0001.png,NORMAL2-IM-1222-0001.jpeg,NORMAL,,IM-1222,0,train,1364,1148
NORMAL__NORMAL2-IM-1223-0001.png,NORMAL2-IM-1223-0001.jpeg,NORMAL,,IM-1223,0,train,1716,1530
NORMAL__NORMAL2-IM-1224-0001.png,NORMAL2-IM-1224-0001.jpeg,NORMAL,,IM-1224,0,train,1786,1360
NORMAL__NORMAL2-IM-1225-0001.png,NORMAL2-IM-1225-0001.jpeg,NORMAL,,IM-1225,0,train,1676,1129
NORMAL__NORMAL2-IM-1226-0001.png,NORMAL2-IM-1226-0001.jpeg,NORMAL,,IM-1226,0,train,1902,1608
NORMAL__NORMAL2-IM-1227-0001.png,NORMAL2-IM-1227-0001.jpeg,NORMAL,,IM-1227,0,val,1172,986
NORMAL__NORMAL2-IM-1228-0001.png,NORMAL2-IM-1228-0001.jpeg,NORMAL,,IM-1228,0,test,1306,994
NORMAL__NORMAL2-IM-1231-0001.png,NORMAL2-IM-1231-0001.jpeg,NORMAL,,IM-1231,0,val,1414,1167
NORMAL__NORMAL2-IM-1232-0001.png,NORMAL2-IM-1232-0001.jpeg,NORMAL,,IM-1232,0,train,1302,927
NORMAL__NORMAL2-IM-1234-0001.png,NORMAL2-IM-1234-0001.jpeg,NORMAL,,IM-1234,0,train,2114,1681
NORMAL__NORMAL2-IM-1236-0001.png,NORMAL2-IM-1236-0001.jpeg,NORMAL,,IM-1236,0,train,1886,1573
NORMAL__NORMAL2-IM-1237-0001.png,NORMAL2-IM-1237-0001.jpeg,NORMAL,,IM-1237,0,train,1762,1341
NORMAL__NORMAL2-IM-1240-0001.png,NORMAL2-IM-1240-0001.jpeg,NORMAL,,IM-1240,0,val,1570,1460
NORMAL__NORMAL2-IM-1241-0001.png,NORMAL2-IM-1241-0001.jpeg,NORMAL,,IM-1241,0,test,1056,792
NORMAL__NORMAL2-IM-1242-0001.png,NORMAL2-IM-1242-0001.jpeg,NORMAL,,IM-1242,0,train,1354,1078
NORMAL__NORMAL2-IM-1243-0001.png,NORMAL2-IM-1243-0001.jpeg,NORMAL,,IM-1243,0,train,2024,1963
NORMAL__NORMAL2-IM-1244-0001.png,NORMAL2-IM-1244-0001.jpeg,NORMAL,,IM-1244,0,test,1362,1093
NORMAL__NORMAL2-IM-1245-0001.png,NORMAL2-IM-1245-0001.jpeg,NORMAL,,IM-1245,0,train,1422,1402
NORMAL__NORMAL2-IM-1247-0001.png,NORMAL2-IM-1247-0001.jpeg,NORMAL,,IM-1247,0,train,1316,1067
NORMAL__NORMAL2-IM-1250-0001.png,NORMAL2-IM-1250-0001.jpeg,NORMAL,,IM-1250,0,train,1416,992
NORMAL__NORMAL2-IM-1252-0001.png,NORMAL2-IM-1252-0001.jpeg,NORMAL,,IM-1252,0,train,1873,1764
NORMAL__NORMAL2-IM-1253-0001.png,NORMAL2-IM-1253-0001.jpeg,NORMAL,,IM-1253,0,train,1522,1090
NORMAL__NORMAL2-IM-1254-0001.png,NORMAL2-IM-1254-0001.jpeg,NORMAL,,IM-1254,0,test,1828,1515
NORMAL__NORMAL2-IM-1256-0001.png,NORMAL2-IM-1256-0001.jpeg,NORMAL,,IM-1256,0,train,1720,1465
NORMAL__NORMAL2-IM-1257-0001.png,NORMAL2-IM-1257-0001.jpeg,NORMAL,,IM-1257,0,train,2916,2583
NORMAL__NORMAL2-IM-1258-0001-0001.png,NORMAL2-IM-1258-0001-0001.jpeg,NORMAL,,IM-1258,0,train,2048,1882
NORMAL__NORMAL2-IM-1258-0001-0002.png,NORMAL2-IM-1258-0001-0002.jpeg,NORMAL,,IM-1258,0,train,1654,1446
NORMAL__NORMAL2-IM-1258-0001.png,NORMAL2-IM-1258-0001.jpeg,NORMAL,,IM-1258,0,train,2482,2570
NORMAL__NORMAL2-IM-1260-0001.png,NORMAL2-IM-1260-0001.jpeg,NORMAL,,IM-1260,0,test,1854,1495
NORMAL__NORMAL2-IM-1261-0001.png,NORMAL2-IM-1261-0001.jpeg,NORMAL,,IM-1261,0,train,1682,1380
NORMAL__NORMAL2-IM-1262-0001.png,NORMAL2-IM-1262-0001.jpeg,NORMAL,,IM-1262,0,train,1392,1148
NORMAL__NORMAL2-IM-1264-0001.png,NORMAL2-IM-1264-0001.jpeg,NORMAL,,IM-1264,0,train,1206,978
NORMAL__NORMAL2-IM-1266-0001-0001.png,NORMAL2-IM-1266-0001-0001.jpeg,NORMAL,,IM-1266,0,val,1654,1171
NORMAL__NORMAL2-IM-1266-0001-0002.png,NORMAL2-IM-1266-0001-0002.jpeg,NORMAL,,IM-1266,0,val,1562,1156
NORMAL__NORMAL2-IM-1266-0001.png,NORMAL2-IM-1266-0001.jpeg,NORMAL,,IM-1266,0,val,1686,1337
NORMAL__NORMAL2-IM-1267-0001.png,NORMAL2-IM-1267-0001.jpeg,NORMAL,,IM-1267,0,train,1920,1708
NORMAL__NORMAL2-IM-1269-0001-0001.png,NORMAL2-IM-1269-0001-0001.jpeg,NORMAL,,IM-1269,0,val,1902,1499
NORMAL__NORMAL2-IM-1269-0001-0002.png,NORMAL2-IM-1269-0001-0002.jpeg,NORMAL,,IM-1269,0,val,1372,1047
NORMAL__NORMAL2-IM-1269-0001.png,NORMAL2-IM-1269-0001.jpeg,NORMAL,,IM-1269,0,val,1464,1164
NORMAL__NORMAL2-IM-1270-0001.png,NORMAL2-IM-1270-0001.jpeg,NORMAL,,IM-1270,0,train,1246,951
NORMAL__NORMAL2-IM-1271-0001.png,NORMAL2-IM-1271-0001.jpeg,NORMAL,,IM-1271,0,test,2414,1731
NORMAL__NORMAL2-IM-1272-0001.png,NORMAL2-IM-1272-0001.jpeg,NORMAL,,IM-1272,0,train,1738,1296
NORMAL__NORMAL2-IM-1273-0001.png,NORMAL2-IM-1273-0001.jpeg,NORMAL,,IM-1273,0,train,1484,993
NORMAL__NORMAL2-IM-1274-0001.png,NORMAL2-IM-1274-0001.jpeg,NORMAL,,IM-1274,0,train,1322,1125
NORMAL__NORMAL2-IM-1275-0001.png,NORMAL2-IM-1275-0001.jpeg,NORMAL,,IM-1275,0,train,1740,1735
NORMAL__NORMAL2-IM-1276-0001.png,NORMAL2-IM-1276-0001.jpeg,NORMAL,,IM-1276,0,train,1990,1666
NORMAL__NORMAL2-IM-1277-0001-0001.png,NORMAL2-IM-1277-0001-0001.jpeg,NORMAL,,IM-1277,0,test,1514,1152
NORMAL__NORMAL2-IM-1277-0001-0002.png,NORMAL2-IM-1277-0001-0002.jpeg,NORMAL,,IM-1277,0,test,1742,1422
NORMAL__NORMAL2-IM-1277-0001.png,NORMAL2-IM-1277-0001.jpeg,NORMAL,,IM-1277,0,test,1724,1248
NORMAL__NORMAL2-IM-1278-0001.png,NORMAL2-IM-1278-0001.jpeg,NORMAL,,IM-1278,0,val,1570,1318
NORMAL__NORMAL2-IM-1279-0001.png,NORMAL2-IM-1279-0001.jpeg,NORMAL,,IM-1279,0,train,1956,1476
NORMAL__NORMAL2-IM-1280-0001.png,NORMAL2-IM-1280-0001.jpeg,NORMAL,,IM-1280,0,train,1720,1449
NORMAL__NORMAL2-IM-1281-0001.png,NORMAL2-IM-1281-0001.jpeg,NORMAL,,IM-1281,0,train,1766,1468
NORMAL__NORMAL2-IM-1282-0001.png,NORMAL2-IM-1282-0001.jpeg,NORMAL,,IM-1282,0,train,1480,1302
NORMAL__NORMAL2-IM-1285-0001.png,NORMAL2-IM-1285-0001.jpeg,NORMAL,,IM-1285,0,train,1962,2169
NORMAL__NORMAL2-IM-1286-0001.png,NORMAL2-IM-1286-0001.jpeg,NORMAL,,IM-1286,0,train,1526,1356
NORMAL__NORMAL2-IM-1287-0001.png,NORMAL2-IM-1287-0001.jpeg,NORMAL,,IM-1287,0,train,2450,2325
NORMAL__NORMAL2-IM-1288-0001.png,NORMAL2-IM-1288-0001.jpeg,NORMAL,,IM-1288,0,train,1836,1592
NORMAL__NORMAL2-IM-1289-0001.png,NORMAL2-IM-1289-0001.jpeg,NORMAL,,IM-1289,0,val,1944,1518
NORMAL__NORMAL2-IM-1290-0001.png,NORMAL2-IM-1290-0001.jpeg,NORMAL,,IM-1290,0,train,1412,1198
NORMAL__NORMAL2-IM-1291-0001.png,NORMAL2-IM-1291-0001.jpeg,NORMAL,,IM-1291,0,train,1978,1777
NORMAL__NORMAL2-IM-1292-0001.png,NORMAL2-IM-1292-0001.jpeg,NORMAL,,IM-1292,0,train,1542,1341
NORMAL__NORMAL2-IM-1293-0001.png,NORMAL2-IM-1293-0001.jpeg,NORMAL,,IM-1293,0,train,1530,1144
NORMAL__NORMAL2-IM-1294-0001-0001.png,NORMAL2-IM-1294-0001-0001.jpeg,NORMAL,,IM-1294,0,train,1442,1399
NORMAL__NORMAL2-IM-1294-0001-0002.png,NORMAL2-IM-1294-0001-0002.jpeg,NORMAL,,IM-1294,0,train,1400,1260
NORMAL__NORMAL2-IM-1294-0001.png,NORMAL2-IM-1294-0001.jpeg,NORMAL,,IM-1294,0,train,1642,1364
NORMAL__NORMAL2-IM-1295-0001.png,NORMAL2-IM-1295-0001.jpeg,NORMAL,,IM-1295,0,test,1690,1306
NORMAL__NORMAL2-IM-1296-0001.png,NORMAL2-IM-1296-0001.jpeg,NORMAL,,IM-1296,0,train,1462,1171
NORMAL__NORMAL2-IM-1300-0001.png,NORMAL2-IM-1300-0001.jpeg,NORMAL,,IM-1300,0,train,1612,1437
NORMAL__NORMAL2-IM-1301-0001.png,NORMAL2-IM-1301-0001.jpeg,NORMAL,,IM-1301,0,train,1690,1383
NORMAL__NORMAL2-IM-1302-0001.png,NORMAL2-IM-1302-0001.jpeg,NORMAL,,IM-1302,0,test,2721,2438
NORMAL__NORMAL2-IM-1303-0001.png,NORMAL2-IM-1303-0001.jpeg,NORMAL,,IM-1303,0,val,1322,1128
NORMAL__NORMAL2-IM-1304-0001.png,NORMAL2-IM-1304-0001.jpeg,NORMAL,,IM-1304,0,train,1898,1739
NORMAL__NORMAL2-IM-1305-0001.png,NORMAL2-IM-1305-0001.jpeg,NORMAL,,IM-1305,0,train,1140,846
NORMAL__NORMAL2-IM-1306-0001.png,NORMAL2-IM-1306-0001.jpeg,NORMAL,,IM-1306,0,val,1858,1692
NORMAL__NORMAL2-IM-1307-0001.png,NORMAL2-IM-1307-0001.jpeg,NORMAL,,IM-1307,0,train,1442,1214
NORMAL__NORMAL2-IM-1308-0001.png,NORMAL2-IM-1308-0001.jpeg,NORMAL,,IM-1308,0,val,1774,1804
NORMAL__NORMAL2-IM-1310-0001.png,NORMAL2-IM-1310-0001.jpeg,NORMAL,,IM-1310,0,train,1608,1468
NORMAL__NORMAL2-IM-1311-0001.png,NORMAL2-IM-1311-0001.jpeg,NORMAL,,IM-1311,0,train,1422,1156
NORMAL__NORMAL2-IM-1314-0001.png,NORMAL2-IM-1314-0001.jpeg,NORMAL,,IM-1314,0,train,1978,1619
NORMAL__NORMAL2-IM-1315-0001.png,NORMAL2-IM-1315-0001.jpeg,NORMAL,,IM-1315,0,test,1858,1295
NORMAL__NORMAL2-IM-1316-0001.png,NORMAL2-IM-1316-0001.jpeg,NORMAL,,IM-1316,0,train,1928,1738
NORMAL__NORMAL2-IM-1317-0001.png,NORMAL2-IM-1317-0001.jpeg,NORMAL,,IM-1317,0,train,1242,1083
NORMAL__NORMAL2-IM-1318-0001.png,NORMAL2-IM-1318-0001.jpeg,NORMAL,,IM-1318,0,test,2358,1959
NORMAL__NORMAL2-IM-1319-0001.png,NORMAL2-IM-1319-0001.jpeg,NORMAL,,IM-1319,0,train,1588,1453
NORMAL__NORMAL2-IM-1320-0001.png,NORMAL2-IM-1320-0001.jpeg,NORMAL,,IM-1320,0,train,1430,1198
NORMAL__NORMAL2-IM-1321-0001.png,NORMAL2-IM-1321-0001.jpeg,NORMAL,,IM-1321,0,train,1530,1399
NORMAL__NORMAL2-IM-1322-0001.png,NORMAL2-IM-1322-0001.jpeg,NORMAL,,IM-1322,0,val,1700,1178
NORMAL__NORMAL2-IM-1323-0001.png,NORMAL2-IM-1323-0001.jpeg,NORMAL,,IM-1323,0,train,1588,1248
NORMAL__NORMAL2-IM-1326-0001.png,NORMAL2-IM-1326-0001.jpeg,NORMAL,,IM-1326,0,train,1188,885
NORMAL__NORMAL2-IM-1327-0001.png,NORMAL2-IM-1327-0001.jpeg,NORMAL,,IM-1327,0,val,1456,1264
NORMAL__NORMAL2-IM-1328-0001.png,NORMAL2-IM-1328-0001.jpeg,NORMAL,,IM-1328,0,val,2176,1658
NORMAL__NORMAL2-IM-1329-0001.png,NORMAL2-IM-1329-0001.jpeg,NORMAL,,IM-1329,0,train,1438,1175
NORMAL__NORMAL2-IM-1330-0001.png,NORMAL2-IM-1330-0001.jpeg,NORMAL,,IM-1330,0,train,1488,1206
NORMAL__NORMAL2-IM-1332-0001.png,NORMAL2-IM-1332-0001.jpeg,NORMAL,,IM-1332,0,train,1620,1527
NORMAL__NORMAL2-IM-1333-0001.png,NORMAL2-IM-1333-0001.jpeg,NORMAL,,IM-1333,0,test,1364,1456
NORMAL__NORMAL2-IM-1334-0001.png,NORMAL2-IM-1334-0001.jpeg,NORMAL,,IM-1334,0,train,2056,1866
NORMAL__NORMAL2-IM-1335-0001.png,NORMAL2-IM-1335-0001.jpeg,NORMAL,,IM-1335,0,test,1450,1106
NORMAL__NORMAL2-IM-1336-0001.png,NORMAL2-IM-1336-0001.jpeg,NORMAL,,IM-1336,0,val,1462,1124
NORMAL__NORMAL2-IM-1337-0001.png,NORMAL2-IM-1337-0001.jpeg,NORMAL,,IM-1337,0,train,1360,1097
NORMAL__NORMAL2-IM-1338-0001.png,NORMAL2-IM-1338-0001.jpeg,NORMAL,,IM-1338,0,train,2252,1936
NORMAL__NORMAL2-IM-1341-0001.png,NORMAL2-IM-1341-0001.jpeg,NORMAL,,IM-1341,0,val,2134,2376
NORMAL__NORMAL2-IM-1342-0001.png,NORMAL2-IM-1342-0001.jpeg,NORMAL,,IM-1342,0,train,1284,1078
NORMAL__NORMAL2-IM-1343-0001.png,NORMAL2-IM-1343-0001.jpeg,NORMAL,,IM-1343,0,train,1742,1684
NORMAL__NORMAL2-IM-1344-0001.png,NORMAL2-IM-1344-0001.jpeg,NORMAL,,IM-1344,0,train,1700,1379
NORMAL__NORMAL2-IM-1345-0001-0001.png,NORMAL2-IM-1345-0001-0001.jpeg,NORMAL,,IM-1345,0,test,1318,1067
NORMAL__NORMAL2-IM-1345-0001-0002.png,NORMAL2-IM-1345-0001-0002.jpeg,NORMAL,,IM-1345,0,test,1294,959
NORMAL__NORMAL2-IM-1345-0001.png,NORMAL2-IM-1345-0001.jpeg,NORMAL,,IM-1345,0,test,1464,1183
NORMAL__NORMAL2-IM-1346-0001.png,NORMAL2-IM-1346-0001.jpeg,NORMAL,,IM-1346,0,train,1802,1333
NORMAL__NORMAL2-IM-1347-0001.png,NORMAL2-IM-1347-0001.jpeg,NORMAL,,IM-1347,0,val,1932,1743
NORMAL__NORMAL2-IM-1348-0001.png,NORMAL2-IM-1348-0001.jpeg,NORMAL,,IM-1348,0,test,1782,1391
NORMAL__NORMAL2-IM-1349-0001.png,NORMAL2-IM-1349-0001.jpeg,NORMAL,,IM-1349,0,train,1620,1175
NORMAL__NORMAL2-IM-1350-0001.png,NORMAL2-IM-1350-0001.jpeg,NORMAL,,IM-1350,0,val,1704,1256
NORMAL__NORMAL2-IM-1351-0001.png,NORMAL2-IM-1351-0001.jpeg,NORMAL,,IM-1351,0,train,1874,1836
NORMAL__NORMAL2-IM-1356-0001.png,NORMAL2-IM-1356-0001.jpeg,NORMAL,,IM-1356,0,train,912,672
NORMAL__NORMAL2-IM-1357-0001.png,NORMAL2-IM-1357-0001.jpeg,NORMAL,,IM-1357,0,train,1600,1304
NORMAL__NORMAL2-IM-1360-0001.png,NORMAL2-IM-1360-0001.jpeg,NORMAL,,IM-1360,0,test,1184,984
NORMAL__NORMAL2-IM-1362-0001.png,NORMAL2-IM-1362-0001.jpeg,NORMAL,,IM-1362,0,test,992,816
NORMAL__NORMAL2-IM-1365-0001.png,NORMAL2-IM-1365-0001.jpeg,NORMAL,,IM-1365,0,val,1392,1048
NORMAL__NORMAL2-IM-1371-0001.png,NORMAL2-IM-1371-0001.jpeg,NORMAL,,IM-1371,0,train,1496,1304
NORMAL__NORMAL2-IM-1376-0001.png,NORMAL2-IM-1376-0001.jpeg,NORMAL,,IM-1376,0,val,1296,1200
NORMAL__NORMAL2-IM-1379-0001.png,NORMAL2-IM-1379-0001.jpeg,NORMAL,,IM-1379,0,train,1440,1328
NORMAL__NORMAL2-IM-1385-0001.png,NORMAL2-IM-1385-0001.jpeg,NORMAL,,IM-1385,0,train,1288,1080
NORMAL__NORMAL2-IM-1396-0001.png,NORMAL2-IM-1396-0001.jpeg,NORMAL,,IM-1396,0,train,1256,1032
NORMAL__NORMAL2-IM-1400-0001.png,NORMAL2-IM-1400-0001.jpeg,NORMAL,,IM-1400,0,train,1440,992
NORMAL__NORMAL2-IM-1401-0001.png,NORMAL2-IM-1401-0001.jpeg,NORMAL,,IM-1401,0,train,1272,1048
NORMAL__NORMAL2-IM-1406-0001.png,NORMAL2-IM-1406-0001.jpeg,NORMAL,,IM-1406,0,test,1376,936
NORMAL__NORMAL2-IM-1412-0001.png,NORMAL2-IM-1412-0001.jpeg,NORMAL,,IM-1412,0,train,1784,1216
NORMAL__NORMAL2-IM-1419-0001.png,NORMAL2-IM-1419-0001.jpeg,NORMAL,,IM-1419,0,train,976,800
NORMAL__NORMAL2-IM-1422-0001.png,NORMAL2-IM-1422-0001.jpeg,NORMAL,,IM-1422,0,train,1460,951
NORMAL__NORMAL2-IM-1423-0001.png,NORMAL2-IM-1423-0001.jpeg,NORMAL,,IM-1423,0,val,1400,1216
NORMAL__IM-0115-0001.png,IM-0115-0001.jpeg,NORMAL,,IM-0115,0,train,2090,1858
NORMAL__IM-0117-0001.png,IM-0117-0001.jpeg,NORMAL,,IM-0117,0,train,1422,1152
NORMAL__IM-0119-0001.png,IM-0119-0001.jpeg,NORMAL,,IM-0119,0,val,1810,1434
NORMAL__IM-0122-0001.png,IM-0122-0001.jpeg,NORMAL,,IM-0122,0,test,1618,1279
NORMAL__IM-0125-0001.png,IM-0125-0001.jpeg,NORMAL,,IM-0125,0,train,1600,1125
NORMAL__IM-0127-0001.png,IM-0127-0001.jpeg,NORMAL,,IM-0127,0,train,1974,1306
NORMAL__IM-0128-0001.png,IM-0128-0001.jpeg,NORMAL,,IM-0128,0,train,1528,1013
NORMAL__IM-0129-0001.png,IM-0129-0001.jpeg,NORMAL,,IM-0129,0,train,1384,1167
NORMAL__IM-0131-0001.png,IM-0131-0001.jpeg,NORMAL,,IM-0131,0,val,1450,1144
NORMAL__IM-0133-0001.png,IM-0133-0001.jpeg,NORMAL,,IM-0133,0,train,1468,993
NORMAL__IM-0135-0001.png,IM-0135-0001.jpeg,NORMAL,,IM-0135,0,train,1724,1581
NORMAL__IM-0137-0001.png,IM-0137-0001.jpeg,NORMAL,,IM-0137,0,train,1346,1044
NORMAL__IM-0140-0001.png,IM-0140-0001.jpeg,NORMAL,,IM-0140,0,test,1156,1237
NORMAL__IM-0141-0001.png,IM-0141-0001.jpeg,NORMAL,,IM-0141,0,train,1740,1453
NORMAL__IM-0143-0001.png,IM-0143-0001.jpeg,NORMAL,,IM-0143,0,train,2138,1928
NORMAL__IM-0145-0001.png,IM-0145-0001.jpeg,NORMAL,,IM-0145,0,train,1596,1156
NORMAL__IM-0147-0001.png,IM-0147-0001.jpeg,NORMAL,,IM-0147,0,train,2102,1974
NORMAL__IM-0149-0001.png,IM-0149-0001.jpeg,NORMAL,,IM-0149,0,train,1542,1152
NORMAL__IM-0151-0001.png,IM-0151-0001.jpeg,NORMAL,,IM-0151,0,val,1518,1156
NORMAL__IM-0152-0001.png,IM-0152-0001.jpeg,NORMAL,,IM-0152,0,test,1612,1133
NORMAL__IM-0154-0001.png,IM-0154-0001.jpeg,NORMAL,,IM-0154,0,train,1844,1438
NORMAL__IM-0156-0001.png,IM-0156-0001.jpeg,NORMAL,,IM-0156,0,train,1488,1209
NORMAL__IM-0158-0001.png,IM-0158-0001.jpeg,NORMAL,,IM-0158,0,train,994,758
NORMAL__IM-0160-0001.png,IM-0160-0001.jpeg,NORMAL,,IM-0160,0,train,1750,1314
NORMAL__IM-0162-0001.png,IM-0162-0001.jpeg,NORMAL,,IM-0162,0,train,1762,1430
NORMAL__IM-0164-0001.png,IM-0164-0001.jpeg,NORMAL,,IM-0164,0,test,1202,808
NORMAL__IM-0166-0001.png,IM-0166-0001.jpeg,NORMAL,,IM-0166,0,train,1972,1719
NORMAL__IM-0168-0001.png,IM-0168-0001.jpeg,NORMAL,,IM-0168,0,train,1534,1187
NORMAL__IM-0170-0001.png,IM-0170-0001.jpeg,NORMAL,,IM-0170,0,train,2148,1496
NORMAL__IM-0172-0001.png,IM-0172-0001.jpeg,NORMAL,,IM-0172,0,val,1876,1893
NORMAL__IM-0176-0001.png,IM-0176-0001.jpeg,NORMAL,,IM-0176,0,train,1680,1557
NORMAL__IM-0177-0001.png,IM-0177-0001.jpeg,NORMAL,,IM-0177,0,train,2172,1615
NORMAL__IM-0178-0001.png,IM-0178-0001.jpeg,NORMAL,,IM-0178,0,test,1646,1124
NORMAL__IM-0180-0001.png,IM-0180-0001.jpeg,NORMAL,,IM-0180,0,train,2136,1650
NORMAL__IM-0182-0001.png,IM-0182-0001.jpeg,NORMAL,,IM-0182,0,train,1372,1005
NORMAL__IM-0183-0001.png,IM-0183-0001.jpeg,NORMAL,,IM-0183,0,train,2338,2025
NORMAL__IM-0185-0001.png,IM-0185-0001.jpeg,NORMAL,,IM-0185,0,train,1458,1190
NORMAL__IM-0187-0001.png,IM-0187-0001.jpeg,NORMAL,,IM-0187,0,train,1854,1572
NORMAL__IM-0189-0001.png,IM-0189-0001.jpeg,NORMAL,,IM-0189,0,val,1466,1109
NORMAL__IM-0191-0001.png,IM-0191-0001.jpeg,NORMAL,,IM-0191,0,train,2164,1746
NORMAL__IM-0193-0001.png,IM-0193-0001.jpeg,NORMAL,,IM-0193,0,val,2010,1747
NORMAL__IM-0195-0001.png,IM-0195-0001.jpeg,NORMAL,,IM-0195,0,train,1774,1546
NORMAL__IM-0199-0001.png,IM-0199-0001.jpeg,NORMAL,,IM-0199,0,test,1506,833
NORMAL__IM-0201-0001.png,IM-0201-0001.jpeg,NORMAL,,IM-0201,0,train,1446,1310
NORMAL__IM-0203-0001.png,IM-0203-0001.jpeg,NORMAL,,IM-0203,0,train,1434,1260
NORMAL__IM-0205-0001.png,IM-0205-0001.jpeg,NORMAL,,IM-0205,0,train,1554,1075
NORMAL__IM-0206-0001.png,IM-0206-0001.jpeg,NORMAL,,IM-0206,0,train,1040,747
NORMAL__IM-0207-0001.png,IM-0207-0001.jpeg,NORMAL,,IM-0207,0,train,1426,1049
NORMAL__IM-0209-0001.png,IM-0209-0001.jpeg,NORMAL,,IM-0209,0,train,1164,1021
NORMAL__IM-0210-0001.png,IM-0210-0001.jpeg,NORMAL,,IM-0210,0,test,1688,1105
NORMAL__IM-0211-0001.png,IM-0211-0001.jpeg,NORMAL,,IM-0211,0,test,1642,1245
NORMAL__IM-0213-0001.png,IM-0213-0001.jpeg,NORMAL,,IM-0213,0,train,1928,1303
NORMAL__IM-0214-0001.png,IM-0214-0001.jpeg,NORMAL,,IM-0214,0,train,1522,1221
NORMAL__IM-0215-0001.png,IM-0215-0001.jpeg,NORMAL,,IM-0215,0,train,1666,1209
NORMAL__IM-0216-0001.png,IM-0216-0001.jpeg,NORMAL,,IM-0216,0,train,1944,1367
NORMAL__IM-0217-0001.png,IM-0217-0001.jpeg,NORMAL,,IM-0217,0,train,1654,1275
NORMAL__IM-0218-0001.png,IM-0218-0001.jpeg,NORMAL,,IM-0218,0,val,1678,1654
NORMAL__IM-0219-0001.png,IM-0219-0001.jpeg,NORMAL,,IM-0219,0,train,1592,1272
NORMAL__IM-0220-0001.png,IM-0220-0001.jpeg,NORMAL,,IM-0220,0,test,1484,1399
NORMAL__IM-0221-0001.png,IM-0221-0001.jpeg,NORMAL,,IM-0221,0,train,1804,1480
NORMAL__IM-0222-0001.png,IM-0222-0001.jpeg,NORMAL,,IM-0222,0,train,1604,1179
NORMAL__IM-0223-0001.png,IM-0223-0001.jpeg,NORMAL,,IM-0223,0,train,1852,1433
NORMAL__IM-0224-0001.png,IM-0224-0001.jpeg,NORMAL,,IM-0224,0,train,1766,1287
NORMAL__IM-0225-0001.png,IM-0225-0001.jpeg,NORMAL,,IM-0225,0,train,2214,1974
NORMAL__IM-0226-0001.png,IM-0226-0001.jpeg,NORMAL,,IM-0226,0,train,1770,1387
NORMAL__IM-0227-0001.png,IM-0227-0001.jpeg,NORMAL,,IM-0227,0,train,1870,1612
NORMAL__IM-0228-0001.png,IM-0228-0001.jpeg,NORMAL,,IM-0228,0,val,1608,1175
NORMAL__IM-0229-0001.png,IM-0229-0001.jpeg,NORMAL,,IM-0229,0,val,1442,1101
NORMAL__IM-0230-0001.png,IM-0230-0001.jpeg,NORMAL,,IM-0230,0,train,1624,1256
NORMAL__IM-0231-0001.png,IM-0231-0001.jpeg,NORMAL,,IM-0231,0,train,1650,1437
NORMAL__IM-0234-0001.png,IM-0234-0001.jpeg,NORMAL,,IM-0234,0,test,1550,1075
NORMAL__IM-0235-0001.png,IM-0235-0001.jpeg,NORMAL,,IM-0235,0,test,1816,1500
NORMAL__IM-0236-0001.png,IM-0236-0001.jpeg,NORMAL,,IM-0236,0,train,1442,974
NORMAL__IM-0237-0001.png,IM-0237-0001.jpeg,NORMAL,,IM-0237,0,train,1790,1140
NORMAL__IM-0238-0001.png,IM-0238-0001.jpeg,NORMAL,,IM-0238,0,val,1464,1051
NORMAL__IM-0239-0001.png,IM-0239-0001.jpeg,NORMAL,,IM-0239,0,train,1690,1314
NORMAL__IM-0240-0001.png,IM-0240-0001.jpeg,NORMAL,,IM-0240,0,val,1944,1708
NORMAL__IM-0241-0001.png,IM-0241-0001.jpeg,NORMAL,,IM-0241,0,train,1806,1392
NORMAL__IM-0242-0001.png,IM-0242-0001.jpeg,NORMAL,,IM-0242,0,train,1844,1468
NORMAL__IM-0243-0001.png,IM-0243-0001.jpeg,NORMAL,,IM-0243,0,val,1936,1677
NORMAL__IM-0244-0001.png,IM-0244-0001.jpeg,NORMAL,,IM-0244,0,test,1354,1024
NORMAL__IM-0245-0001.png,IM-0245-0001.jpeg,NORMAL,,IM-0245,0,train,1724,1480
NORMAL__IM-0248-0001.png,IM-0248-0001.jpeg,NORMAL,,IM-0248,0,test,1608,1228
NORMAL__IM-0249-0001.png,IM-0249-0001.jpeg,NORMAL,,IM-0249,0,train,2396,1990
NORMAL__IM-0250-0001.png,IM-0250-0001.jpeg,NORMAL,,IM-0250,0,val,1550,1368
NORMAL__IM-0251-0001.png,IM-0251-0001.jpeg,NORMAL,,IM-0251,0,val,1812,1206
NORMAL__IM-0253-0001.png,IM-0253-0001.jpeg,NORMAL,,IM-0253,0,train,1720,1306
NORMAL__IM-0255-0001.png,IM-0255-0001.jpeg,NORMAL,,IM-0255,0,train,1512,1171
NORMAL__IM-0256-0001.png,IM-0256-0001.jpeg,NORMAL,,IM-0256,0,train,1562,1086
NORMAL__IM-0257-0001.png,IM-0257-0001.jpeg,NORMAL,,IM-0257,0,test,1682,1418
NORMAL__IM-0261-0001.png,IM-0261-0001.jpeg,NORMAL,,IM-0261,0,train,1596,1330
NORMAL__IM-0262-0001.png,IM-0262-0001.jpeg,NORMAL,,IM-0262,0,train,1690,1538
NORMAL__IM-0264-0001.png,IM-0264-0001.jpeg,NORMAL,,IM-0264,0,test,1810,1545
NORMAL__IM-0265-0001.png,IM-0265-0001.jpeg,NORMAL,,IM-0265,0,val,1616,1109
NORMAL__IM-0266-0001.png,IM-0266-0001.jpeg,NORMAL,,IM-0266,0,val,1848,1495
NORMAL__IM-0268-0001.png,IM-0268-0001.jpeg,NORMAL,,IM-0268,0,train,1620,1356
NORMAL__IM-0269-0001.png,IM-0269-0001.jpeg,NORMAL,,IM-0269,0,train,2002,1786
NORMAL__IM-0270-0001.png,IM-0270-0001.jpeg,NORMAL,,IM-0270,0,train,1346,1109
NORMAL__IM-0272-0001.png,IM-0272-0001.jpeg,NORMAL,,IM-0272,0,test,1582,1155
NORMAL__IM-0273-0001.png,IM-0273-0001.jpeg,NORMAL,,IM-0273,0,train,1522,1093
NORMAL__IM-0274-0001.png,IM-0274-0001.jpeg,NORMAL,,IM-0274,0,train,1704,1449
NORMAL__IM-0275-0001.png,IM-0275-0001.jpeg,NORMAL,,IM-0275,0,train,1866,1595
NORMAL__IM-0276-0001.png,IM-0276-0001.jpeg,NORMAL,,IM-0276,0,train,1828,1654
NORMAL__IM-0277-0001.png,IM-0277-0001.jpeg,NORMAL,,IM-0277,0,test,1608,1345
NORMAL__IM-0278-0001.png,IM-0278-0001.jpeg,NORMAL,,IM-0278,0,train,1766,1503
NORMAL__IM-0279-0001.png,IM-0279-0001.jpeg,NORMAL,,IM-0279,0,train,1616,1121
NORMAL__IM-0280-0001.png,IM-0280-0001.jpeg,NORMAL,,IM-0280,0,train,1728,1222
NORMAL__IM-0282-0001.png,IM-0282-0001.jpeg,NORMAL,,IM-0282,0,train,1588,1372
NORMAL__IM-0283-0001.png,IM-0283-0001.jpeg,NORMAL,,IM-0283,0,val,1936,1612
NORMAL__IM-0285-0001.png,IM-0285-0001.jpeg,NORMAL,,IM-0285,0,train,1426,1101
NORMAL__IM-0286-0001.png,IM-0286-0001.jpeg,NORMAL,,IM-0286,0,val,1982,1804
NORMAL__IM-0288-0001.png,IM-0288-0001.jpeg,NORMAL,,IM-0288,0,val,1438,1140
NORMAL__IM-0289-0001.png,IM-0289-0001.jpeg,NORMAL,,IM-0289,0,test,2280,2066
NORMAL__IM-0290-0001.png,IM-0290-0001.jpeg,NORMAL,,IM-0290,0,train,1708,1434
NORMAL__IM-0291-0001.png,IM-0291-0001.jpeg,NORMAL,,IM-0291,0,train,1518,1005
NORMAL__IM-0292-0001.png,IM-0292-0001.jpeg,NORMAL,,IM-0292,0,test,1858,1500
NORMAL__IM-0293-0001.png,IM-0293-0001.jpeg,NORMAL,,IM-0293,0,train,1438,1059
NORMAL__IM-0294-0001.png,IM-0294-0001.jpeg,NORMAL,,IM-0294,0,train,1700,1383
NORMAL__IM-0295-0001.png,IM-0295-0001.jpeg,NORMAL,,IM-0295,0,train,1828,1511
NORMAL__IM-0297-0001.png,IM-0297-0001.jpeg,NORMAL,,IM-0297,0,train,1708,1415
NORMAL__IM-0298-0001.png,IM-0298-0001.jpeg,NORMAL,,IM-0298,0,test,1704,1487
NORMAL__IM-0299-0001.png,IM-0299-0001.jpeg,NORMAL,,IM-0299,0,train,1800,1503
NORMAL__IM-0300-0001.png,IM-0300-0001.jpeg,NORMAL,,IM-0300,0,train,2020,1565
NORMAL__IM-0301-0001.png,IM-0301-0001.jpeg,NORMAL,,IM-0301,0,train,1708,1267
NORMAL__IM-0302-0001.png,IM-0302-0001.jpeg,NORMAL,,IM-0302,0,val,1430,1128
NORMAL__IM-0303-0001.png,IM-0303-0001.jpeg,NORMAL,,IM-0303,0,train,1762,1264
NORMAL__IM-0304-0001.png,IM-0304-0001.jpeg,NORMAL,,IM-0304,0,train,1472,978
NORMAL__IM-0305-0001.png,IM-0305-0001.jpeg,NORMAL,,IM-0305,0,train,1304,1097
NORMAL__IM-0306-0001.png,IM-0306-0001.jpeg,NORMAL,,IM-0306,0,train,1380,1040
NORMAL__IM-0307-0001.png,IM-0307-0001.jpeg,NORMAL,,IM-0307,0,val,1766,1557
NORMAL__IM-0308-0001.png,IM-0308-0001.jpeg,NORMAL,,IM-0308,0,train,1654,1368
NORMAL__IM-0309-0001.png,IM-0309-0001.jpeg,NORMAL,,IM-0309,0,train,2144,1805
NORMAL__IM-0311-0001.png,IM-0311-0001.jpeg,NORMAL,,IM-0311,0,val,1268,885
NORMAL__IM-0312-0001.png,IM-0312-0001.jpeg,NORMAL,,IM-0312,0,test,1508,1093
NORMAL__IM-0313-0001.png,IM-0313-0001.jpeg,NORMAL,,IM-0313,0,train,1696,1298
NORMAL__IM-0314-0001.png,IM-0314-0001.jpeg,NORMAL,,IM-0314,0,train,1014,846
NORMAL__IM-0315-0001.png,IM-0315-0001.jpeg,NORMAL,,IM-0315,0,train,1268,959
NORMAL__IM-0316-0001.png,IM-0316-0001.jpeg,NORMAL,,IM-0316,0,test,1368,1009
NORMAL__IM-0317-0001.png,IM-0317-0001.jpeg,NORMAL,,IM-0317,0,train,2106,1719
NORMAL__IM-0318-0001.png,IM-0318-0001.jpeg,NORMAL,,IM-0318,0,train,1634,1210
NORMAL__IM-0319-0001.png,IM-0319-0001.jpeg,NORMAL,,IM-0319,0,train,1292,1225
NORMAL__IM-0320-0001.png,IM-0320-0001.jpeg,NORMAL,,IM-0320,0,train,1700,1271
NORMAL__IM-0323-0001.png,IM-0323-0001.jpeg,NORMAL,,IM-0323,0,test,1824,1430
NORMAL__IM-0324-0001.png,IM-0324-0001.jpeg,NORMAL,,IM-0324,0,test,1198,931
NORMAL__IM-0325-0001.png,IM-0325-0001.jpeg,NORMAL,,IM-0325,0,val,1504,1174
NORMAL__IM-0326-0001.png,IM-0326-0001.jpeg,NORMAL,,IM-0326,0,train,1520,1306
NORMAL__IM-0327-0001.png,IM-0327-0001.jpeg,NORMAL,,IM-0327,0,train,1808,1507
NORMAL__IM-0329-0001.png,IM-0329-0001.jpeg,NORMAL,,IM-0329,0,val,1196,974
NORMAL__IM-0330-0001.png,IM-0330-0001.jpeg,NORMAL,,IM-0330,0,train,1422,1191
NORMAL__IM-0331-0001.png,IM-0331-0001.jpeg,NORMAL,,IM-0331,0,train,1360,1341
NORMAL__IM-0332-0001.png,IM-0332-0001.jpeg,NORMAL,,IM-0332,0,test,1512,1202
NORMAL__IM-0333-0001.png,IM-0333-0001.jpeg,NORMAL,,IM-0333,0,train,1114,843
NORMAL__IM-0335-0001.png,IM-0335-0001.jpeg,NORMAL,,IM-0335,0,train,2538,1897
NORMAL__IM-0337-0001.png,IM-0337-0001.jpeg,NORMAL,,IM-0337,0,train,1584,1237
NORMAL__IM-0338-0001.png,IM-0338-0001.jpeg,NORMAL,,IM-0338,0,train,1746,1392
NORMAL__IM-0339-0001.png,IM-0339-0001.jpeg,NORMAL,,IM-0339,0,test,1792,1623
NORMAL__IM-0340-0001.png,IM-0340-0001.jpeg,NORMAL,,IM-0340,0,train,1840,1480
NORMAL__IM-0341-0001.png,IM-0341-0001.jpeg,NORMAL,,IM-0341,0,train,1654,1364
NORMAL__IM-0343-0001.png,IM-0343-0001.jpeg,NORMAL,,IM-0343,0,test,1588,1217
NORMAL__IM-0345-0001.png,IM-0345-0001.jpeg,NORMAL,,IM-0345,0,train,1310,1071
NORMAL__IM-0346-0001.png,IM-0346-0001.jpeg,NORMAL,,IM-0346,0,train,1592,1411
NORMAL__IM-0347-0001.png,IM-0347-0001.jpeg,NORMAL,,IM-0347,0,train,1638,1168
NORMAL__IM-0348-0001.png,IM-0348-0001.jpeg,NORMAL,,IM-0348,0,val,1388,1063
NORMAL__IM-0349-0001.png,IM-0349-0001.jpeg,NORMAL,,IM-0349,0,val,1592,1329
NORMAL__IM-0350-0001.png,IM-0350-0001.jpeg,NORMAL,,IM-0350,0,train,1392,998
NORMAL__IM-0351-0001.png,IM-0351-0001.jpeg,NORMAL,,IM-0351,0,train,1774,1588
NORMAL__IM-0353-0001.png,IM-0353-0001.jpeg,NORMAL,,IM-0353,0,train,1620,1151
NORMAL__IM-0354-0001.png,IM-0354-0001.jpeg,NORMAL,,IM-0354,0,train,1538,986
NORMAL__IM-0355-0001.png,IM-0355-0001.jpeg,NORMAL,,IM-0355,0,val,1372,1109
NORMAL__IM-0356-0001.png,IM-0356-0001.jpeg,NORMAL,,IM-0356,0,test,1300,974
NORMAL__IM-0357-0001.png,IM-0357-0001.jpeg,NORMAL,,IM-0357,0,train,2064,1951
NORMAL__IM-0358-0001.png,IM-0358-0001.jpeg,NORMAL,,IM-0358,0,train,1646,1299
NORMAL__IM-0359-0001.png,IM-0359-0001.jpeg,NORMAL,,IM-0359,0,test,1634,1272
NORMAL__IM-0361-0001.png,IM-0361-0001.jpeg,NORMAL,,IM-0361,0,train,1570,1156
NORMAL__IM-0362-0001.png,IM-0362-0001.jpeg,NORMAL,,IM-0362,0,train,1582,1183
NORMAL__IM-0363-0001.png,IM-0363-0001.jpeg,NORMAL,,IM-0363,0,train,1580,1402
NORMAL__IM-0364-0001.png,IM-0364-0001.jpeg,NORMAL,,IM-0364,0,train,1396,1001
NORMAL__IM-0365-0001.png,IM-0365-0001.jpeg,NORMAL,,IM-0365,0,train,1600,1229
NORMAL__IM-0367-0001.png,IM-0367-0001.jpeg,NORMAL,,IM-0367,0,test,1472,1171
NORMAL__IM-0368-0001.png,IM-0368-0001.jpeg,NORMAL,,IM-0368,0,train,1426,1164
NORMAL__IM-0369-0001.png,IM-0369-0001.jpeg,NORMAL,,IM-0369,0,train,1396,1024
NORMAL__IM-0370-0001.png,IM-0370-0001.jpeg,NORMAL,,IM-0370,0,test,1114,832
NORMAL__IM-0371-0001.png,IM-0371-0001.jpeg,NORMAL,,IM-0371,0,val,2024,2036
NORMAL__IM-0372-0001.png,IM-0372-0001.jpeg,NORMAL,,IM-0372,0,train,1790,1654
NORMAL__IM-0374-0001.png,IM-0374-0001.jpeg,NORMAL,,IM-0374,0,train,1744,1402
NORMAL__IM-0375-0001.png,IM-0375-0001.jpeg,NORMAL,,IM-0375,0,train,1816,1627
NORMAL__IM-0377-0001.png,IM-0377-0001.jpeg,NORMAL,,IM-0377,0,train,1438,1106
NORMAL__IM-0379-0001.png,IM-0379-0001.jpeg,NORMAL,,IM-0379,0,train,1724,1395
NORMAL__IM-0381-0001.png,IM-0381-0001.jpeg,NORMAL,,IM-0381,0,train,1744,1388
NORMAL__IM-0382-0001.png,IM-0382-0001.jpeg,NORMAL,,IM-0382,0,train,1472,1225
NORMAL__IM-0383-0001.png,IM-0383-0001.jpeg,NORMAL,,IM-0383,0,test,1472,1318
NORMAL__IM-0384-0001.png,IM-0384-0001.jpeg,NORMAL,,IM-0384,0,train,1608,1226
NORMAL__IM-0385-0001.png,IM-0385-0001.jpeg,NORMAL,,IM-0385,0,train,1712,1330
NORMAL__IM-0386-0001.png,IM-0386-0001.jpeg,NORMAL,,IM-0386,0,train,1550,1302
NORMAL__IM-0387-0001.png,IM-0387-0001.jpeg,NORMAL,,IM-0387,0,val,1920,1801
NORMAL__IM-0388-0001.png,IM-0388-0001.jpeg,NORMAL,,IM-0388,0,test,1680,1353
NORMAL__IM-0389-0001.png,IM-0389-0001.jpeg,NORMAL,,IM-0389,0,train,1530,1028
NORMAL__IM-0391-0001.png,IM-0391-0001.jpeg,NORMAL,,IM-0391,0,train,2222,1669
NORMAL__IM-0392-0001.png,IM-0392-0001.jpeg,NORMAL,,IM-0392,0,train,1442,1059
NORMAL__IM-0393-0001.png,IM-0393-0001.jpeg,NORMAL,,IM-0393,0,train,1754,1221
NORMAL__IM-0394-0001.png,IM-0394-0001.jpeg,NORMAL,,IM-0394,0,test,1666,1333
NORMAL__IM-0395-0001.png,IM-0395-0001.jpeg,NORMAL,,IM-0395,0,train,1488,1275
NORMAL__IM-0399-0001.png,IM-0399-0001.jpeg,NORMAL,,IM-0399,0,train,1164,1086
NORMAL__IM-0400-0001.png,IM-0400-0001.jpeg,NORMAL,,IM-0400,0,train,1446,1082
NORMAL__IM-0401-0001.png,IM-0401-0001.jpeg,NORMAL,,IM-0401,0,train,1820,1670
NORMAL__IM-0403-0001.png,IM-0403-0001.jpeg,NORMAL,,IM-0403,0,train,1774,1612
NORMAL__IM-0404-0001.png,IM-0404-0001.jpeg,NORMAL,,IM-0404,0,val,1694,1182
NORMAL__IM-0405-0001.png,IM-0405-0001.jpeg,NORMAL,,IM-0405,0,train,1952,1619
NORMAL__IM-0408-0001.png,IM-0408-0001.jpeg,NORMAL,,IM-0408,0,train,1442,1148
NORMAL__IM-0409-0001.png,IM-0409-0001.jpeg,NORMAL,,IM-0409,0,test,1090,793
NORMAL__IM-0410-0001.png,IM-0410-0001.jpeg,NORMAL,,IM-0410,0,train,1632,1375
NORMAL__IM-0411-0001.png,IM-0411-0001.jpeg,NORMAL,,IM-0411,0,test,1728,1518
NORMAL__IM-0413-0001.png,IM-0413-0001.jpeg,NORMAL,,IM-0413,0,train,2318,2411
NORMAL__IM-0414-0001.png,IM-0414-0001.jpeg,NORMAL,,IM-0414,0,train,1450,1287
NORMAL__IM-0416-0001.png,IM-0416-0001.jpeg,NORMAL,,IM-0416,0,train,1808,1418
NORMAL__IM-0417-0001.png,IM-0417-0001.jpeg,NORMAL,,IM-0417,0,train,1786,1500
NORMAL__IM-0419-0001.png,IM-0419-0001.jpeg,NORMAL,,IM-0419,0,test,2118,1522
NORMAL__IM-0420-0001.png,IM-0420-0001.jpeg,NORMAL,,IM-0420,0,train,1558,1352
NORMAL__IM-0421-0001.png,IM-0421-0001.jpeg,NORMAL,,IM-0421,0,train,1574,1129
NORMAL__IM-0423-0001.png,IM-0423-0001.jpeg,NORMAL,,IM-0423,0,train,1480,1337
NORMAL__IM-0424-0001.png,IM-0424-0001.jpeg,NORMAL,,IM-0424,0,val,1368,1078
NORMAL__IM-0425-0001.png,IM-0425-0001.jpeg,NORMAL,,IM-0425,0,train,1850,1314
NORMAL__IM-0427-0001.png,IM-0427-0001.jpeg,NORMAL,,IM-0427,0,train,1828,1357
NORMAL__IM-0428-0001.png,IM-0428-0001.jpeg,NORMAL,,IM-0428,0,train,1562,1348
NORMAL__IM-0429-0001-0001.png,IM-0429-0001-0001.jpeg,NORMAL,,IM-0429,0,train,1918,1569
NORMAL__IM-0429-0001-0002.png,IM-0429-0001-0002.jpeg,NORMAL,,IM-0429,0,train,1858,1380
NORMAL__IM-0429-0001.png,IM-0429-0001.jpeg,NORMAL,,IM-0429,0,train,1964,1692
NORMAL__IM-0430-0001.png,IM-0430-0001.jpeg,NORMAL,,IM-0430,0,val,1438,1082
NORMAL__IM-0431-0001.png,IM-0431-0001.jpeg,NORMAL,,IM-0431,0,test,1678,1414
NORMAL__IM-0432-0001.png,IM-0432-0001.jpeg,NORMAL,,IM-0432,0,train,1480,1228
NORMAL__IM-0433-0001.png,IM-0433-0001.jpeg,NORMAL,,IM-0433,0,train,1916,1677
NORMAL__IM-0434-0001.png,IM-0434-0001.jpeg,NORMAL,,IM-0434,0,val,2214,1715
NORMAL__IM-0435-0001-0001.png,IM-0435-0001-0001.jpeg,NORMAL,,IM-0435,0,train,1512,1209
NORMAL__IM-0435-0001.png,IM-0435-0001.jpeg,NORMAL,,IM-0435,0,train,1130,831
NORMAL__IM-0437-0001-0001.png,IM-0437-0001-0001.jpeg,NORMAL,,IM-0437,0,train,2022,1445
NORMAL__IM-0437-0001-0002.png,IM-0437-0001-0002.jpeg,NORMAL,,IM-0437,0,train,1508,1152
NORMAL__IM-0437-0001.png,IM-0437-0001.jpeg,NORMAL,,IM-0437,0,train,1410,1179
NORMAL__IM-0438-0001.png,IM-0438-0001.jpeg,NORMAL,,IM-0438,0,train,1904,1422
NORMAL__IM-0439-0001-0001.png,IM-0439-0001-0001.jpeg,NORMAL,,IM-0439,0,train,1766,1380
NORMAL__IM-0439-0001-0002.png,IM-0439-0001-0002.jpeg,NORMAL,,IM-0439,0,train,1368,1032
NORMAL__IM-0439-0001.png,IM-0439-0001.jpeg,NORMAL,,IM-0439,0,train,1816,1558
NORMAL__IM-0440-0001.png,IM-0440-0001.jpeg,NORMAL,,IM-0440,0,val,1690,1464
NORMAL__IM-0441-0001.png,IM-0441-0001.jpeg,NORMAL,,IM-0441,0,train,1472,1171
NORMAL__IM-0442-0001.png,IM-0442-0001.jpeg,NORMAL,,IM-0442,0,train,1510,1352
NORMAL__IM-0444-0001.png,IM-0444-0001.jpeg,NORMAL,,IM-0444,0,train,1928,1754
NORMAL__IM-0445-0001.png,IM-0445-0001.jpeg,NORMAL,,IM-0445,0,val,1762,1506
NORMAL__IM-0446-0001.png,IM-0446-0001.jpeg,NORMAL,,IM-0446,0,train,1816,1661
NORMAL__IM-0447-0001.png,IM-0447-0001.jpeg,NORMAL,,IM-0447,0,val,1840,1499
NORMAL__IM-0448-0001.png,IM-0448-0001.jpeg,NORMAL,,IM-0448,0,train,1954,1279
NORMAL__IM-0449-0001.png,IM-0449-0001.jpeg,NORMAL,,IM-0449,0,test,1638,1236
NORMAL__IM-0450-0001.png,IM-0450-0001.jpeg,NORMAL,,IM-0450,0,train,1678,1480
NORMAL__IM-0451-0001.png,IM-0451-0001.jpeg,NORMAL,,IM-0451,0,train,1850,1746
NORMAL__IM-0452-0001.png,IM-0452-0001.jpeg,NORMAL,,IM-0452,0,train,1848,1588
NORMAL__IM-0453-0001-0002.png,IM-0453-0001-0002.jpeg,NORMAL,,IM-0453,0,train,2088,2074
NORMAL__IM-0453-0001.png,IM-0453-0001.jpeg,NORMAL,,IM-0453,0,train,1762,1715
NORMAL__IM-0455-0001.png,IM-0455-0001.jpeg,NORMAL,,IM-0455,0,test,1364,1148
NORMAL__IM-0456-0001.png,IM-0456-0001.jpeg,NORMAL,,IM-0456,0,train,1812,1693
NORMAL__IM-0457-0001.png,IM-0457-0001.jpeg,NORMAL,,IM-0457,0,train,2090,1785
NORMAL__IM-0458-0001.png,IM-0458-0001.jpeg,NORMAL,,IM-0458,0,train,1226,955
NORMAL__IM-0459-0001.png,IM-0459-0001.jpeg,NORMAL,,IM-0459,0,val,2338,1970
NORMAL__IM-0460-0001.png,IM-0460-0001.jpeg,NORMAL,,IM-0460,0,train,1654,1259
NORMAL__IM-0461-0001.png,IM-0461-0001.jpeg,NORMAL,,IM-0461,0,train,1704,1341
NORMAL__IM-0463-0001.png,IM-0463-0001.jpeg,NORMAL,,IM-0463,0,train,1804,1758
NORMAL__IM-0464-0001.png,IM-0464-0001.jpeg,NORMAL,,IM-0464,0,train,1770,1353
NORMAL__IM-0465-0001.png,IM-0465-0001.jpeg,NORMAL,,IM-0465,0,train,1750,1334
NORMAL__IM-0466-0001.png,IM-0466-0001.jpeg,NORMAL,,IM-0466,0,train,1600,1264
NORMAL__IM-0467-0001-0001.png,IM-0467-0001-0001.jpeg,NORMAL,,IM-0467,0,val,1912,1739
NORMAL__IM-0467-0001-0002.png,IM-0467-0001-0002.jpeg,NORMAL,,IM-0467,0,val,1634,1372
NORMAL__IM-0467-0001.png,IM-0467-0001.jpeg,NORMAL,,IM-0467,0,val,2114,1866
NORMAL__IM-0469-0001.png,IM-0469-0001.jpeg,NORMAL,,IM-0469,0,test,1948,1576
NORMAL__IM-0471-0001.png,IM-0471-0001.jpeg,NORMAL,,IM-0471,0,train,2080,1781
NORMAL__IM-0472-0001.png,IM-0472-0001.jpeg,NORMAL,,IM-0472,0,train,1616,1318
NORMAL__IM-0473-0001.png,IM-0473-0001.jpeg,NORMAL,,IM-0473,0,train,1558,1179
NORMAL__IM-0474-0001.png,IM-0474-0001.jpeg,NORMAL,,IM-0474,0,test,1472,1013
NORMAL__IM-0475-0001.png,IM-0475-0001.jpeg,NORMAL,,IM-0475,0,train,1736,1345
NORMAL__IM-0476-0001.png,IM-0476-0001.jpeg,NORMAL,,IM-0476,0,train,1558,1048
NORMAL__IM-0477-0001.png,IM-0477-0001.jpeg,NORMAL,,IM-0477,0,test,1666,1537
NORMAL__IM-0478-0001.png,IM-0478-0001.jpeg,NORMAL,,IM-0478,0,val,1676,1561
NORMAL__IM-0479-0001.png,IM-0479-0001.jpeg,NORMAL,,IM-0479,0,train,1438,927
NORMAL__IM-0480-0001.png,IM-0480-0001.jpeg,NORMAL,,IM-0480,0,test,2218,2183
NORMAL__IM-0481-0001.png,IM-0481-0001.jpeg,NORMAL,,IM-0481,0,test,1222,970
NORMAL__IM-0482-0001.png,IM-0482-0001.jpeg,NORMAL,,IM-0482,0,train,1252,1028
NORMAL__IM-0483-0001.png,IM-0483-0001.jpeg,NORMAL,,IM-0483,0,train,1690,1167
NORMAL__IM-0484-0001.png,IM-0484-0001.jpeg,NORMAL,,IM-0484,0,train,1506,1121
NORMAL__IM-0485-0001.png,IM-0485-0001.jpeg,NORMAL,,IM-0485,0,train,1404,1059
NORMAL__IM-0486-0001.png,IM-0486-0001.jpeg,NORMAL,,IM-0486,0,val,1808,1488
NORMAL__IM-0487-0001.png,IM-0487-0001.jpeg,NORMAL,,IM-0487,0,train,1778,1461
NORMAL__IM-0488-0001.png,IM-0488-0001.jpeg,NORMAL,,IM-0488,0,test,1280,909
NORMAL__IM-0489-0001.png,IM-0489-0001.jpeg,NORMAL,,IM-0489,0,train,1310,1148
NORMAL__IM-0490-0001.png,IM-0490-0001.jpeg,NORMAL,,IM-0490,0,train,2226,2013
NORMAL__IM-0491-0001-0001.png,IM-0491-0001-0001.jpeg,NORMAL,,IM-0491,0,train,1584,1295
NORMAL__IM-0491-0001-0002.png,IM-0491-0001-0002.jpeg,NORMAL,,IM-0491,0,train,1604,1414
NORMAL__IM-0491-0001.png,IM-0491-0001.jpeg,NORMAL,,IM-0491,0,train,2304,2086
NORMAL__IM-0492-0001.png,IM-0492-0001.jpeg,NORMAL,,IM-0492,0,train,1636,1468
NORMAL__IM-0493-0001.png,IM-0493-0001.jpeg,NORMAL,,IM-0493,0,train,2260,2237
NORMAL__IM-0494-0001.png,IM-0494-0001.jpeg,NORMAL,,IM-0494,0,train,1692,1302
NORMAL__IM-0495-0001.png,IM-0495-0001.jpeg,NORMAL,,IM-0495,0,train,2064,1750
NORMAL__IM-0496-0001.png,IM-0496-0001.jpeg,NORMAL,,IM-0496,0,train,1824,1426
NORMAL__IM-0497-0001-0001.png,IM-0497-0001-0001.jpeg,NORMAL,,IM-0497,0,train,1284,1013
NORMAL__IM-0497-0001-0002.png,IM-0497-0001-0002.jpeg,NORMAL,,IM-0497,0,train,1932,1561
NORMAL__IM-0497-0001.png,IM-0497-0001.jpeg,NORMAL,,IM-0497,0,train,1338,1194
NORMAL__IM-0499-0001-0001.png,IM-0499-0001-0001.jpeg,NORMAL,,IM-0499,0,test,1582,1056
NORMAL__IM-0499-0001-0002.png,IM-0499-0001-0002.jpeg,NORMAL,,IM-0499,0,test,1446,1391
NORMAL__IM-0499-0001.png,IM-0499-0001.jpeg,NORMAL,,IM-0499,0,test,1674,1493
NORMAL__IM-0500-0001.png,IM-0500-0001.jpeg,NORMAL,,IM-0500,0,train,1400,1239
NORMAL__IM-0501-0001-0001.png,IM-0501-0001-0001.jpeg,NORMAL,,IM-0501,0,val,1364,1051
NORMAL__IM-0501-0001-0002.png,IM-0501-0001-0002.jpeg,NORMAL,,IM-0501,0,val,1562,1059
NORMAL__IM-0501-0001.png,IM-0501-0001.jpeg,NORMAL,,IM-0501,0,val,1870,1905
NORMAL__IM-0502-0001.png,IM-0502-0001.jpeg,NORMAL,,IM-0502,0,train,2156,1936
NORMAL__IM-0503-0001.png,IM-0503-0001.jpeg,NORMAL,,IM-0503,0,train,1504,1171
NORMAL__IM-0504-0001.png,IM-0504-0001.jpeg,NORMAL,,IM-0504,0,train,1554,1449
NORMAL__IM-0505-0001-0001.png,IM-0505-0001-0001.jpeg,NORMAL,,IM-0505,0,train,1400,1221
NORMAL__IM-0505-0001-0002.png,IM-0505-0001-0002.jpeg,NORMAL,,IM-0505,0,train,1314,1171
NORMAL__IM-0505-0001.png,IM-0505-0001.jpeg,NORMAL,,IM-0505,0,train,1696,1330
NORMAL__IM-0506-0001.png,IM-0506-0001.jpeg,NORMAL,,IM-0506,0,train,1700,1368
NORMAL__IM-0507-0001.png,IM-0507-0001.jpeg,NORMAL,,IM-0507,0,train,1752,1384
NORMAL__IM-0508-0001.png,IM-0508-0001.jpeg,NORMAL,,IM-0508,0,train,1936,1669
NORMAL__IM-0509-0001-0001.png,IM-0509-0001-0001.jpeg,NORMAL,,IM-0509,0,val,1434,1125
NORMAL__IM-0509-0001-0002.png,IM-0509-0001-0002.jpeg,NORMAL,,IM-0509,0,val,1306,920
NORMAL__IM-0509-0001.png,IM-0509-0001.jpeg,NORMAL,,IM-0509,0,val,1248,1044
NORMAL__IM-0510-0001.png,IM-0510-0001.jpeg,NORMAL,,IM-0510,0,train,1616,1147
NORMAL__IM-0511-0001-0001.png,IM-0511-0001-0001.jpeg,NORMAL,,IM-0511,0,train,1302,1187
NORMAL__IM-0511-0001-0002.png,IM-0511-0001-0002.jpeg,NORMAL,,IM-0511,0,train,1870,1495
NORMAL__IM-0511-0001.png,IM-0511-0001.jpeg,NORMAL,,IM-0511,0,train,2060,1839
NORMAL__IM-0512-0001.png,IM-0512-0001.jpeg,NORMAL,,IM-0512,0,train,1558,1279
NORMAL__IM-0513-0001.png,IM-0513-0001.jpeg,NORMAL,,IM-0513,0,test,1492,1024
NORMAL__IM-0514-0001.png,IM-0514-0001.jpeg,NORMAL,,IM-0514,0,test,1866,1302
NORMAL__IM-0515-0001.png,IM-0515-0001.jpeg,NORMAL,,IM-0515,0,train,1644,1167
NORMAL__IM-0516-0001.png,IM-0516-0001.jpeg,NORMAL,,IM-0516,0,test,1496,981
NORMAL__IM-0517-0001-0001.png,IM-0517-0001-0001.jpeg,NORMAL,,IM-0517,0,val,2102,1654
NORMAL__IM-0517-0001.png,IM-0517-0001.jpeg,NORMAL,,IM-0517,0,val,2844,2067
NORMAL__IM-0519-0001-0001.png,IM-0519-0001-0001.jpeg,NORMAL,,IM-0519,0,train,1742,1322
NORMAL__IM-0519-0001-0002.png,IM-0519-0001-0002.jpeg,NORMAL,,IM-0519,0,train,2014,1577
NORMAL__IM-0519-0001.png,IM-0519-0001.jpeg,NORMAL,,IM-0519,0,train,1822,1705
NORMAL__IM-0520-0001.png,IM-0520-0001.jpeg,NORMAL,,IM-0520,0,train,1642,1545
NORMAL__IM-0521-0001.png,IM-0521-0001.jpeg,NORMAL,,IM-0521,0,train,2890,2534
NORMAL__IM-0522-0001.png,IM-0522-0001.jpeg,NORMAL,,IM-0522,0,train,1636,1074
NORMAL__IM-0523-0001-0001.png,IM-0523-0001-0001.jpeg,NORMAL,,IM-0523,0,train,1342,1059
NORMAL__IM-0523-0001-0002.png,IM-0523-0001-0002.jpeg,NORMAL,,IM-0523,0,train,1762,1480
NORMAL__IM-0523-0001-0003.png,IM-0523-0001-0003.jpeg,NORMAL,,IM-0523,0,train,1628,1167
NORMAL__IM-0523-0001.png,IM-0523-0001.jpeg,NORMAL,,IM-0523,0,train,1492,1106
PNEUMONIA__person540_bacteria_2271.png,person540_bacteria_2271.jpeg,PNEUMONIA,bacteria,person540,1,train,1136,888
PNEUMONIA__person540_bacteria_2272.png,person540_bacteria_2272.jpeg,PNEUMONIA,bacteria,person540,1,train,1088,736
PNEUMONIA__person540_bacteria_2273.png,person540_bacteria_2273.jpeg,PNEUMONIA,bacteria,person540,1,train,1292,1014
PNEUMONIA__person540_virus_1070.png,person540_virus_1070.jpeg,PNEUMONIA,virus,person540,1,train,1680,1352
PNEUMONIA__person541_bacteria_2274.png,person541_bacteria_2274.jpeg,PNEUMONIA,bacteria,person541,1,train,1184,760
PNEUMONIA__person541_bacteria_2275.png,person541_bacteria_2275.jpeg,PNEUMONIA,bacteria,person541,1,train,1120,744
PNEUMONIA__person541_virus_1071.png,person541_virus_1071.jpeg,PNEUMONIA,virus,person541,1,train,1344,856
PNEUMONIA__person542_bacteria_2276.png,person542_bacteria_2276.jpeg,PNEUMONIA,bacteria,person542,1,test,771,447
PNEUMONIA__person542_virus_1072.png,person542_virus_1072.jpeg,PNEUMONIA,virus,person542,1,test,1232,680
PNEUMONIA__person543_bacteria_2279.png,person543_bacteria_2279.jpeg,PNEUMONIA,bacteria,person543,1,train,920,736
PNEUMONIA__person543_bacteria_2280.png,person543_bacteria_2280.jpeg,PNEUMONIA,bacteria,person543,1,train,1056,616
PNEUMONIA__person543_bacteria_2281.png,person543_bacteria_2281.jpeg,PNEUMONIA,bacteria,person543,1,train,1088,584
PNEUMONIA__person543_bacteria_2282.png,person543_bacteria_2282.jpeg,PNEUMONIA,bacteria,person543,1,train,1024,696
PNEUMONIA__person543_bacteria_2283.png,person543_bacteria_2283.jpeg,PNEUMONIA,bacteria,person543,1,train,768,424
PNEUMONIA__person543_bacteria_2284.png,person543_bacteria_2284.jpeg,PNEUMONIA,bacteria,person543,1,train,1172,732
PNEUMONIA__person543_virus_1073.png,person543_virus_1073.jpeg,PNEUMONIA,virus,person543,1,train,1608,1160
PNEUMONIA__person544_bacteria_2286.png,person544_bacteria_2286.jpeg,PNEUMONIA,bacteria,person544,1,train,1488,984
PNEUMONIA__person544_virus_1074.png,person544_virus_1074.jpeg,PNEUMONIA,virus,person544,1,train,1664,1448
PNEUMONIA__person544_virus_1075.png,person544_virus_1075.jpeg,PNEUMONIA,virus,person544,1,train,1752,1320
PNEUMONIA__person544_virus_1076.png,person544_virus_1076.jpeg,PNEUMONIA,virus,person544,1,train,1608,1392
PNEUMONIA__person544_virus_1078.png,person544_virus_1078.jpeg,PNEUMONIA,virus,person544,1,train,1864,1544
PNEUMONIA__person544_virus_1079.png,person544_virus_1079.jpeg,PNEUMONIA,virus,person544,1,train,1696,1248
PNEUMONIA__person544_virus_1080.png,person544_virus_1080.jpeg,PNEUMONIA,virus,person544,1,train,1712,1152
PNEUMONIA__person545_bacteria_2287.png,person545_bacteria_2287.jpeg,PNEUMONIA,bacteria,person545,1,train,1056,736
PNEUMONIA__person545_bacteria_2288.png,person545_bacteria_2288.jpeg,PNEUMONIA,bacteria,person545,1,train,1144,904
PNEUMONIA__person545_bacteria_2289.png,person545_bacteria_2289.jpeg,PNEUMONIA,bacteria,person545,1,train,1008,704
PNEUMONIA__person545_bacteria_2290.png,person545_bacteria_2290.jpeg,PNEUMONIA,bacteria,person545,1,train,1206,940
PNEUMONIA__person545_virus_1081.png,person545_virus_1081.jpeg,PNEUMONIA,virus,person545,1,train,930,655
PNEUMONIA__person546_virus_1085.png,person546_virus_1085.jpeg,PNEUMONIA,virus,person546,1,train,1336,936
PNEUMONIA__person547_bacteria_2292.png,person547_bacteria_2292.jpeg,PNEUMONIA,bacteria,person547,1,test,726,436
PNEUMONIA__person547_bacteria_2294.png,person547_bacteria_2294.jpeg,PNEUMONIA,bacteria,person547,1,test,808,597
PNEUMONIA__person547_bacteria_2296.png,person547_bacteria_2296.jpeg,PNEUMONIA,bacteria,person547,1,test,856,475
PNEUMONIA__person547_virus_1086.png,person547_virus_1086.jpeg,PNEUMONIA,virus,person547,1,test,1888,1424
PNEUMONIA__person548_bacteria_2297.png,person548_bacteria_2297.jpeg,PNEUMONIA,bacteria,person548,1,train,992,704
PNEUMONIA__person548_bacteria_2298.png,person548_bacteria_2298.jpeg,PNEUMONIA,bacteria,person548,1,train,1072,664
PNEUMONIA__person548_bacteria_2299.png,person548_bacteria_2299.jpeg,PNEUMONIA,bacteria,person548,1,train,1080,608
PNEUMONIA__person548_bacteria_2300.png,person548_bacteria_2300.jpeg,PNEUMONIA,bacteria,person548,1,train,1032,680
PNEUMONIA__person548_bacteria_2301.png,person548_bacteria_2301.jpeg,PNEUMONIA,bacteria,person548,1,train,992,640
PNEUMONIA__person548_bacteria_2302.png,person548_bacteria_2302.jpeg,PNEUMONIA,bacteria,person548,1,train,1264,856
PNEUMONIA__person548_virus_1088.png,person548_virus_1088.jpeg,PNEUMONIA,virus,person548,1,train,1016,600
PNEUMONIA__person549_bacteria_2303.png,person549_bacteria_2303.jpeg,PNEUMONIA,bacteria,person549,1,val,1032,704
PNEUMONIA__person549_bacteria_2304.png,person549_bacteria_2304.jpeg,PNEUMONIA,bacteria,person549,1,val,880,552
PNEUMONIA__person549_bacteria_2305.png,person549_bacteria_2305.jpeg,PNEUMONIA,bacteria,person549,1,val,976,608
PNEUMONIA__person549_bacteria_2306.png,person549_bacteria_2306.jpeg,PNEUMONIA,bacteria,person549,1,val,896,552
PNEUMONIA__person549_bacteria_2307.png,person549_bacteria_2307.jpeg,PNEUMONIA,bacteria,person549,1,val,1010,685
PNEUMONIA__person549_virus_1089.png,person549_virus_1089.jpeg,PNEUMONIA,virus,person549,1,val,1504,880
PNEUMONIA__person54_bacteria_257.png,person54_bacteria_257.jpeg,PNEUMONIA,bacteria,person54,1,val,1184,624
PNEUMONIA__person54_bacteria_258.png,person54_bacteria_258.jpeg,PNEUMONIA,bacteria,person54,1,val,1600,1164
PNEUMONIA__person550_bacteria_2308.png,person550_bacteria_2308.jpeg,PNEUMONIA,bacteria,person550,1,train,1208,688
PNEUMONIA__person550_bacteria_2309.png,person550_bacteria_2309.jpeg,PNEUMONIA,bacteria,person550,1,train,1410,979
PNEUMONIA__person550_virus_1090.png,person550_virus_1090.jpeg,PNEUMONIA,virus,person550,1,train,1664,1176
PNEUMONIA__person551_bacteria_2310.png,person551_bacteria_2310.jpeg,PNEUMONIA,bacteria,person551,1,train,1176,824
PNEUMONIA__person551_bacteria_2311.png,person551_bacteria_2311.jpeg,PNEUMONIA,bacteria,person551,1,train,1376,656
PNEUMONIA__person551_virus_1091.png,person551_virus_1091.jpeg,PNEUMONIA,virus,person551,1,train,1344,792
PNEUMONIA__person552_bacteria_2313.png,person552_bacteria_2313.jpeg,PNEUMONIA,bacteria,person552,1,train,972,557
PNEUMONIA__person552_bacteria_2315.png,person552_bacteria_2315.jpeg,PNEUMONIA,bacteria,person552,1,train,1232,768
PNEUMONIA__person552_virus_1092.png,person552_virus_1092.jpeg,PNEUMONIA,virus,person552,1,train,1448,880
PNEUMONIA__person553_bacteria_2316.png,person553_bacteria_2316.jpeg,PNEUMONIA,bacteria,person553,1,train,1088,776
PNEUMONIA__person553_bacteria_2317.png,person553_bacteria_2317.jpeg,PNEUMONIA,bacteria,person553,1,train,1136,840
PNEUMONIA__person553_virus_1093.png,person553_virus_1093.jpeg,PNEUMONIA,virus,person553,1,train,1272,928
PNEUMONIA__person554_bacteria_2320.png,person554_bacteria_2320.jpeg,PNEUMONIA,bacteria,person554,1,train,1304,744
PNEUMONIA__person554_bacteria_2321.png,person554_bacteria_2321.jpeg,PNEUMONIA,bacteria,person554,1,train,1240,728
PNEUMONIA__person554_bacteria_2322.png,person554_bacteria_2322.jpeg,PNEUMONIA,bacteria,person554,1,train,1336,744
PNEUMONIA__person554_bacteria_2323.png,person554_bacteria_2323.jpeg,PNEUMONIA,bacteria,person554,1,train,1384,809
PNEUMONIA__person554_virus_1094.png,person554_virus_1094.jpeg,PNEUMONIA,virus,person554,1,train,1280,1032
PNEUMONIA__person555_bacteria_2325.png,person555_bacteria_2325.jpeg,PNEUMONIA,bacteria,person555,1,train,928,576
PNEUMONIA__person556_bacteria_2326.png,person556_bacteria_2326.jpeg,PNEUMONIA,bacteria,person556,1,train,1210,886
PNEUMONIA__person556_virus_1096.png,person556_virus_1096.jpeg,PNEUMONIA,virus,person556,1,train,1208,824
PNEUMONIA__person557_bacteria_2327.png,person557_bacteria_2327.jpeg,PNEUMONIA,bacteria,person557,1,train,885,592
PNEUMONIA__person557_virus_1097.png,person557_virus_1097.jpeg,PNEUMONIA,virus,person557,1,train,1376,968
PNEUMONIA__person558_bacteria_2328.png,person558_bacteria_2328.jpeg,PNEUMONIA,bacteria,person558,1,test,1280,905
PNEUMONIA__person558_virus_1098.png,person558_virus_1098.jpeg,PNEUMONIA,virus,person558,1,test,1352,1072
PNEUMONIA__person559_bacteria_2329.png,person559_bacteria_2329.jpeg,PNEUMONIA,bacteria,person559,1,train,1422,1229
PNEUMONIA__person559_virus_1099.png,person559_virus_1099.jpeg,PNEUMONIA,virus,person559,1,train,1352,936
PNEUMONIA__person55_bacteria_260.png,person55_bacteria_260.jpeg,PNEUMONIA,bacteria,person55,1,train,1448,984
PNEUMONIA__person55_bacteria_261.png,person55_bacteria_261.jpeg,PNEUMONIA,bacteria,person55,1,train,1240,848
PNEUMONIA__person55_bacteria_262.png,person55_bacteria_262.jpeg,PNEUMONIA,bacteria,person55,1,train,1192,984
PNEUMONIA__person55_bacteria_263.png,person55_bacteria_263.jpeg,PNEUMONIA,bacteria,person55,1,train,1256,880
PNEUMONIA__person55_bacteria_264.png,person55_bacteria_264.jpeg,PNEUMONIA,bacteria,person55,1,train,1192,808
PNEUMONIA__person55_bacteria_265.png,person55_bacteria_265.jpeg,PNEUMONIA,bacteria,person55,1,train,1526,1052
PNEUMONIA__person55_bacteria_266.png,person55_bacteria_266.jpeg,PNEUMONIA,bacteria,person55,1,train,1666,1176
PNEUMONIA__person560_bacteria_2330.png,person560_bacteria_2330.jpeg,PNEUMONIA,bacteria,person560,1,val,1024,712
PNEUMONIA__person561_bacteria_2331.png,person561_bacteria_2331.jpeg,PNEUMONIA,bacteria,person561,1,train,1072,812
PNEUMONIA__person562_bacteria_2332.png,person562_bacteria_2332.jpeg,PNEUMONIA,bacteria,person562,1,train,1352,817
PNEUMONIA__person562_virus_1102.png,person562_virus_1102.jpeg,PNEUMONIA,virus,person562,1,train,1152,792
PNEUMONIA__person563_bacteria_2333.png,person563_bacteria_2333.jpeg,PNEUMONIA,bacteria,person563,1,train,871,488
PNEUMONIA__person563_bacteria_2334.png,person563_bacteria_2334.jpeg,PNEUMONIA,bacteria,person563,1,train,1152,664
PNEUMONIA__person563_bacteria_2335.png,person563_bacteria_2335.jpeg,PNEUMONIA,bacteria,person563,1,train,1056,624
PNEUMONIA__person563_bacteria_2336.png,person563_bacteria_2336.jpeg,PNEUMONIA,bacteria,person563,1,train,976,672
PNEUMONIA__person563_bacteria_2337.png,person563_bacteria_2337.jpeg,PNEUMONIA,bacteria,person563,1,train,992,712
PNEUMONIA__person563_bacteria_2338.png,person563_bacteria_2338.jpeg,PNEUMONIA,bacteria,person563,1,train,1144,656
PNEUMONIA__person563_bacteria_2339.png,person563_bacteria_2339.jpeg,PNEUMONIA,bacteria,person563,1,train,1088,568
PNEUMONIA__person563_bacteria_2340.png,person563_bacteria_2340.jpeg,PNEUMONIA,bacteria,person563,1,train,1064,696
PNEUMONIA__person563_virus_1103.png,person563_virus_1103.jpeg,PNEUMONIA,virus,person563,1,train,864,528
PNEUMONIA__person564_bacteria_2342.png,person564_bacteria_2342.jpeg,PNEUMONIA,bacteria,person564,1,train,992,792
PNEUMONIA__person564_bacteria_2343.png,person564_bacteria_2343.jpeg,PNEUMONIA,bacteria,person564,1,train,936,696
PNEUMONIA__person564_bacteria_2344.png,person564_bacteria_2344.jpeg,PNEUMONIA,bacteria,person564,1,train,960,744
PNEUMONIA__person564_bacteria_2345.png,person564_bacteria_2345.jpeg,PNEUMONIA,bacteria,person564,1,train,944,624
PNEUMONIA__person564_bacteria_2346.png,person564_bacteria_2346.jpeg,PNEUMONIA,bacteria,person564,1,train,976,744
PNEUMONIA__person564_bacteria_2347.png,person564_bacteria_2347.jpeg,PNEUMONIA,bacteria,person564,1,train,888,616
PNEUMONIA__person564_virus_1104.png,person564_virus_1104.jpeg,PNEUMONIA,virus,person564,1,train,1208,848
PNEUMONIA__person565_bacteria_2348.png,person565_bacteria_2348.jpeg,PNEUMONIA,bacteria,person565,1,val,736,437
PNEUMONIA__person565_virus_1105.png,person565_virus_1105.jpeg,PNEUMONIA,virus,person565,1,val,1272,816
PNEUMONIA__person566_bacteria_2351.png,person566_bacteria_2351.jpeg,PNEUMONIA,bacteria,person566,1,train,1072,744
PNEUMONIA__person566_virus_1106.png,person566_virus_1106.jpeg,PNEUMONIA,virus,person566,1,train,1312,696
PNEUMONIA__person567_bacteria_2352.png,person567_bacteria_2352.jpeg,PNEUMONIA,bacteria,person567,1,train,984,712
PNEUMONIA__person567_bacteria_2353.png,person567_bacteria_2353.jpeg,PNEUMONIA,bacteria,person567,1,train,1016,632
PNEUMONIA__person567_bacteria_2354.png,person567_bacteria_2354.jpeg,PNEUMONIA,bacteria,person567,1,train,920,656
PNEUMONIA__person567_virus_1107.png,person567_virus_1107.jpeg,PNEUMONIA,virus,person567,1,train,1744,1104
PNEUMONIA__person568_bacteria_2358.png,person568_bacteria_2358.jpeg,PNEUMONIA,bacteria,person568,1,train,904,552
PNEUMONIA__person568_bacteria_2359.png,person568_bacteria_2359.jpeg,PNEUMONIA,bacteria,person568,1,train,1064,576
PNEUMONIA__person569_bacteria_2360.png,person569_bacteria_2360.jpeg,PNEUMONIA,bacteria,person569,1,train,952,488
PNEUMONIA__person569_bacteria_2362.png,person569_bacteria_2362.jpeg,PNEUMONIA,bacteria,person569,1,train,880,680
PNEUMONIA__person569_bacteria_2363.png,person569_bacteria_2363.jpeg,PNEUMONIA,bacteria,person569,1,train,1024,624
PNEUMONIA__person569_bacteria_2364.png,person569_bacteria_2364.jpeg,PNEUMONIA,bacteria,person569,1,train,880,536
PNEUMONIA__person569_virus_1110.png,person569_virus_1110.jpeg,PNEUMONIA,virus,person569,1,train,1128,736
PNEUMONIA__person56_bacteria_267.png,person56_bacteria_267.jpeg,PNEUMONIA,bacteria,person56,1,train,1080,728
PNEUMONIA__person56_bacteria_268.png,person56_bacteria_268.jpeg,PNEUMONIA,bacteria,person56,1,train,1216,864
PNEUMONIA__person56_bacteria_269.png,person56_bacteria_269.jpeg,PNEUMONIA,bacteria,person56,1,train,1392,778
PNEUMONIA__person570_bacteria_2365.png,person570_bacteria_2365.jpeg,PNEUMONIA,bacteria,person570,1,train,1334,785
PNEUMONIA__person570_virus_1112.png,person570_virus_1112.jpeg,PNEUMONIA,virus,person570,1,train,1056,680
PNEUMONIA__person571_bacteria_2367.png,person571_bacteria_2367.jpeg,PNEUMONIA,bacteria,person571,1,test,1296,920
PNEUMONIA__person571_virus_1114.png,person571_virus_1114.jpeg,PNEUMONIA,virus,person571,1,test,703,457
PNEUMONIA__person572_bacteria_2368.png,person572_bacteria_2368.jpeg,PNEUMONIA,bacteria,person572,1,test,1148,720
PNEUMONIA__person573_bacteria_2369.png,person573_bacteria_2369.jpeg,PNEUMONIA,bacteria,person573,1,val,1168,832
PNEUMONIA__person573_virus_1116.png,person573_virus_1116.jpeg,PNEUMONIA,virus,person573,1,val,1336,880
PNEUMONIA__person574_bacteria_2370.png,person574_bacteria_2370.jpeg,PNEUMONIA,bacteria,person574,1,train,984,584
PNEUMONIA__person574_bacteria_2371.png,person574_bacteria_2371.jpeg,PNEUMONIA,bacteria,person574,1,train,984,584
PNEUMONIA__person574_bacteria_2372.png,person574_bacteria_2372.jpeg,PNEUMONIA,bacteria,person574,1,train,1024,704
PNEUMONIA__person574_bacteria_2373.png,person574_bacteria_2373.jpeg,PNEUMONIA,bacteria,person574,1,train,1016,712
PNEUMONIA__person574_virus_1118.png,person574_virus_1118.jpeg,PNEUMONIA,virus,person574,1,train,1304,712
PNEUMONIA__person575_bacteria_2374.png,person575_bacteria_2374.jpeg,PNEUMONIA,bacteria,person575,1,train,1244,755
PNEUMONIA__person575_virus_1119.png,person575_virus_1119.jpeg,PNEUMONIA,virus,person575,1,train,1200,800
PNEUMONIA__person576_bacteria_2375.png,person576_bacteria_2375.jpeg,PNEUMONIA,bacteria,person576,1,train,1256,1032
PNEUMONIA__person576_bacteria_2376.png,person576_bacteria_2376.jpeg,PNEUMONIA,bacteria,person576,1,train,1184,1000
PNEUMONIA__person576_virus_1120.png,person576_virus_1120.jpeg,PNEUMONIA,virus,person576,1,train,1160,712
PNEUMONIA__person577_bacteria_2378.png,person577_bacteria_2378.jpeg,PNEUMONIA,bacteria,person577,1,test,1508,929
PNEUMONIA__person577_virus_1121.png,person577_virus_1121.jpeg,PNEUMONIA,virus,person577,1,test,1344,600
PNEUMONIA__person578_bacteria_2379.png,person578_bacteria_2379.jpeg,PNEUMONIA,bacteria,person578,1,train,1068,763
PNEUMONIA__person578_virus_1122.png,person578_virus_1122.jpeg,PNEUMONIA,virus,person578,1,train,1440,896
PNEUMONIA__person579_bacteria_2381.png,person579_bacteria_2381.jpeg,PNEUMONIA,bacteria,person579,1,train,824,568
PNEUMONIA__person579_bacteria_2382.png,person579_bacteria_2382.jpeg,PNEUMONIA,bacteria,person579,1,train,944,496
PNEUMONIA__person579_bacteria_2383.png,person579_bacteria_2383.jpeg,PNEUMONIA,bacteria,person579,1,train,992,520
PNEUMONIA__person579_bacteria_2384.png,person579_bacteria_2384.jpeg,PNEUMONIA,bacteria,person579,1,train,840,504
PNEUMONIA__person579_bacteria_2386.png,person579_bacteria_2386.jpeg,PNEUMONIA,bacteria,person579,1,train,776,488
PNEUMONIA__person579_virus_1123.png,person579_virus_1123.jpeg,PNEUMONIA,virus,person579,1,train,1168,840
PNEUMONIA__person57_bacteria_270.png,person57_bacteria_270.jpeg,PNEUMONIA,bacteria,person57,1,train,1144,832
PNEUMONIA__person57_bacteria_271.png,person57_bacteria_271.jpeg,PNEUMONIA,bacteria,person57,1,train,1492,1118
PNEUMONIA__person580_bacteria_2387.png,person580_bacteria_2387.jpeg,PNEUMONIA,bacteria,person580,1,train,880,656
PNEUMONIA__person580_bacteria_2388.png,person580_bacteria_2388.jpeg,PNEUMONIA,bacteria,person580,1,train,896,584
PNEUMONIA__person580_bacteria_2389.png,person580_bacteria_2389.jpeg,PNEUMONIA,bacteria,person580,1,train,816,584
PNEUMONIA__person581_bacteria_2390.png,person581_bacteria_2390.jpeg,PNEUMONIA,bacteria,person581,1,train,1008,648
PNEUMONIA__person581_bacteria_2392.png,person581_bacteria_2392.jpeg,PNEUMONIA,bacteria,person581,1,train,936,576
PNEUMONIA__person581_bacteria_2393.png,person581_bacteria_2393.jpeg,PNEUMONIA,bacteria,person581,1,train,896,576
PNEUMONIA__person581_bacteria_2394.png,person581_bacteria_2394.jpeg,PNEUMONIA,bacteria,person581,1,train,1008,776
PNEUMONIA__person581_bacteria_2395.png,person581_bacteria_2395.jpeg,PNEUMONIA,bacteria,person581,1,train,976,672
PNEUMONIA__person581_bacteria_2400.png,person581_bacteria_2400.jpeg,PNEUMONIA,bacteria,person581,1,train,895,517
PNEUMONIA__person581_virus_1125.png,person581_virus_1125.jpeg,PNEUMONIA,virus,person581,1,train,1736,1216
PNEUMONIA__person582_bacteria_2403.png,person582_bacteria_2403.jpeg,PNEUMONIA,bacteria,person582,1,train,1408,1296
PNEUMONIA__person582_bacteria_2404.png,person582_bacteria_2404.jpeg,PNEUMONIA,bacteria,person582,1,train,1368,1120
PNEUMONIA__person582_bacteria_2405.png,person582_bacteria_2405.jpeg,PNEUMONIA,bacteria,person582,1,train,1440,1112
PNEUMONIA__person583_bacteria_2406.png,person583_bacteria_2406.jpeg,PNEUMONIA,bacteria,person583,1,train,1841,1447
PNEUMONIA__person583_bacteria_2408.png,person583_bacteria_2408.jpeg,PNEUMONIA,bacteria,person583,1,train,1360,1080
PNEUMONIA__person583_bacteria_2409.png,person583_bacteria_2409.jpeg,PNEUMONIA,bacteria,person583,1,train,1328,928
PNEUMONIA__person583_virus_1127.png,person583_virus_1127.jpeg,PNEUMONIA,virus,person583,1,train,1280,712
PNEUMONIA__person584_virus_1128.png,person584_virus_1128.jpeg,PNEUMONIA,virus,person584,1,train,1256,696
PNEUMONIA__person585_bacteria_2411.png,person585_bacteria_2411.jpeg,PNEUMONIA,bacteria,person585,1,train,1144,864
PNEUMONIA__person585_bacteria_2412.png,person585_bacteria_2412.jpeg,PNEUMONIA,bacteria,person585,1,train,1160,768
PNEUMONIA__person585_bacteria_2413.png,person585_bacteria_2413.jpeg,PNEUMONIA,bacteria,person585,1,train,1264,808
PNEUMONIA__person585_bacteria_2414.png,person585_bacteria_2414.jpeg,PNEUMONIA,bacteria,person585,1,train,1240,800
PNEUMONIA__person585_bacteria_2415.png,person585_bacteria_2415.jpeg,PNEUMONIA,bacteria,person585,1,train,1096,768
PNEUMONIA__person585_bacteria_2416.png,person585_bacteria_2416.jpeg,PNEUMONIA,bacteria,person585,1,train,1208,696
PNEUMONIA__person585_virus_1129.png,person585_virus_1129.jpeg,PNEUMONIA,virus,person585,1,train,1456,1160
PNEUMONIA__person586_bacteria_2417.png,person586_bacteria_2417.jpeg,PNEUMONIA,bacteria,person586,1,train,765,594
PNEUMONIA__person586_bacteria_2418.png,person586_bacteria_2418.jpeg,PNEUMONIA,bacteria,person586,1,train,928,616
PNEUMONIA__person586_bacteria_2420.png,person586_bacteria_2420.jpeg,PNEUMONIA,bacteria,person586,1,train,824,552
PNEUMONIA__person586_virus_1130.png,person586_virus_1130.jpeg,PNEUMONIA,virus,person586,1,train,1344,880
PNEUMONIA__person587_bacteria_2421.png,person587_bacteria_2421.jpeg,PNEUMONIA,bacteria,person587,1,val,1056,755
PNEUMONIA__person588_bacteria_2422.png,person588_bacteria_2422.jpeg,PNEUMONIA,bacteria,person588,1,train,1120,656
PNEUMONIA__person588_bacteria_2423.png,person588_bacteria_2423.jpeg,PNEUMONIA,bacteria,person588,1,train,1056,840
PNEUMONIA__person588_virus_1134.png,person588_virus_1134.jpeg,PNEUMONIA,virus,person588,1,train,1024,776
PNEUMONIA__person588_virus_1135.png,person588_virus_1135.jpeg,PNEUMONIA,virus,person588,1,train,1064,904
PNEUMONIA__person589_bacteria_2424.png,person589_bacteria_2424.jpeg,PNEUMONIA,bacteria,person589,1,train,1096,672
PNEUMONIA__person589_bacteria_2425.png,person589_bacteria_2425.jpeg,PNEUMONIA,bacteria,person589,1,train,736,480
PNEUMONIA__person58_bacteria_272.png,person58_bacteria_272.jpeg,PNEUMONIA,bacteria,person58,1,val,936,696
PNEUMONIA__person58_bacteria_273.png,person58_bacteria_273.jpeg,PNEUMONIA,bacteria,person58,1,val,840,600
PNEUMONIA__person58_bacteria_274.png,person58_bacteria_274.jpeg,PNEUMONIA,bacteria,person58,1,val,832,416
PNEUMONIA__person58_bacteria_275.png,person58_bacteria_275.jpeg,PNEUMONIA,bacteria,person58,1,val,1214,731
PNEUMONIA__person58_bacteria_276.png,person58_bacteria_276.jpeg,PNEUMONIA,bacteria,person58,1,val,1248,766
PNEUMONIA__person58_bacteria_277.png,person58_bacteria_277.jpeg,PNEUMONIA,bacteria,person58,1,val,1222,782
PNEUMONIA__person58_bacteria_278.png,person58_bacteria_278.jpeg,PNEUMONIA,bacteria,person58,1,val,1202,704
PNEUMONIA__person590_bacteria_2428.png,person590_bacteria_2428.jpeg,PNEUMONIA,bacteria,person590,1,test,1512,1075
PNEUMONIA__person590_virus_1138.png,person590_virus_1138.jpeg,PNEUMONIA,virus,person590,1,test,1088,688
PNEUMONIA__person591_bacteria_2429.png,person591_bacteria_2429.jpeg,PNEUMONIA,bacteria,person591,1,train,1592,1183
PNEUMONIA__person591_virus_1139.png,person591_virus_1139.jpeg,PNEUMONIA,virus,person591,1,train,1288,800
PNEUMONIA__person592_bacteria_2431.png,person592_bacteria_2431.jpeg,PNEUMONIA,bacteria,person592,1,train,856,608
PNEUMONIA__person592_bacteria_2434.png,person592_bacteria_2434.jpeg,PNEUMONIA,bacteria,person592,1,train,654,389
PNEUMONIA__person592_virus_1141.png,person592_virus_1141.jpeg,PNEUMONIA,virus,person592,1,train,1056,768
PNEUMONIA__person593_bacteria_2435.png,person593_bacteria_2435.jpeg,PNEUMONIA,bacteria,person593,1,val,1040,864
PNEUMONIA__person593_virus_1142.png,person593_virus_1142.jpeg,PNEUMONIA,virus,person593,1,val,1456,904
PNEUMONIA__person594_bacteria_2436.png,person594_bacteria_2436.jpeg,PNEUMONIA,bacteria,person594,1,train,1416,1008
PNEUMONIA__person594_virus_1145.png,person594_virus_1145.jpeg,PNEUMONIA,virus,person594,1,train,1312,824
PNEUMONIA__person595_bacteria_2438.png,person595_bacteria_2438.jpeg,PNEUMONIA,bacteria,person595,1,test,1016,848
PNEUMONIA__person595_virus_1147.png,person595_virus_1147.jpeg,PNEUMONIA,virus,person595,1,test,1536,1080
PNEUMONIA__person596_bacteria_2440.png,person596_bacteria_2440.jpeg,PNEUMONIA,bacteria,person596,1,train,848,560
PNEUMONIA__person596_bacteria_2441.png,person596_bacteria_2441.jpeg,PNEUMONIA,bacteria,person596,1,train,848,640
PNEUMONIA__person596_bacteria_2443.png,person596_bacteria_2443.jpeg,PNEUMONIA,bacteria,person596,1,train,992,616
PNEUMONIA__person596_bacteria_2444.png,person596_bacteria_2444.jpeg,PNEUMONIA,bacteria,person596,1,train,928,696
PNEUMONIA__person596_bacteria_2445.png,person596_bacteria_2445.jpeg,PNEUMONIA,bacteria,person596,1,train,920,632
PNEUMONIA__person596_bacteria_2446.png,person596_bacteria_2446.jpeg,PNEUMONIA,bacteria,person596,1,train,880,584
PNEUMONIA__person596_bacteria_2447.png,person596_bacteria_2447.jpeg,PNEUMONIA,bacteria,person596,1,train,880,592
PNEUMONIA__person596_bacteria_2449.png,person596_bacteria_2449.jpeg,PNEUMONIA,bacteria,person596,1,train,848,584
PNEUMONIA__person596_virus_1149.png,person596_virus_1149.jpeg,PNEUMONIA,virus,person596,1,train,1448,1056
PNEUMONIA__person597_bacteria_2450.png,person597_bacteria_2450.jpeg,PNEUMONIA,bacteria,person597,1,train,1104,672
PNEUMONIA__person597_bacteria_2451.png,person597_bacteria_2451.jpeg,PNEUMONIA,bacteria,person597,1,train,1064,760
PNEUMONIA__person597_virus_1150.png,person597_virus_1150.jpeg,PNEUMONIA,virus,person597,1,train,1528,1112
PNEUMONIA__person598_bacteria_2453.png,person598_bacteria_2453.jpeg,PNEUMONIA,bacteria,person598,1,train,664,360
PNEUMONIA__person598_bacteria_2454.png,person598_bacteria_2454.jpeg,PNEUMONIA,bacteria,person598,1,train,728,464
PNEUMONIA__person598_virus_1151.png,person598_virus_1151.jpeg,PNEUMONIA,virus,person598,1,train,1021,701
PNEUMONIA__person598_virus_1153.png,person598_virus_1153.jpeg,PNEUMONIA,virus,person598,1,train,840,603
PNEUMONIA__person598_virus_1154.png,person598_virus_1154.jpeg,PNEUMONIA,virus,person598,1,train,1111,621
PNEUMONIA__person599_bacteria_2455.png,person599_bacteria_2455.jpeg,PNEUMONIA,bacteria,person599,1,train,1310,1029
PNEUMONIA__person599_virus_1155.png,person599_virus_1155.jpeg,PNEUMONIA,virus,person599,1,train,1160,832
PNEUMONIA__person59_bacteria_279.png,person59_bacteria_279.jpeg,PNEUMONIA,bacteria,person59,1,train,840,488
PNEUMONIA__person59_bacteria_280.png,person59_bacteria_280.jpeg,PNEUMONIA,bacteria,person59,1,train,784,496
PNEUMONIA__person59_bacteria_281.png,person59_bacteria_281.jpeg,PNEUMONIA,bacteria,person59,1,train,792,584
PNEUMONIA__person59_bacteria_282.png,person59_bacteria_282.jpeg,PNEUMONIA,bacteria,person59,1,train,840,488
PNEUMONIA__person59_bacteria_283.png,person59_bacteria_283.jpeg,PNEUMONIA,bacteria,person59,1,train,816,480
PNEUMONIA__person59_bacteria_284.png,person59_bacteria_284.jpeg,PNEUMONIA,bacteria,person59,1,train,1122,639
PNEUMONIA__person5_bacteria_15.png,person5_bacteria_15.jpeg,PNEUMONIA,bacteria,person5,1,train,1276,1110
PNEUMONIA__person5_bacteria_16.png,person5_bacteria_16.jpeg,PNEUMONIA,bacteria,person5,1,train,1168,840
PNEUMONIA__person5_bacteria_17.png,person5_bacteria_17.jpeg,PNEUMONIA,bacteria,person5,1,train,1120,784
PNEUMONIA__person5_bacteria_19.png,person5_bacteria_19.jpeg,PNEUMONIA,bacteria,person5,1,train,1160,776
PNEUMONIA__person600_bacteria_2456.png,person600_bacteria_2456.jpeg,PNEUMONIA,bacteria,person600,1,train,1072,648
PNEUMONIA__person600_bacteria_2457.png,person600_bacteria_2457.jpeg,PNEUMONIA,bacteria,person600,1,train,1000,680
PNEUMONIA__person600_bacteria_2458.png,person600_bacteria_2458.jpeg,PNEUMONIA,bacteria,person600,1,train,1016,728
PNEUMONIA__person600_virus_1156.png,person600_virus_1156.jpeg,PNEUMONIA,virus,person600,1,train,796,548
PNEUMONIA__person601_bacteria_2459.png,person601_bacteria_2459.jpeg,PNEUMONIA,bacteria,person601,1,val,1268,959
PNEUMONIA__person602_bacteria_2460.png,person602_bacteria_2460.jpeg,PNEUMONIA,bacteria,person602,1,train,1288,851
PNEUMONIA__person603_bacteria_2461.png,person603_bacteria_2461.jpeg,PNEUMONIA,bacteria,person603,1,train,1112,768
PNEUMONIA__person603_virus_1164.png,person603_virus_1164.jpeg,PNEUMONIA,virus,person603,1,train,1160,736
PNEUMONIA__person604_bacteria_2462.png,person604_bacteria_2462.jpeg,PNEUMONIA,bacteria,person604,1,train,952,568
PNEUMONIA__person604_bacteria_2463.png,person604_bacteria_2463.jpeg,PNEUMONIA,bacteria,person604,1,train,1192,832
PNEUMONIA__person604_virus_1165.png,person604_virus_1165.jpeg,PNEUMONIA,virus,person604,1,train,1312,800
PNEUMONIA__person605_bacteria_2464.png,person605_bacteria_2464.jpeg,PNEUMONIA,bacteria,person605,1,test,888,560
PNEUMONIA__person605_bacteria_2465.png,person605_bacteria_2465.jpeg,PNEUMONIA,bacteria,person605,1,test,1064,760
PNEUMONIA__person605_bacteria_2466.png,person605_bacteria_2466.jpeg,PNEUMONIA,bacteria,person605,1,test,936,560
PNEUMONIA__person605_bacteria_2467.png,person605_bacteria_2467.jpeg,PNEUMONIA,bacteria,person605,1,test,888,472
PNEUMONIA__person605_bacteria_2468.png,person605_bacteria_2468.jpeg,PNEUMONIA,bacteria,person605,1,test,928,704
PNEUMONIA__person605_virus_1166.png,person605_virus_1166.jpeg,PNEUMONIA,virus,person605,1,test,1336,1080
PNEUMONIA__person605_virus_1169.png,person605_virus_1169.jpeg,PNEUMONIA,virus,person605,1,test,1504,992
PNEUMONIA__person606_bacteria_2469.png,person606_bacteria_2469.jpeg,PNEUMONIA,bacteria,person606,1,val,1328,968
PNEUMONIA__person607_bacteria_2470.png,person607_bacteria_2470.jpeg,PNEUMONIA,bacteria,person607,1,train,1446,1021
PNEUMONIA__person607_virus_1173.png,person607_virus_1173.jpeg,PNEUMONIA,virus,person607,1,train,1512,1160
PNEUMONIA__person608_bacteria_2471.png,person608_bacteria_2471.jpeg,PNEUMONIA,bacteria,person608,1,val,1024,728
PNEUMONIA__person608_bacteria_2472.png,person608_bacteria_2472.jpeg,PNEUMONIA,bacteria,person608,1,val,1176,752
PNEUMONIA__person608_bacteria_2473.png,person608_bacteria_2473.jpeg,PNEUMONIA,bacteria,person608,1,val,1192,672
PNEUMONIA__person608_virus_1175.png,person608_virus_1175.jpeg,PNEUMONIA,virus,person608,1,val,1176,728
PNEUMONIA__person609_bacteria_2474.png,person609_bacteria_2474.jpeg,PNEUMONIA,bacteria,person609,1,train,1704,1435
PNEUMONIA__person609_virus_1176.png,person609_virus_1176.jpeg,PNEUMONIA,virus,person609,1,train,1024,656
PNEUMONIA__person60_bacteria_285.png,person60_bacteria_285.jpeg,PNEUMONIA,bacteria,person60,1,train,952,592
PNEUMONIA__person60_bacteria_286.png,person60_bacteria_286.jpeg,PNEUMONIA,bacteria,person60,1,train,920,528
PNEUMONIA__person60_bacteria_287.png,person60_bacteria_287.jpeg,PNEUMONIA,bacteria,person60,1,train,1302,867
PNEUMONIA__person610_bacteria_2475.png,person610_bacteria_2475.jpeg,PNEUMONIA,bacteria,person610,1,train,1338,1044
PNEUMONIA__person610_virus_1177.png,person610_virus_1177.jpeg,PNEUMONIA,virus,person610,1,train,1440,1104
PNEUMONIA__person611_bacteria_2476.png,person611_bacteria_2476.jpeg,PNEUMONIA,bacteria,person611,1,train,1560,1200
PNEUMONIA__person612_bacteria_2477.png,person612_bacteria_2477.jpeg,PNEUMONIA,bacteria,person612,1,train,693,356
PNEUMONIA__person612_bacteria_2478.png,person612_bacteria_2478.jpeg,PNEUMONIA,bacteria,person612,1,train,1112,624
PNEUMONIA__person612_virus_1179.png,person612_virus_1179.jpeg,PNEUMONIA,virus,person612,1,train,1592,1328
PNEUMONIA__person613_bacteria_2479.png,person613_bacteria_2479.jpeg,PNEUMONIA,bacteria,person613,1,test,1467,1123
PNEUMONIA__person613_virus_1181.png,person613_virus_1181.jpeg,PNEUMONIA,virus,person613,1,test,1424,1168
PNEUMONIA__person614_bacteria_2480.png,person614_bacteria_2480.jpeg,PNEUMONIA,bacteria,person614,1,val,936,656
PNEUMONIA__person614_bacteria_2481.png,person614_bacteria_2481.jpeg,PNEUMONIA,bacteria,person614,1,val,1080,648
PNEUMONIA__person614_bacteria_2483.png,person614_bacteria_2483.jpeg,PNEUMONIA,bacteria,person614,1,val,920,576
PNEUMONIA__person614_virus_1183.png,person614_virus_1183.jpeg,PNEUMONIA,virus,person614,1,val,1240,760
PNEUMONIA__person615_virus_1184.png,person615_virus_1184.jpeg,PNEUMONIA,virus,person615,1,train,1752,1264
PNEUMONIA__person616_bacteria_2487.png,person616_bacteria_2487.jpeg,PNEUMONIA,bacteria,person616,1,train,1206,848
PNEUMONIA__person616_virus_1186.png,person616_virus_1186.jpeg,PNEUMONIA,virus,person616,1,train,1464,800
PNEUMONIA__person617_bacteria_2488.png,person617_bacteria_2488.jpeg,PNEUMONIA,bacteria,person617,1,train,1422,952
PNEUMONIA__person617_virus_1187.png,person617_virus_1187.jpeg,PNEUMONIA,virus,person617,1,train,1360,776
PNEUMONIA__person618_bacteria_2489.png,person618_bacteria_2489.jpeg,PNEUMONIA,bacteria,person618,1,train,1430,1087
PNEUMONIA__person618_virus_1189.png,person618_virus_1189.jpeg,PNEUMONIA,virus,person618,1,train,1152,664
PNEUMONIA__person619_bacteria_2490.png,person619_bacteria_2490.jpeg,PNEUMONIA,bacteria,person619,1,test,1686,1334
PNEUMONIA__person619_bacteria_2491.png,person619_bacteria_2491.jpeg,PNEUMONIA,bacteria,person619,1,test,1456,1104
PNEUMONIA__person619_virus_1190.png,person619_virus_1190.jpeg,PNEUMONIA,virus,person619,1,test,1728,1008
PNEUMONIA__person61_bacteria_288.png,person61_bacteria_288.jpeg,PNEUMONIA,bacteria,person61,1,train,1180,863
PNEUMONIA__person61_bacteria_289.png,person61_bacteria_289.jpeg,PNEUMONIA,bacteria,person61,1,train,976,768
PNEUMONIA__person61_bacteria_290.png,person61_bacteria_290.jpeg,PNEUMONIA,bacteria,person61,1,train,968,672
PNEUMONIA__person61_bacteria_291.png,person61_bacteria_291.jpeg,PNEUMONIA,bacteria,person61,1,train,848,640
PNEUMONIA__person61_bacteria_292.png,person61_bacteria_292.jpeg,PNEUMONIA,bacteria,person61,1,train,968,744
PNEUMONIA__person61_bacteria_293.png,person61_bacteria_293.jpeg,PNEUMONIA,bacteria,person61,1,train,984,784
PNEUMONIA__person61_bacteria_294.png,person61_bacteria_294.jpeg,PNEUMONIA,bacteria,person61,1,train,1024,632
PNEUMONIA__person61_bacteria_295.png,person61_bacteria_295.jpeg,PNEUMONIA,bacteria,person61,1,train,1096,784
PNEUMONIA__person61_bacteria_296.png,person61_bacteria_296.jpeg,PNEUMONIA,bacteria,person61,1,train,1264,1071
PNEUMONIA__person61_bacteria_297.png,person61_bacteria_297.jpeg,PNEUMONIA,bacteria,person61,1,train,1252,990
PNEUMONIA__person620_bacteria_2492.png,person620_bacteria_2492.jpeg,PNEUMONIA,bacteria,person620,1,train,1778,1295
PNEUMONIA__person620_virus_1191.png,person620_virus_1191.jpeg,PNEUMONIA,virus,person620,1,train,1368,840
PNEUMONIA__person620_virus_1192.png,person620_virus_1192.jpeg,PNEUMONIA,virus,person620,1,train,1416,864
PNEUMONIA__person621_virus_1194.png,person621_virus_1194.jpeg,PNEUMONIA,virus,person621,1,train,791,615
PNEUMONIA__person621_virus_1195.png,person621_virus_1195.jpeg,PNEUMONIA,virus,person621,1,train,1328,736
PNEUMONIA__person622_bacteria_2494.png,person622_bacteria_2494.jpeg,PNEUMONIA,bacteria,person622,1,train,1381,1044
PNEUMONIA__person622_virus_1196.png,person622_virus_1196.jpeg,PNEUMONIA,virus,person622,1,train,1360,1048
PNEUMONIA__person623_bacteria_2495.png,person623_bacteria_2495.jpeg,PNEUMONIA,bacteria,person623,1,train,1088,752
PNEUMONIA__person623_bacteria_2496.png,person623_bacteria_2496.jpeg,PNEUMONIA,bacteria,person623,1,train,1000,624
PNEUMONIA__person623_virus_1197.png,person623_virus_1197.jpeg,PNEUMONIA,virus,person623,1,train,1216,832
PNEUMONIA__person624_bacteria_2497.png,person624_bacteria_2497.jpeg,PNEUMONIA,bacteria,person624,1,train,1442,898
PNEUMONIA__person624_virus_1198.png,person624_virus_1198.jpeg,PNEUMONIA,virus,person624,1,train,1336,824
PNEUMONIA__person625_bacteria_2499.png,person625_bacteria_2499.jpeg,PNEUMONIA,bacteria,person625,1,train,944,560
PNEUMONIA__person625_bacteria_2500.png,person625_bacteria_2500.jpeg,PNEUMONIA,bacteria,person625,1,train,992,600
PNEUMONIA__person625_virus_1199.png,person625_virus_1199.jpeg,PNEUMONIA,virus,person625,1,train,1408,1128
PNEUMONIA__person626_bacteria_2502.png,person626_bacteria_2502.jpeg,PNEUMONIA,bacteria,person626,1,train,759,409
PNEUMONIA__person626_virus_1202.png,person626_virus_1202.jpeg,PNEUMONIA,virus,person626,1,train,1416,1160
PNEUMONIA__person627_virus_1204.png,person627_virus_1204.jpeg,PNEUMONIA,virus,person627,1,val,968,608
PNEUMONIA__person628_bacteria_2505.png,person628_bacteria_2505.jpeg,PNEUMONIA,bacteria,person628,1,test,1650,1253
PNEUMONIA__person628_virus_1206.png,person628_virus_1206.jpeg,PNEUMONIA,virus,person628,1,test,1400,968
PNEUMONIA__person629_bacteria_2506.png,person629_bacteria_2506.jpeg,PNEUMONIA,bacteria,person629,1,train,1008,576
PNEUMONIA__person629_bacteria_2507.png,person629_bacteria_2507.jpeg,PNEUMONIA,bacteria,person629,1,train,1040,560
PNEUMONIA__person629_bacteria_2508.png,person629_bacteria_2508.jpeg,PNEUMONIA,bacteria,person629,1,train,920,648
PNEUMONIA__person629_bacteria_2509.png,person629_bacteria_2509.jpeg,PNEUMONIA,bacteria,person629,1,train,904,664
PNEUMONIA__person629_bacteria_2510.png,person629_bacteria_2510.jpeg,PNEUMONIA,bacteria,person629,1,train,904,568
PNEUMONIA__person629_virus_1207.png,person629_virus_1207.jpeg,PNEUMONIA,virus,person629,1,train,1280,768
PNEUMONIA__person62_bacteria_298.png,person62_bacteria_298.jpeg,PNEUMONIA,bacteria,person62,1,train,1372,948
PNEUMONIA__person62_bacteria_299.png,person62_bacteria_299.jpeg,PNEUMONIA,bacteria,person62,1,train,1152,856
PNEUMONIA__person62_bacteria_300.png,person62_bacteria_300.jpeg,PNEUMONIA,bacteria,person62,1,train,1064,936
PNEUMONIA__person62_bacteria_301.png,person62_bacteria_301.jpeg,PNEUMONIA,bacteria,person62,1,train,1064,896
PNEUMONIA__person62_bacteria_302.png,person62_bacteria_302.jpeg,PNEUMONIA,bacteria,person62,1,train,1348,979
PNEUMONIA__person62_bacteria_303.png,person62_bacteria_303.jpeg,PNEUMONIA,bacteria,person62,1,train,1422,1032
PNEUMONIA__person630_bacteria_2512.png,person630_bacteria_2512.jpeg,PNEUMONIA,bacteria,person630,1,train,1110,886
PNEUMONIA__person630_bacteria_2513.png,person630_bacteria_2513.jpeg,PNEUMONIA,bacteria,person630,1,train,920,760
PNEUMONIA__person630_bacteria_2514.png,person630_bacteria_2514.jpeg,PNEUMONIA,bacteria,person630,1,train,936,768
PNEUMONIA__person630_bacteria_2515.png,person630_bacteria_2515.jpeg,PNEUMONIA,bacteria,person630,1,train,920,808
PNEUMONIA__person630_bacteria_2516.png,person630_bacteria_2516.jpeg,PNEUMONIA,bacteria,person630,1,train,968,624
PNEUMONIA__person630_virus_1209.png,person630_virus_1209.jpeg,PNEUMONIA,virus,person630,1,train,823,655
PNEUMONIA__person632_bacteria_2520.png,person632_bacteria_2520.jpeg,PNEUMONIA,bacteria,person632,1,train,936,568
PNEUMONIA__person632_bacteria_2521.png,person632_bacteria_2521.jpeg,PNEUMONIA,bacteria,person632,1,train,1032,712
PNEUMONIA__person632_virus_1211.png,person632_virus_1211.jpeg,PNEUMONIA,virus,person632,1,train,1624,1072
PNEUMONIA__person633_bacteria_2522.png,person633_bacteria_2522.jpeg,PNEUMONIA,bacteria,person633,1,train,1180,809
PNEUMONIA__person633_virus_1213.png,person633_virus_1213.jpeg,PNEUMONIA,virus,person633,1,train,1288,656
PNEUMONIA__person634_bacteria_2525.png,person634_bacteria_2525.jpeg,PNEUMONIA,bacteria,person634,1,val,1240,832
PNEUMONIA__person635_bacteria_2526.png,person635_bacteria_2526.jpeg,PNEUMONIA,bacteria,person635,1,test,1431,1058
PNEUMONIA__person636_bacteria_2527.png,person636_bacteria_2527.jpeg,PNEUMONIA,bacteria,person636,1,train,689,366
PNEUMONIA__person636_virus_1217.png,person636_virus_1217.jpeg,PNEUMONIA,virus,person636,1,train,1144,928
PNEUMONIA__person637_bacteria_2528.png,person637_bacteria_2528.jpeg,PNEUMONIA,bacteria,person637,1,train,920,472
PNEUMONIA__person637_bacteria_2529.png,person637_bacteria_2529.jpeg,PNEUMONIA,bacteria,person637,1,train,920,496
PNEUMONIA__person637_virus_1218.png,person637_virus_1218.jpeg,PNEUMONIA,virus,person637,1,train,1312,928
PNEUMONIA__person639_virus_1220.png,person639_virus_1220.jpeg,PNEUMONIA,virus,person639,1,train,1064,552
PNEUMONIA__person63_bacteria_306.png,person63_bacteria_306.jpeg,PNEUMONIA,bacteria,person63,1,train,1048,736
PNEUMONIA__person640_bacteria_2532.png,person640_bacteria_2532.jpeg,PNEUMONIA,bacteria,person640,1,train,1733,1253
PNEUMONIA__person640_virus_1221.png,person640_virus_1221.jpeg,PNEUMONIA,virus,person640,1,train,1360,768
PNEUMONIA__person641_bacteria_2533.png,person641_bacteria_2533.jpeg,PNEUMONIA,bacteria,person641,1,train,1848,1576
PNEUMONIA__person641_virus_1222.png,person641_virus_1222.jpeg,PNEUMONIA,virus,person641,1,train,1088,536
PNEUMONIA__person642_virus_1223.png,person642_virus_1223.jpeg,PNEUMONIA,virus,person642,1,train,1184,928
PNEUMONIA__person643_bacteria_2534.png,person643_bacteria_2534.jpeg,PNEUMONIA,bacteria,person643,1,val,992,656
PNEUMONIA__person644_bacteria_2536.png,person644_bacteria_2536.jpeg,PNEUMONIA,bacteria,person644,1,train,1040,528
PNEUMONIA__person644_virus_1225.png,person644_virus_1225.jpeg,PNEUMONIA,virus,person644,1,train,1048,584
PNEUMONIA__person645_bacteria_2537.png,person645_bacteria_2537.jpeg,PNEUMONIA,bacteria,person645,1,train,1082,658
PNEUMONIA__person645_virus_1226.png,person645_virus_1226.jpeg,PNEUMONIA,virus,person645,1,train,1328,792
PNEUMONIA__person646_bacteria_2538.png,person646_bacteria_2538.jpeg,PNEUMONIA,bacteria,person646,1,train,1068,778
PNEUMONIA__person646_virus_1227.png,person646_virus_1227.jpeg,PNEUMONIA,virus,person646,1,train,1048,552
PNEUMONIA__person647_bacteria_2539.png,person647_bacteria_2539.jpeg,PNEUMONIA,bacteria,person647,1,train,912,704
PNEUMONIA__person647_virus_1228.png,person647_virus_1228.jpeg,PNEUMONIA,virus,person647,1,train,1416,1128
PNEUMONIA__person647_virus_1229.png,person647_virus_1229.jpeg,PNEUMONIA,virus,person647,1,train,1704,1544
PNEUMONIA__person648_bacteria_2540.png,person648_bacteria_2540.jpeg,PNEUMONIA,bacteria,person648,1,test,896,656
PNEUMONIA__person648_virus_1230.png,person648_virus_1230.jpeg,PNEUMONIA,virus,person648,1,test,992,784
PNEUMONIA__person649_bacteria_2541.png,person649_bacteria_2541.jpeg,PNEUMONIA,bacteria,person649,1,val,936,760
PNEUMONIA__person649_virus_1231.png,person649_virus_1231.jpeg,PNEUMONIA,virus,person649,1,val,1192,864
PNEUMONIA__person64_bacteria_310.png,person64_bacteria_310.jpeg,PNEUMONIA,bacteria,person64,1,train,856,464
PNEUMONIA__person64_bacteria_312.png,person64_bacteria_312.jpeg,PNEUMONIA,bacteria,person64,1,train,848,504
PNEUMONIA__person64_bacteria_316.png,person64_bacteria_316.jpeg,PNEUMONIA,bacteria,person64,1,train,1287,653
PNEUMONIA__person64_bacteria_317.png,person64_bacteria_317.jpeg,PNEUMONIA,bacteria,person64,1,train,828,485
PNEUMONIA__person64_bacteria_318.png,person64_bacteria_318.jpeg,PNEUMONIA,bacteria,person64,1,train,846,468
PNEUMONIA__person64_bacteria_319.png,person64_bacteria_319.jpeg,PNEUMONIA,bacteria,person64,1,train,864,535
PNEUMONIA__person64_bacteria_320.png,person64_bacteria_320.jpeg,PNEUMONIA,bacteria,person64,1,train,990,614
PNEUMONIA__person650_bacteria_2542.png,person650_bacteria_2542.jpeg,PNEUMONIA,bacteria,person650,1,train,936,624
PNEUMONIA__person650_virus_1232.png,person650_virus_1232.jpeg,PNEUMONIA,virus,person650,1,train,1248,664
PNEUMONIA__person651_bacteria_2543.png,person651_bacteria_2543.jpeg,PNEUMONIA,bacteria,person651,1,train,904,560
PNEUMONIA__person652_bacteria_2544.png,person652_bacteria_2544.jpeg,PNEUMONIA,bacteria,person652,1,test,1392,901
PNEUMONIA__person652_virus_1234.png,person652_virus_1234.jpeg,PNEUMONIA,virus,person652,1,test,1176,744
PNEUMONIA__person653_bacteria_2545.png,person653_bacteria_2545.jpeg,PNEUMONIA,bacteria,person653,1,train,1136,784
PNEUMONIA__person653_virus_1235.png,person653_virus_1235.jpeg,PNEUMONIA,virus,person653,1,train,1224,888
PNEUMONIA__person654_bacteria_2546.png,person654_bacteria_2546.jpeg,PNEUMONIA,bacteria,person654,1,train,1160,824
PNEUMONIA__person655_bacteria_2547.png,person655_bacteria_2547.jpeg,PNEUMONIA,bacteria,person655,1,train,1008,704
PNEUMONIA__person656_bacteria_2548.png,person656_bacteria_2548.jpeg,PNEUMONIA,bacteria,person656,1,train,1144,592
PNEUMONIA__person656_virus_1238.png,person656_virus_1238.jpeg,PNEUMONIA,virus,person656,1,train,1568,1096
PNEUMONIA__person657_bacteria_2549.png,person657_bacteria_2549.jpeg,PNEUMONIA,bacteria,person657,1,test,1226,655
PNEUMONIA__person657_virus_1240.png,person657_virus_1240.jpeg,PNEUMONIA,virus,person657,1,test,1616,912
PNEUMONIA__person658_bacteria_2550.png,person658_bacteria_2550.jpeg,PNEUMONIA,bacteria,person658,1,train,864,544
PNEUMONIA__person658_virus_1241.png,person658_virus_1241.jpeg,PNEUMONIA,virus,person658,1,train,1392,912
PNEUMONIA__person659_bacteria_2551.png,person659_bacteria_2551.jpeg,PNEUMONIA,bacteria,person659,1,train,992,608
PNEUMONIA__person659_virus_1243.png,person659_virus_1243.jpeg,PNEUMONIA,virus,person659,1,train,1432,1160
PNEUMONIA__person65_bacteria_322.png,person65_bacteria_322.jpeg,PNEUMONIA,bacteria,person65,1,train,1189,720
PNEUMONIA__person660_bacteria_2552.png,person660_bacteria_2552.jpeg,PNEUMONIA,bacteria,person660,1,train,1024,624
PNEUMONIA__person660_virus_1244.png,person660_virus_1244.jpeg,PNEUMONIA,virus,person660,1,train,1232,848
PNEUMONIA__person661_bacteria_2553.png,person661_bacteria_2553.jpeg,PNEUMONIA,bacteria,person661,1,test,864,480
PNEUMONIA__person661_virus_1245.png,person661_virus_1245.jpeg,PNEUMONIA,virus,person661,1,test,1264,896
PNEUMONIA__person662_bacteria_2554.png,person662_bacteria_2554.jpeg,PNEUMONIA,bacteria,person662,1,train,928,656
PNEUMONIA__person662_virus_1246.png,person662_virus_1246.jpeg,PNEUMONIA,virus,person662,1,train,1552,1224
PNEUMONIA__person663_bacteria_2555.png,person663_bacteria_2555.jpeg,PNEUMONIA,bacteria,person663,1,train,1164,809
PNEUMONIA__person663_virus_1247.png,person663_virus_1247.jpeg,PNEUMONIA,virus,person663,1,train,1104,684
PNEUMONIA__person663_virus_1248.png,person663_virus_1248.jpeg,PNEUMONIA,virus,person663,1,train,1216,872
PNEUMONIA__person664_virus_1249.png,person664_virus_1249.jpeg,PNEUMONIA,virus,person664,1,train,1464,1296
PNEUMONIA__person665_bacteria_2557.png,person665_bacteria_2557.jpeg,PNEUMONIA,bacteria,person665,1,train,1080,720
PNEUMONIA__person665_virus_1250.png,person665_virus_1250.jpeg,PNEUMONIA,virus,person665,1,train,952,544
PNEUMONIA__person666_bacteria_2558.png,person666_bacteria_2558.jpeg,PNEUMONIA,bacteria,person666,1,train,1320,792
PNEUMONIA__person666_virus_1251.png,person666_virus_1251.jpeg,PNEUMONIA,virus,person666,1,train,936,684
PNEUMONIA__person667_virus_1252.png,person667_virus_1252.jpeg,PNEUMONIA,virus,person667,1,train,1520,968
PNEUMONIA__person667_virus_1253.png,person667_virus_1253.jpeg,PNEUMONIA,virus,person667,1,train,1528,1120
PNEUMONIA__person669_bacteria_2561.png,person669_bacteria_2561.jpeg,PNEUMONIA,bacteria,person669,1,train,1016,576
PNEUMONIA__person669_bacteria_2562.png,person669_bacteria_2562.jpeg,PNEUMONIA,bacteria,person669,1,train,976,552
PNEUMONIA__person669_virus_1255.png,person669_virus_1255.jpeg,PNEUMONIA,virus,person669,1,train,929,435
PNEUMONIA__person66_bacteria_323.png,person66_bacteria_323.jpeg,PNEUMONIA,bacteria,person66,1,val,944,608
PNEUMONIA__person66_bacteria_324.png,person66_bacteria_324.jpeg,PNEUMONIA,bacteria,person66,1,val,1016,656
PNEUMONIA__person66_bacteria_325.png,person66_bacteria_325.jpeg,PNEUMONIA,bacteria,person66,1,val,904,560
PNEUMONIA__person66_bacteria_326.png,person66_bacteria_326.jpeg,PNEUMONIA,bacteria,person66,1,val,1176,728
PNEUMONIA__person670_bacteria_2563.png,person670_bacteria_2563.jpeg,PNEUMONIA,bacteria,person670,1,train,992,736
PNEUMONIA__person670_virus_1256.png,person670_virus_1256.jpeg,PNEUMONIA,virus,person670,1,train,877,523
PNEUMONIA__person670_virus_1259.png,person670_virus_1259.jpeg,PNEUMONIA,virus,person670,1,train,810,391
PNEUMONIA__person671_bacteria_2564.png,person671_bacteria_2564.jpeg,PNEUMONIA,bacteria,person671,1,val,832,528
PNEUMONIA__person671_virus_1260.png,person671_virus_1260.jpeg,PNEUMONIA,virus,person671,1,val,856,577
PNEUMONIA__person672_bacteria_2565.png,person672_bacteria_2565.jpeg,PNEUMONIA,bacteria,person672,1,train,1064,632
PNEUMONIA__person672_virus_1261.png,person672_virus_1261.jpeg,PNEUMONIA,virus,person672,1,train,1408,872
PNEUMONIA__person673_bacteria_2566.png,person673_bacteria_2566.jpeg,PNEUMONIA,bacteria,person673,1,train,848,552
PNEUMONIA__person673_virus_1263.png,person673_virus_1263.jpeg,PNEUMONIA,virus,person673,1,train,1624,1128
PNEUMONIA__person674_bacteria_2568.png,person674_bacteria_2568.jpeg,PNEUMONIA,bacteria,person674,1,test,1381,1044
PNEUMONIA__person675_bacteria_2569.png,person675_bacteria_2569.jpeg,PNEUMONIA,bacteria,person675,1,train,705,373
PNEUMONIA__person677_bacteria_2571.png,person677_bacteria_2571.jpeg,PNEUMONIA,bacteria,person677,1,test,944,696
PNEUMONIA__person677_virus_1268.png,person677_virus_1268.jpeg,PNEUMONIA,virus,person677,1,test,1144,632
PNEUMONIA__person678_bacteria_2572.png,person678_bacteria_2572.jpeg,PNEUMONIA,bacteria,person678,1,val,1790,1145
PNEUMONIA__person679_virus_1270.png,person679_virus_1270.jpeg,PNEUMONIA,virus,person679,1,train,1496,1040
PNEUMONIA__person67_bacteria_328.png,person67_bacteria_328.jpeg,PNEUMONIA,bacteria,person67,1,train,848,488
PNEUMONIA__person67_bacteria_329.png,person67_bacteria_329.jpeg,PNEUMONIA,bacteria,person67,1,train,792,448
PNEUMONIA__person67_bacteria_330.png,person67_bacteria_330.jpeg,PNEUMONIA,bacteria,person67,1,train,832,440
PNEUMONIA__person67_bacteria_331.png,person67_bacteria_331.jpeg,PNEUMONIA,bacteria,person67,1,train,832,568
PNEUMONIA__person67_bacteria_332.png,person67_bacteria_332.jpeg,PNEUMONIA,bacteria,person67,1,train,728,392
PNEUMONIA__person67_bacteria_333.png,person67_bacteria_333.jpeg,PNEUMONIA,bacteria,person67,1,train,664,472
PNEUMONIA__person67_bacteria_334.png,person67_bacteria_334.jpeg,PNEUMONIA,bacteria,person67,1,train,948,542
PNEUMONIA__person680_bacteria_2575.png,person680_bacteria_2575.jpeg,PNEUMONIA,bacteria,person680,1,train,789,469
PNEUMONIA__person681_bacteria_2576.png,person681_bacteria_2576.jpeg,PNEUMONIA,bacteria,person681,1,train,1172,859
PNEUMONIA__person681_virus_1272.png,person681_virus_1272.jpeg,PNEUMONIA,virus,person681,1,train,1072,800
PNEUMONIA__person682_virus_1273.png,person682_virus_1273.jpeg,PNEUMONIA,virus,person682,1,val,1384,792
PNEUMONIA__person683_bacteria_2578.png,person683_bacteria_2578.jpeg,PNEUMONIA,bacteria,person683,1,test,1408,992
PNEUMONIA__person684_bacteria_2580.png,person684_bacteria_2580.jpeg,PNEUMONIA,bacteria,person684,1,train,1128,704
PNEUMONIA__person684_virus_1275.png,person684_virus_1275.jpeg,PNEUMONIA,virus,person684,1,train,1256,880
PNEUMONIA__person685_bacteria_2581.png,person685_bacteria_2581.jpeg,PNEUMONIA,bacteria,person685,1,train,1112,688
PNEUMONIA__person687_bacteria_2583.png,person687_bacteria_2583.jpeg,PNEUMONIA,bacteria,person687,1,train,948,763
PNEUMONIA__person688_bacteria_2584.png,person688_bacteria_2584.jpeg,PNEUMONIA,bacteria,person688,1,train,872,528
PNEUMONIA__person688_virus_1281.png,person688_virus_1281.jpeg,PNEUMONIA,virus,person688,1,train,1136,1024
PNEUMONIA__person688_virus_1282.png,person688_virus_1282.jpeg,PNEUMONIA,virus,person688,1,train,1136,1024
PNEUMONIA__person689_bacteria_2585.png,person689_bacteria_2585.jpeg,PNEUMONIA,bacteria,person689,1,test,992,736
PNEUMONIA__person689_bacteria_2586.png,person689_bacteria_2586.jpeg,PNEUMONIA,bacteria,person689,1,test,1000,728
PNEUMONIA__person68_bacteria_335.png,person68_bacteria_335.jpeg,PNEUMONIA,bacteria,person68,1,train,1032,824
PNEUMONIA__person68_bacteria_336.png,person68_bacteria_336.jpeg,PNEUMONIA,bacteria,person68,1,train,1148,805
PNEUMONIA__person68_bacteria_337.png,person68_bacteria_337.jpeg,PNEUMONIA,bacteria,person68,1,train,1222,886
PNEUMONIA__person690_bacteria_2587.png,person690_bacteria_2587.jpeg,PNEUMONIA,bacteria,person690,1,val,800,640
PNEUMONIA__person691_bacteria_2588.png,person691_bacteria_2588.jpeg,PNEUMONIA,bacteria,person691,1,train,920,552
PNEUMONIA__person692_bacteria_2589.png,person692_bacteria_2589.jpeg,PNEUMONIA,bacteria,person692,1,train,992,800
PNEUMONIA__person692_virus_1286.png,person692_virus_1286.jpeg,PNEUMONIA,virus,person692,1,train,1240,912
PNEUMONIA__person693_bacteria_2590.png,person693_bacteria_2590.jpeg,PNEUMONIA,bacteria,person693,1,val,1008,640
PNEUMONIA__person696_bacteria_2594.png,person696_bacteria_2594.jpeg,PNEUMONIA,bacteria,person696,1,train,823,459
PNEUMONIA__person698_virus_1294.png,person698_virus_1294.jpeg,PNEUMONIA,virus,person698,1,train,1192,808
PNEUMONIA__person699_bacteria_2598.png,person699_bacteria_2598.jpeg,PNEUMONIA,bacteria,person699,1,test,984,648
PNEUMONIA__person699_virus_1295.png,person699_virus_1295.jpeg,PNEUMONIA,virus,person699,1,test,1016,632
PNEUMONIA__person69_bacteria_338.png,person69_bacteria_338.jpeg,PNEUMONIA,bacteria,person69,1,train,850,560
PNEUMONIA__person6_bacteria_22.png,person6_bacteria_22.jpeg,PNEUMONIA,bacteria,person6,1,train,928,752
PNEUMONIA__person700_bacteria_2599.png,person700_bacteria_2599.jpeg,PNEUMONIA,bacteria,person700,1,train,1276,917
PNEUMONIA__person701_bacteria_2600.png,person701_bacteria_2600.jpeg,PNEUMONIA,bacteria,person701,1,train,1658,1010
PNEUMONIA__person701_virus_1297.png,person701_virus_1297.jpeg,PNEUMONIA,virus,person701,1,train,1504,1091
PNEUMONIA__person702_bacteria_2601.png,person702_bacteria_2601.jpeg,PNEUMONIA,bacteria,person702,1,test,992,600
PNEUMONIA__person702_virus_1299.png,person702_virus_1299.jpeg,PNEUMONIA,virus,person702,1,test,1836,1535
PNEUMONIA__person703_bacteria_2602.png,person703_bacteria_2602.jpeg,PNEUMONIA,bacteria,person703,1,val,824,608
PNEUMONIA__person703_virus_1300.png,person703_virus_1300.jpeg,PNEUMONIA,virus,person703,1,val,1766,1403
PNEUMONIA__person704_bacteria_2603.png,person704_bacteria_2603.jpeg,PNEUMONIA,bacteria,person704,1,train,936,624
PNEUMONIA__person704_virus_1301.png,person704_virus_1301.jpeg,PNEUMONIA,virus,person704,1,train,1136,728
PNEUMONIA__person705_virus_1302.png,person705_virus_1302.jpeg,PNEUMONIA,virus,person705,1,train,1080,808
PNEUMONIA__person705_virus_1303.png,person705_virus_1303.jpeg,PNEUMONIA,virus,person705,1,train,1016,816
PNEUMONIA__person706_virus_1304.png,person706_virus_1304.jpeg,PNEUMONIA,virus,person706,1,train,1474,1044
PNEUMONIA__person707_bacteria_2606.png,person707_bacteria_2606.jpeg,PNEUMONIA,bacteria,person707,1,train,992,712
PNEUMONIA__person707_virus_1305.png,person707_virus_1305.jpeg,PNEUMONIA,virus,person707,1,train,1748,1202
PNEUMONIA__person709_bacteria_2608.png,person709_bacteria_2608.jpeg,PNEUMONIA,bacteria,person709,1,test,889,569
PNEUMONIA__person70_bacteria_341.png,person70_bacteria_341.jpeg,PNEUMONIA,bacteria,person70,1,train,952,600
PNEUMONIA__person70_bacteria_342.png,person70_bacteria_342.jpeg,PNEUMONIA,bacteria,person70,1,train,1016,560
PNEUMONIA__person70_bacteria_343.png,person70_bacteria_343.jpeg,PNEUMONIA,bacteria,person70,1,train,1016,560
PNEUMONIA__person70_bacteria_344.png,person70_bacteria_344.jpeg,PNEUMONIA,bacteria,person70,1,train,896,488
PNEUMONIA__person70_bacteria_345.png,person70_bacteria_345.jpeg,PNEUMONIA,bacteria,person70,1,train,944,576
PNEUMONIA__person70_bacteria_346.png,person70_bacteria_346.jpeg,PNEUMONIA,bacteria,person70,1,train,1070,736
PNEUMONIA__person710_bacteria_2611.png,person710_bacteria_2611.jpeg,PNEUMONIA,bacteria,person710,1,val,1214,739
PNEUMONIA__person710_virus_1308.png,person710_virus_1308.jpeg,PNEUMONIA,virus,person710,1,val,928,552
PNEUMONIA__person711_bacteria_2612.png,person711_bacteria_2612.jpeg,PNEUMONIA,bacteria,person711,1,train,1064,616
PNEUMONIA__person711_virus_1309.png,person711_virus_1309.jpeg,PNEUMONIA,virus,person711,1,train,888,568
PNEUMONIA__person712_bacteria_2613.png,person712_bacteria_2613.jpeg,PNEUMONIA,bacteria,person712,1,test,944,784
PNEUMONIA__person712_virus_1310.png,person712_virus_1310.jpeg,PNEUMONIA,virus,person712,1,test,645,462
PNEUMONIA__person713_bacteria_2614.png,person713_bacteria_2614.jpeg,PNEUMONIA,bacteria,person713,1,train,848,632
PNEUMONIA__person714_bacteria_2615.png,person714_bacteria_2615.jpeg,PNEUMONIA,bacteria,person714,1,val,930,587
PNEUMONIA__person716_bacteria_2617.png,person716_bacteria_2617.jpeg,PNEUMONIA,bacteria,person716,1,train,856,512
PNEUMONIA__person716_virus_1314.png,person716_virus_1314.jpeg,PNEUMONIA,virus,person716,1,train,800,608
PNEUMONIA__person717_bacteria_2618.png,person717_bacteria_2618.jpeg,PNEUMONIA,bacteria,person717,1,train,800,552
PNEUMONIA__person718_bacteria_2620.png,person718_bacteria_2620.jpeg,PNEUMONIA,bacteria,person718,1,test,1974,1720
PNEUMONIA__person718_virus_1316.png,person718_virus_1316.jpeg,PNEUMONIA,virus,person718,1,test,709,500
PNEUMONIA__person719_bacteria_2621.png,person719_bacteria_2621.jpeg,PNEUMONIA,bacteria,person719,1,train,912,712
PNEUMONIA__person719_virus_1338.png,person719_virus_1338.jpeg,PNEUMONIA,virus,person719,1,train,734,307
PNEUMONIA__person71_bacteria_347.png,person71_bacteria_347.jpeg,PNEUMONIA,bacteria,person71,1,train,1032,800
PNEUMONIA__person71_bacteria_348.png,person71_bacteria_348.jpeg,PNEUMONIA,bacteria,person71,1,train,824,656
PNEUMONIA__person71_bacteria_349.png,person71_bacteria_349.jpeg,PNEUMONIA,bacteria,person71,1,train,928,656
PNEUMONIA__person71_bacteria_350.png,person71_bacteria_350.jpeg,PNEUMONIA,bacteria,person71,1,train,952,664
PNEUMONIA__person71_bacteria_351.png,person71_bacteria_351.jpeg,PNEUMONIA,bacteria,person71,1,train,1056,925
PNEUMONIA__person720_bacteria_2622.png,person720_bacteria_2622.jpeg,PNEUMONIA,bacteria,person720,1,train,760,512
PNEUMONIA__person720_virus_1339.png,person720_virus_1339.jpeg,PNEUMONIA,virus,person720,1,train,1160,744
PNEUMONIA__person721_bacteria_2623.png,person721_bacteria_2623.jpeg,PNEUMONIA,bacteria,person721,1,val,816,584
PNEUMONIA__person721_virus_1340.png,person721_virus_1340.jpeg,PNEUMONIA,virus,person721,1,val,1056,701
PNEUMONIA__person722_virus_1341.png,person722_virus_1341.jpeg,PNEUMONIA,virus,person722,1,train,1430,921
PNEUMONIA__person723_bacteria_2625.png,person723_bacteria_2625.jpeg,PNEUMONIA,bacteria,person723,1,train,1008,664
PNEUMONIA__person723_virus_1342.png,person723_virus_1342.jpeg,PNEUMONIA,virus,person723,1,train,1776,1210
PNEUMONIA__person724_bacteria_2626.png,person724_bacteria_2626.jpeg,PNEUMONIA,bacteria,person724,1,train,848,584
PNEUMONIA__person724_virus_1343.png,person724_virus_1343.jpeg,PNEUMONIA,virus,person724,1,train,904,672
PNEUMONIA__person724_virus_1344.png,person724_virus_1344.jpeg,PNEUMONIA,virus,person724,1,train,1024,528
PNEUMONIA__person725_bacteria_2627.png,person725_bacteria_2627.jpeg,PNEUMONIA,bacteria,person725,1,train,1224,880
PNEUMONIA__person726_bacteria_2628.png,person726_bacteria_2628.jpeg,PNEUMONIA,bacteria,person726,1,test,768,480
PNEUMONIA__person727_bacteria_2629.png,person727_bacteria_2629.jpeg,PNEUMONIA,bacteria,person727,1,train,1180,1025
PNEUMONIA__person727_virus_1347.png,person727_virus_1347.jpeg,PNEUMONIA,virus,person727,1,train,1364,1242
PNEUMONIA__person728_bacteria_2630.png,person728_bacteria_2630.jpeg,PNEUMONIA,bacteria,person728,1,val,1000,528
PNEUMONIA__person72_bacteria_352.png,person72_bacteria_352.jpeg,PNEUMONIA,bacteria,person72,1,test,1320,1056
PNEUMONIA__person72_bacteria_353.png,person72_bacteria_353.jpeg,PNEUMONIA,bacteria,person72,1,test,1256,960
PNEUMONIA__person72_bacteria_354.png,person72_bacteria_354.jpeg,PNEUMONIA,bacteria,person72,1,test,1500,1152
PNEUMONIA__person730_bacteria_2632.png,person730_bacteria_2632.jpeg,PNEUMONIA,bacteria,person730,1,val,1176,760
PNEUMONIA__person730_virus_1351.png,person730_virus_1351.jpeg,PNEUMONIA,virus,person730,1,val,1584,1184
PNEUMONIA__person731_bacteria_2633.png,person731_bacteria_2633.jpeg,PNEUMONIA,bacteria,person731,1,train,1008,680
PNEUMONIA__person731_virus_1352.png,person731_virus_1352.jpeg,PNEUMONIA,virus,person731,1,train,1985,1533
PNEUMONIA__person732_bacteria_2634.png,person732_bacteria_2634.jpeg,PNEUMONIA,bacteria,person732,1,train,1360,1016
PNEUMONIA__person732_virus_1353.png,person732_virus_1353.jpeg,PNEUMONIA,virus,person732,1,train,1098,651
PNEUMONIA__person733_bacteria_2635.png,person733_bacteria_2635.jpeg,PNEUMONIA,bacteria,person733,1,train,1216,928
PNEUMONIA__person734_bacteria_2637.png,person734_bacteria_2637.jpeg,PNEUMONIA,bacteria,person734,1,train,1400,898
PNEUMONIA__person734_virus_1355.png,person734_virus_1355.jpeg,PNEUMONIA,virus,person734,1,train,985,585
PNEUMONIA__person735_bacteria_2638.png,person735_bacteria_2638.jpeg,PNEUMONIA,bacteria,person735,1,train,1589,1044
PNEUMONIA__person735_virus_1356.png,person735_virus_1356.jpeg,PNEUMONIA,virus,person735,1,train,1276,947
PNEUMONIA__person736_bacteria_2639.png,person736_bacteria_2639.jpeg,PNEUMONIA,bacteria,person736,1,test,800,512
PNEUMONIA__person736_virus_1358.png,person736_virus_1358.jpeg,PNEUMONIA,virus,person736,1,test,982,573
PNEUMONIA__person737_bacteria_2640.png,person737_bacteria_2640.jpeg,PNEUMONIA,bacteria,person737,1,train,880,552
PNEUMONIA__person738_bacteria_2641.png,person738_bacteria_2641.jpeg,PNEUMONIA,bacteria,person738,1,val,976,704
PNEUMONIA__person738_virus_1360.png,person738_virus_1360.jpeg,PNEUMONIA,virus,person738,1,val,1662,1083
PNEUMONIA__person739_bacteria_2642.png,person739_bacteria_2642.jpeg,PNEUMONIA,bacteria,person739,1,train,1040,752
PNEUMONIA__person739_virus_1361.png,person739_virus_1361.jpeg,PNEUMONIA,virus,person739,1,train,883,559
PNEUMONIA__person73_bacteria_355.png,person73_bacteria_355.jpeg,PNEUMONIA,bacteria,person73,1,test,1152,944
PNEUMONIA__person73_bacteria_356.png,person73_bacteria_356.jpeg,PNEUMONIA,bacteria,person73,1,test,1024,696
PNEUMONIA__person73_bacteria_357.png,person73_bacteria_357.jpeg,PNEUMONIA,bacteria,person73,1,test,1048,752
PNEUMONIA__person73_bacteria_358.png,person73_bacteria_358.jpeg,PNEUMONIA,bacteria,person73,1,test,1032,856
PNEUMONIA__person73_bacteria_359.png,person73_bacteria_359.jpeg,PNEUMONIA,bacteria,person73,1,test,1272,896
PNEUMONIA__person73_bacteria_360.png,person73_bacteria_360.jpeg,PNEUMONIA,bacteria,person73,1,test,1298,971
PNEUMONIA__person740_bacteria_2643.png,person740_bacteria_2643.jpeg,PNEUMONIA,bacteria,person740,1,test,838,498
PNEUMONIA__person740_virus_1362.png,person740_virus_1362.jpeg,PNEUMONIA,virus,person740,1,test,1040,504
PNEUMONIA__person740_virus_1363.png,person740_virus_1363.jpeg,PNEUMONIA,virus,person740,1,test,952,528
PNEUMONIA__person741_bacteria_2644.png,person741_bacteria_2644.jpeg,PNEUMONIA,bacteria,person741,1,train,1320,840
PNEUMONIA__person741_virus_1364.png,person741_virus_1364.jpeg,PNEUMONIA,virus,person741,1,train,984,552
PNEUMONIA__person742_virus_1365.png,person742_virus_1365.jpeg,PNEUMONIA,virus,person742,1,train,928,432
PNEUMONIA__person743_bacteria_2646.png,person743_bacteria_2646.jpeg,PNEUMONIA,bacteria,person743,1,train,984,760
PNEUMONIA__person743_virus_1366.png,person743_virus_1366.jpeg,PNEUMONIA,virus,person743,1,train,920,736
PNEUMONIA__person744_bacteria_2647.png,person744_bacteria_2647.jpeg,PNEUMONIA,bacteria,person744,1,train,1040,724
PNEUMONIA__person744_virus_1367.png,person744_virus_1367.jpeg,PNEUMONIA,virus,person744,1,train,1048,685
PNEUMONIA__person745_bacteria_2648.png,person745_bacteria_2648.jpeg,PNEUMONIA,bacteria,person745,1,train,1322,890
PNEUMONIA__person745_virus_1368.png,person745_virus_1368.jpeg,PNEUMONIA,virus,person745,1,train,942,674
PNEUMONIA__person746_bacteria_2649.png,person746_bacteria_2649.jpeg,PNEUMONIA,bacteria,person746,1,train,1002,535
PNEUMONIA__person746_virus_1369.png,person746_virus_1369.jpeg,PNEUMONIA,virus,person746,1,train,895,516
PNEUMONIA__person747_bacteria_2650.png,person747_bacteria_2650.jpeg,PNEUMONIA,bacteria,person747,1,val,1000,792
PNEUMONIA__person747_virus_1370.png,person747_virus_1370.jpeg,PNEUMONIA,virus,person747,1,val,856,568
PNEUMONIA__person747_virus_1372.png,person747_virus_1372.jpeg,PNEUMONIA,virus,person747,1,val,944,632
PNEUMONIA__person748_virus_1373.png,person748_virus_1373.jpeg,PNEUMONIA,virus,person748,1,train,992,608
PNEUMONIA__person749_bacteria_2652.png,person749_bacteria_2652.jpeg,PNEUMONIA,bacteria,person749,1,train,944,552
PNEUMONIA__person749_virus_1374.png,person749_virus_1374.jpeg,PNEUMONIA,virus,person749,1,train,968,728
PNEUMONIA__person74_bacteria_361.png,person74_bacteria_361.jpeg,PNEUMONIA,bacteria,person74,1,train,1240,928
PNEUMONIA__person74_bacteria_362.png,person74_bacteria_362.jpeg,PNEUMONIA,bacteria,person74,1,train,1368,928
PNEUMONIA__person74_bacteria_363.png,person74_bacteria_363.jpeg,PNEUMONIA,bacteria,person74,1,train,1574,959
PNEUMONIA__person750_bacteria_2653.png,person750_bacteria_2653.jpeg,PNEUMONIA,bacteria,person750,1,train,1008,656
PNEUMONIA__person751_bacteria_2654.png,person751_bacteria_2654.jpeg,PNEUMONIA,bacteria,person751,1,train,995,604
PNEUMONIA__person752_virus_1377.png,person752_virus_1377.jpeg,PNEUMONIA,virus,person752,1,val,894,610
PNEUMONIA__person753_bacteria_2656.png,person753_bacteria_2656.jpeg,PNEUMONIA,bacteria,person753,1,train,1064,688
PNEUMONIA__person753_virus_1378.png,person753_virus_1378.jpeg,PNEUMONIA,virus,person753,1,train,880,648
PNEUMONIA__person754_virus_1379.png,person754_virus_1379.jpeg,PNEUMONIA,virus,person754,1,train,904,848
PNEUMONIA__person755_bacteria_2659.png,person755_bacteria_2659.jpeg,PNEUMONIA,bacteria,person755,1,train,992,712
PNEUMONIA__person755_virus_1380.png,person755_virus_1380.jpeg,PNEUMONIA,virus,person755,1,train,2160,2304
PNEUMONIA__person755_virus_1382.png,person755_virus_1382.jpeg,PNEUMONIA,virus,person755,1,train,2096,1864
PNEUMONIA__person756_bacteria_2660.png,person756_bacteria_2660.jpeg,PNEUMONIA,bacteria,person756,1,train,904,584
PNEUMONIA__person757_bacteria_2661.png,person757_bacteria_2661.jpeg,PNEUMONIA,bacteria,person757,1,val,1000,688
PNEUMONIA__person757_virus_1385.png,person757_virus_1385.jpeg,PNEUMONIA,virus,person757,1,val,937,533
PNEUMONIA__person758_bacteria_2662.png,person758_bacteria_2662.jpeg,PNEUMONIA,bacteria,person758,1,train,1040,560
PNEUMONIA__person759_bacteria_2663.png,person759_bacteria_2663.jpeg,PNEUMONIA,bacteria,person759,1,train,1064,736
PNEUMONIA__person759_virus_1387.png,person759_virus_1387.jpeg,PNEUMONIA,virus,person759,1,train,1064,624
PNEUMONIA__person75_bacteria_364.png,person75_bacteria_364.jpeg,PNEUMONIA,bacteria,person75,1,test,1000,808
PNEUMONIA__person75_bacteria_365.png,person75_bacteria_365.jpeg,PNEUMONIA,bacteria,person75,1,test,1080,728
PNEUMONIA__person75_bacteria_366.png,person75_bacteria_366.jpeg,PNEUMONIA,bacteria,person75,1,test,1016,760
PNEUMONIA__person75_bacteria_367.png,person75_bacteria_367.jpeg,PNEUMONIA,bacteria,person75,1,test,936,600
PNEUMONIA__person75_bacteria_368.png,person75_bacteria_368.jpeg,PNEUMONIA,bacteria,person75,1,test,1056,696
PNEUMONIA__person75_bacteria_369.png,person75_bacteria_369.jpeg,PNEUMONIA,bacteria,person75,1,test,1106,731
PNEUMONIA__person760_bacteria_2664.png,person760_bacteria_2664.jpeg,PNEUMONIA,bacteria,person760,1,train,856,648
PNEUMONIA__person760_virus_1388.png,person760_virus_1388.jpeg,PNEUMONIA,virus,person760,1,train,877,513
PNEUMONIA__person761_bacteria_2665.png,person761_bacteria_2665.jpeg,PNEUMONIA,bacteria,person761,1,train,936,624
PNEUMONIA__person761_virus_1389.png,person761_virus_1389.jpeg,PNEUMONIA,virus,person761,1,train,1016,616
PNEUMONIA__person762_virus_1390.png,person762_virus_1390.jpeg,PNEUMONIA,virus,person762,1,train,1744,1312
PNEUMONIA__person763_bacteria_2667.png,person763_bacteria_2667.jpeg,PNEUMONIA,bacteria,person763,1,train,968,672
PNEUMONIA__person763_virus_1391.png,person763_virus_1391.jpeg,PNEUMONIA,virus,person763,1,train,840,548
PNEUMONIA__person764_bacteria_2668.png,person764_bacteria_2668.jpeg,PNEUMONIA,bacteria,person764,1,train,1016,736
PNEUMONIA__person764_virus_1392.png,person764_virus_1392.jpeg,PNEUMONIA,virus,person764,1,train,795,427
PNEUMONIA__person765_bacteria_2669.png,person765_bacteria_2669.jpeg,PNEUMONIA,bacteria,person765,1,train,2050,1497
PNEUMONIA__person765_virus_1393.png,person765_virus_1393.jpeg,PNEUMONIA,virus,person765,1,train,1352,817
PNEUMONIA__person766_bacteria_2670.png,person766_bacteria_2670.jpeg,PNEUMONIA,bacteria,person766,1,train,920,544
PNEUMONIA__person767_bacteria_2671.png,person767_bacteria_2671.jpeg,PNEUMONIA,bacteria,person767,1,train,1008,592
PNEUMONIA__person768_bacteria_2672.png,person768_bacteria_2672.jpeg,PNEUMONIA,bacteria,person768,1,train,912,520
PNEUMONIA__person768_virus_1396.png,person768_virus_1396.jpeg,PNEUMONIA,virus,person768,1,train,854,543
PNEUMONIA__person769_bacteria_2673.png,person769_bacteria_2673.jpeg,PNEUMONIA,bacteria,person769,1,test,912,640
PNEUMONIA__person76_bacteria_370.png,person76_bacteria_370.jpeg,PNEUMONIA,bacteria,person76,1,train,1360,984
PNEUMONIA__person76_bacteria_371.png,person76_bacteria_371.jpeg,PNEUMONIA,bacteria,person76,1,train,1240,1048
PNEUMONIA__person76_bacteria_372.png,person76_bacteria_372.jpeg,PNEUMONIA,bacteria,person76,1,train,1458,1080
PNEUMONIA__person770_bacteria_2674.png,person770_bacteria_2674.jpeg,PNEUMONIA,bacteria,person770,1,train,944,640
PNEUMONIA__person770_virus_1398.png,person770_virus_1398.jpeg,PNEUMONIA,virus,person770,1,train,842,496
PNEUMONIA__person771_bacteria_2675.png,person771_bacteria_2675.jpeg,PNEUMONIA,bacteria,person771,1,test,992,552
PNEUMONIA__person771_virus_1399.png,person771_virus_1399.jpeg,PNEUMONIA,virus,person771,1,test,1240,552
PNEUMONIA__person772_virus_1401.png,person772_virus_1401.jpeg,PNEUMONIA,virus,person772,1,train,1000,592
PNEUMONIA__person773_virus_1402.png,person773_virus_1402.jpeg,PNEUMONIA,virus,person773,1,train,952,480
PNEUMONIA__person774_bacteria_2678.png,person774_bacteria_2678.jpeg,PNEUMONIA,bacteria,person774,1,train,1088,712
PNEUMONIA__person774_virus_1403.png,person774_virus_1403.jpeg,PNEUMONIA,virus,person774,1,train,840,584
PNEUMONIA__person775_bacteria_2679.png,person775_bacteria_2679.jpeg,PNEUMONIA,bacteria,person775,1,val,1216,728
PNEUMONIA__person775_virus_1404.png,person775_virus_1404.jpeg,PNEUMONIA,virus,person775,1,val,856,568
PNEUMONIA__person776_bacteria_2680.png,person776_bacteria_2680.jpeg,PNEUMONIA,bacteria,person776,1,train,968,600
PNEUMONIA__person776_virus_1405.png,person776_virus_1405.jpeg,PNEUMONIA,virus,person776,1,train,1776,1591
PNEUMONIA__person778_bacteria_2682.png,person778_bacteria_2682.jpeg,PNEUMONIA,bacteria,person778,1,train,1224,656
PNEUMONIA__person778_virus_1408.png,person778_virus_1408.jpeg,PNEUMONIA,virus,person778,1,train,896,512
PNEUMONIA__person779_bacteria_2683.png,person779_bacteria_2683.jpeg,PNEUMONIA,bacteria,person779,1,train,1144,793
PNEUMONIA__person779_virus_1409.png,person779_virus_1409.jpeg,PNEUMONIA,virus,person779,1,train,861,626
PNEUMONIA__person779_virus_1410.png,person779_virus_1410.jpeg,PNEUMONIA,virus,person779,1,train,752,576
PNEUMONIA__person77_bacteria_374.png,person77_bacteria_374.jpeg,PNEUMONIA,bacteria,person77,1,val,1008,848
PNEUMONIA__person77_bacteria_375.png,person77_bacteria_375.jpeg,PNEUMONIA,bacteria,person77,1,val,1224,704
PNEUMONIA__person77_bacteria_376.png,person77_bacteria_376.jpeg,PNEUMONIA,bacteria,person77,1,val,1024,872
PNEUMONIA__person77_bacteria_377.png,person77_bacteria_377.jpeg,PNEUMONIA,bacteria,person77,1,val,1156,820
PNEUMONIA__person780_bacteria_2684.png,person780_bacteria_2684.jpeg,PNEUMONIA,bacteria,person780,1,train,1453,1073
PNEUMONIA__person780_virus_1411.png,person780_virus_1411.jpeg,PNEUMONIA,virus,person780,1,train,816,512
PNEUMONIA__person781_virus_1412.png,person781_virus_1412.jpeg,PNEUMONIA,virus,person781,1,train,2258,2109
PNEUMONIA__person782_bacteria_2686.png,person782_bacteria_2686.jpeg,PNEUMONIA,bacteria,person782,1,train,1312,1144
PNEUMONIA__person783_bacteria_2687.png,person783_bacteria_2687.jpeg,PNEUMONIA,bacteria,person783,1,train,1431,1044
PNEUMONIA__person783_virus_1414.png,person783_virus_1414.jpeg,PNEUMONIA,virus,person783,1,train,912,536
PNEUMONIA__person785_bacteria_2689.png,person785_bacteria_2689.jpeg,PNEUMONIA,bacteria,person785,1,train,1080,720
PNEUMONIA__person786_bacteria_2690.png,person786_bacteria_2690.jpeg,PNEUMONIA,bacteria,person786,1,train,1000,816
PNEUMONIA__person787_bacteria_2691.png,person787_bacteria_2691.jpeg,PNEUMONIA,bacteria,person787,1,train,1546,1094
PNEUMONIA__person788_virus_1419.png,person788_virus_1419.jpeg,PNEUMONIA,virus,person788,1,val,1940,1469
PNEUMONIA__person789_bacteria_2694.png,person789_bacteria_2694.jpeg,PNEUMONIA,bacteria,person789,1,val,1080,584
PNEUMONIA__person789_virus_1420.png,person789_virus_1420.jpeg,PNEUMONIA,virus,person789,1,val,1224,736
PNEUMONIA__person790_virus_1421.png,person790_virus_1421.jpeg,PNEUMONIA,virus,person790,1,test,1658,1145
PNEUMONIA__person791_virus_1422.png,person791_virus_1422.jpeg,PNEUMONIA,virus,person791,1,train,1468,1010
PNEUMONIA__person793_virus_1424.png,person793_virus_1424.jpeg,PNEUMONIA,virus,person793,1,train,1144,848
PNEUMONIA__person794_bacteria_2700.png,person794_bacteria_2700.jpeg,PNEUMONIA,bacteria,person794,1,train,1244,959
PNEUMONIA__person795_virus_1427.png,person795_virus_1427.jpeg,PNEUMONIA,virus,person795,1,train,878,584
PNEUMONIA__person796_bacteria_2702.png,person796_bacteria_2702.jpeg,PNEUMONIA,bacteria,person796,1,train,1008,576
PNEUMONIA__person796_virus_1428.png,person796_virus_1428.jpeg,PNEUMONIA,virus,person796,1,train,1072,752
PNEUMONIA__person797_virus_1429.png,person797_virus_1429.jpeg,PNEUMONIA,virus,person797,1,test,920,512
PNEUMONIA__person798_virus_1430.png,person798_virus_1430.jpeg,PNEUMONIA,virus,person798,1,train,1294,902
PNEUMONIA__person799_bacteria_2705.png,person799_bacteria_2705.jpeg,PNEUMONIA,bacteria,person799,1,train,1248,944
PNEUMONIA__person799_virus_1431.png,person799_virus_1431.jpeg,PNEUMONIA,virus,person799,1,train,2016,2184
PNEUMONIA__person7_bacteria_24.png,person7_bacteria_24.jpeg,PNEUMONIA,bacteria,person7,1,test,1224,896
PNEUMONIA__person7_bacteria_25.png,person7_bacteria_25.jpeg,PNEUMONIA,bacteria,person7,1,test,932,588
PNEUMONIA__person7_bacteria_28.png,person7_bacteria_28.jpeg,PNEUMONIA,bacteria,person7,1,test,1033,697
PNEUMONIA__person7_bacteria_29.png,person7_bacteria_29.jpeg,PNEUMONIA,bacteria,person7,1,test,1200,824
PNEUMONIA__person800_bacteria_2706.png,person800_bacteria_2706.jpeg,PNEUMONIA,bacteria,person800,1,train,985,621
PNEUMONIA__person801_virus_1434.png,person801_virus_1434.jpeg,PNEUMONIA,virus,person801,1,test,1384,1021
PNEUMONIA__person802_bacteria_2708.png,person802_bacteria_2708.jpeg,PNEUMONIA,bacteria,person802,1,train,1260,971
PNEUMONIA__person803_bacteria_2710.png,person803_bacteria_2710.jpeg,PNEUMONIA,bacteria,person803,1,train,745,467
PNEUMONIA__person803_virus_1436.png,person803_virus_1436.jpeg,PNEUMONIA,virus,person803,1,train,1296,847
PNEUMONIA__person804_bacteria_2711.png,person804_bacteria_2711.jpeg,PNEUMONIA,bacteria,person804,1,train,1064,504
PNEUMONIA__person805_bacteria_2712.png,person805_bacteria_2712.jpeg,PNEUMONIA,bacteria,person805,1,val,1134,731
PNEUMONIA__person806_virus_1439.png,person806_virus_1439.jpeg,PNEUMONIA,virus,person806,1,train,1416,1344
PNEUMONIA__person806_virus_1440.png,person806_virus_1440.jpeg,PNEUMONIA,virus,person806,1,train,1216,1152
PNEUMONIA__person807_virus_1441.png,person807_virus_1441.jpeg,PNEUMONIA,virus,person807,1,train,1672,1352
PNEUMONIA__person808_bacteria_2716.png,person808_bacteria_2716.jpeg,PNEUMONIA,bacteria,person808,1,val,1132,821
PNEUMONIA__person808_virus_1442.png,person808_virus_1442.jpeg,PNEUMONIA,virus,person808,1,val,1746,1523
PNEUMONIA__person809_bacteria_2717.png,person809_bacteria_2717.jpeg,PNEUMONIA,bacteria,person809,1,test,1224,928
PNEUMONIA__person809_bacteria_2718.png,person809_bacteria_2718.jpeg,PNEUMONIA,bacteria,person809,1,test,1008,688
PNEUMONIA__person80_virus_150.png,person80_virus_150.jpeg,PNEUMONIA,virus,person80,1,val,1248,880
PNEUMONIA__person810_bacteria_2719.png,person810_bacteria_2719.jpeg,PNEUMONIA,bacteria,person810,1,test,872,608
PNEUMONIA__person810_virus_1445.png,person810_virus_1445.jpeg,PNEUMONIA,virus,person810,1,test,2000,1688
PNEUMONIA__person810_virus_1446.png,person810_virus_1446.jpeg,PNEUMONIA,virus,person810,1,test,1824,1632
PNEUMONIA__person811_bacteria_2721.png,person811_bacteria_2721.jpeg,PNEUMONIA,bacteria,person811,1,train,1558,933
PNEUMONIA__person811_virus_1447.png,person811_virus_1447.jpeg,PNEUMONIA,virus,person811,1,train,1376,999
PNEUMONIA__person813_bacteria_2723.png,person813_bacteria_2723.jpeg,PNEUMONIA,bacteria,person813,1,train,968,499
PNEUMONIA__person813_bacteria_2724.png,person813_bacteria_2724.jpeg,PNEUMONIA,bacteria,person813,1,train,1080,600
PNEUMONIA__person813_virus_1449.png,person813_virus_1449.jpeg,PNEUMONIA,virus,person813,1,train,1911,1806
PNEUMONIA__person814_bacteria_2725.png,person814_bacteria_2725.jpeg,PNEUMONIA,bacteria,person814,1,train,1176,664
PNEUMONIA__person815_bacteria_2726.png,person815_bacteria_2726.jpeg,PNEUMONIA,bacteria,person815,1,train,1400,1052
PNEUMONIA__person816_bacteria_2727.png,person816_bacteria_2727.jpeg,PNEUMONIA,bacteria,person816,1,train,1184,864
PNEUMONIA__person817_bacteria_2728.png,person817_bacteria_2728.jpeg,PNEUMONIA,bacteria,person817,1,train,700,463
PNEUMONIA__person818_bacteria_2729.png,person818_bacteria_2729.jpeg,PNEUMONIA,bacteria,person818,1,test,1072,816
PNEUMONIA__person819_bacteria_2730.png,person819_bacteria_2730.jpeg,PNEUMONIA,bacteria,person819,1,val,864,528
PNEUMONIA__person819_virus_1455.png,person819_virus_1455.jpeg,PNEUMONIA,virus,person819,1,val,1072,603
PNEUMONIA__person81_virus_152.png,person81_virus_152.jpeg,PNEUMONIA,virus,person81,1,train,1520,984
PNEUMONIA__person81_virus_153.png,person81_virus_153.jpeg,PNEUMONIA,virus,person81,1,train,1472,1048
PNEUMONIA__person820_bacteria_2731.png,person820_bacteria_2731.jpeg,PNEUMONIA,bacteria,person820,1,test,1128,752
PNEUMONIA__person820_virus_1456.png,person820_virus_1456.jpeg,PNEUMONIA,virus,person820,1,test,1716,1175
PNEUMONIA__person823_virus_1459.png,person823_virus_1459.jpeg,PNEUMONIA,virus,person823,1,train,920,472
PNEUMONIA__person825_bacteria_2736.png,person825_bacteria_2736.jpeg,PNEUMONIA,bacteria,person825,1,train,888,488
PNEUMONIA__person826_bacteria_2737.png,person826_bacteria_2737.jpeg,PNEUMONIA,bacteria,person826,1,train,1152,752
PNEUMONIA__person826_virus_1462.png,person826_virus_1462.jpeg,PNEUMONIA,virus,person826,1,train,843,484
PNEUMONIA__person827_bacteria_2738.png,person827_bacteria_2738.jpeg,PNEUMONIA,bacteria,person827,1,train,1008,632
PNEUMONIA__person829_bacteria_2740.png,person829_bacteria_2740.jpeg,PNEUMONIA,bacteria,person829,1,train,1048,704
PNEUMONIA__person82_virus_154.png,person82_virus_154.jpeg,PNEUMONIA,virus,person82,1,train,1400,896
PNEUMONIA__person82_virus_155.png,person82_virus_155.jpeg,PNEUMONIA,virus,person82,1,train,1328,888
PNEUMONIA__person830_bacteria_2741.png,person830_bacteria_2741.jpeg,PNEUMONIA,bacteria,person830,1,train,1040,664
PNEUMONIA__person830_virus_1466.png,person830_virus_1466.jpeg,PNEUMONIA,virus,person830,1,train,1160,752
PNEUMONIA__person831_bacteria_2742.png,person831_bacteria_2742.jpeg,PNEUMONIA,bacteria,person831,1,val,896,528
PNEUMONIA__person832_bacteria_2743.png,person832_bacteria_2743.jpeg,PNEUMONIA,bacteria,person832,1,train,904,624
PNEUMONIA__person832_virus_1468.png,person832_virus_1468.jpeg,PNEUMONIA,virus,person832,1,train,801,541
PNEUMONIA__person833_virus_1469.png,person833_virus_1469.jpeg,PNEUMONIA,virus,person833,1,train,1716,1222
PNEUMONIA__person834_bacteria_2747.png,person834_bacteria_2747.jpeg,PNEUMONIA,bacteria,person834,1,train,1000,560
PNEUMONIA__person834_bacteria_2748.png,person834_bacteria_2748.jpeg,PNEUMONIA,bacteria,person834,1,train,1000,560
PNEUMONIA__person835_bacteria_2749.png,person835_bacteria_2749.jpeg,PNEUMONIA,bacteria,person835,1,train,896,480
PNEUMONIA__person835_bacteria_2750.png,person835_bacteria_2750.jpeg,PNEUMONIA,bacteria,person835,1,train,928,392
PNEUMONIA__person835_virus_1472.png,person835_virus_1472.jpeg,PNEUMONIA,virus,person835,1,train,1664,1136
PNEUMONIA__person836_bacteria_2752.png,person836_bacteria_2752.jpeg,PNEUMONIA,bacteria,person836,1,train,1160,648
PNEUMONIA__person836_virus_1473.png,person836_virus_1473.jpeg,PNEUMONIA,virus,person836,1,train,1752,1192
PNEUMONIA__person837_bacteria_2753.png,person837_bacteria_2753.jpeg,PNEUMONIA,bacteria,person837,1,train,1152,784
PNEUMONIA__person837_bacteria_2754.png,person837_bacteria_2754.jpeg,PNEUMONIA,bacteria,person837,1,train,904,568
PNEUMONIA__person837_virus_1475.png,person837_virus_1475.jpeg,PNEUMONIA,virus,person837,1,train,1656,1320
PNEUMONIA__person838_virus_1476.png,person838_virus_1476.jpeg,PNEUMONIA,virus,person838,1,test,1000,664
PNEUMONIA__person839_bacteria_2757.png,person839_bacteria_2757.jpeg,PNEUMONIA,bacteria,person839,1,val,760,440
PNEUMONIA__person83_virus_156.png,person83_virus_156.jpeg,PNEUMONIA,virus,person83,1,train,1504,720
PNEUMONIA__person840_bacteria_2758.png,person840_bacteria_2758.jpeg,PNEUMONIA,bacteria,person840,1,train,1080,552
PNEUMONIA__person840_bacteria_2759.png,person840_bacteria_2759.jpeg,PNEUMONIA,bacteria,person840,1,train,992,544
PNEUMONIA__person841_bacteria_2760.png,person841_bacteria_2760.jpeg,PNEUMONIA,bacteria,person841,1,train,1024,616
PNEUMONIA__person841_bacteria_2761.png,person841_bacteria_2761.jpeg,PNEUMONIA,bacteria,person841,1,train,1008,768
PNEUMONIA__person841_virus_1481.png,person841_virus_1481.jpeg,PNEUMONIA,virus,person841,1,train,1284,878
PNEUMONIA__person842_bacteria_2762.png,person842_bacteria_2762.jpeg,PNEUMONIA,bacteria,person842,1,train,1104,752
PNEUMONIA__person842_virus_1483.png,person842_virus_1483.jpeg,PNEUMONIA,virus,person842,1,train,1616,1288
PNEUMONIA__person843_bacteria_2763.png,person843_bacteria_2763.jpeg,PNEUMONIA,bacteria,person843,1,test,936,688
PNEUMONIA__person843_virus_1485.png,person843_virus_1485.jpeg,PNEUMONIA,virus,person843,1,test,1432,944
PNEUMONIA__person844_virus_1487.png,person844_virus_1487.jpeg,PNEUMONIA,virus,person844,1,train,1192,789
PNEUMONIA__person845_virus_1489.png,person845_virus_1489.jpeg,PNEUMONIA,virus,person845,1,train,1448,1072
PNEUMONIA__person846_bacteria_2766.png,person846_bacteria_2766.jpeg,PNEUMONIA,bacteria,person846,1,train,880,472
PNEUMONIA__person846_virus_1491.png,person846_virus_1491.jpeg,PNEUMONIA,virus,person846,1,train,1998,1361
PNEUMONIA__person847_bacteria_2767.png,person847_bacteria_2767.jpeg,PNEUMONIA,bacteria,person847,1,train,952,600
PNEUMONIA__person847_virus_1492.png,person847_virus_1492.jpeg,PNEUMONIA,virus,person847,1,train,1808,1432
PNEUMONIA__person848_bacteria_2769.png,person848_bacteria_2769.jpeg,PNEUMONIA,bacteria,person848,1,val,927,523
PNEUMONIA__person848_virus_1493.png,person848_virus_1493.jpeg,PNEUMONIA,virus,person848,1,val,1376,800
PNEUMONIA__person849_bacteria_2770.png,person849_bacteria_2770.jpeg,PNEUMONIA,bacteria,person849,1,train,952,544
PNEUMONIA__person849_virus_1494.png,person849_virus_1494.jpeg,PNEUMONIA,virus,person849,1,train,1376,792
PNEUMONIA__person84_virus_157.png,person84_virus_157.jpeg,PNEUMONIA,virus,person84,1,val,1264,704
PNEUMONIA__person850_bacteria_2771.png,person850_bacteria_2771.jpeg,PNEUMONIA,bacteria,person850,1,train,1152,672
PNEUMONIA__person851_virus_1496.png,person851_virus_1496.jpeg,PNEUMONIA,virus,person851,1,val,1432,1000
PNEUMONIA__person852_virus_1497.png,person852_virus_1497.jpeg,PNEUMONIA,virus,person852,1,train,1168,1000
PNEUMONIA__person853_bacteria_2774.png,person853_bacteria_2774.jpeg,PNEUMONIA,bacteria,person853,1,train,944,568
PNEUMONIA__person853_bacteria_2775.png,person853_bacteria_2775.jpeg,PNEUMONIA,bacteria,person853,1,train,920,520
PNEUMONIA__person853_virus_1498.png,person853_virus_1498.jpeg,PNEUMONIA,virus,person853,1,train,1208,776
PNEUMONIA__person854_bacteria_2776.png,person854_bacteria_2776.jpeg,PNEUMONIA,bacteria,person854,1,train,824,584
PNEUMONIA__person855_bacteria_2777.png,person855_bacteria_2777.jpeg,PNEUMONIA,bacteria,person855,1,train,904,672
PNEUMONIA__person855_virus_1500.png,person855_virus_1500.jpeg,PNEUMONIA,virus,person855,1,train,1432,944
PNEUMONIA__person858_bacteria_2780.png,person858_bacteria_2780.jpeg,PNEUMONIA,bacteria,person858,1,train,1072,744
PNEUMONIA__person859_virus_1504.png,person859_virus_1504.jpeg,PNEUMONIA,virus,person859,1,train,1288,944
PNEUMONIA__person860_virus_1505.png,person860_virus_1505.jpeg,PNEUMONIA,virus,person860,1,train,1000,664
PNEUMONIA__person861_virus_1506.png,person861_virus_1506.jpeg,PNEUMONIA,virus,person861,1,train,1096,536
PNEUMONIA__person862_bacteria_2784.png,person862_bacteria_2784.jpeg,PNEUMONIA,bacteria,person862,1,train,992,832
PNEUMONIA__person862_virus_1507.png,person862_virus_1507.jpeg,PNEUMONIA,virus,person862,1,train,1336,1056
PNEUMONIA__person863_bacteria_2785.png,person863_bacteria_2785.jpeg,PNEUMONIA,bacteria,person863,1,val,1000,664
PNEUMONIA__person863_virus_1508.png,person863_virus_1508.jpeg,PNEUMONIA,virus,person863,1,val,1456,1072
PNEUMONIA__person864_virus_1509.png,person864_virus_1509.jpeg,PNEUMONIA,virus,person864,1,train,1272,936
PNEUMONIA__person866_bacteria_2788.png,person866_bacteria_2788.jpeg,PNEUMONIA,bacteria,person866,1,train,904,536
PNEUMONIA__person866_virus_1511.png,person866_virus_1511.jpeg,PNEUMONIA,virus,person866,1,train,1608,1096
PNEUMONIA__person867_bacteria_2789.png,person867_bacteria_2789.jpeg,PNEUMONIA,bacteria,person867,1,test,1104,832
PNEUMONIA__person867_virus_1512.png,person867_virus_1512.jpeg,PNEUMONIA,virus,person867,1,test,1672,1184
PNEUMONIA__person868_virus_1513.png,person868_virus_1513.jpeg,PNEUMONIA,virus,person868,1,train,984,656
PNEUMONIA__person868_virus_1514.png,person868_virus_1514.jpeg,PNEUMONIA,virus,person868,1,train,992,616
PNEUMONIA__person86_virus_159.png,person86_virus_159.jpeg,PNEUMONIA,virus,person86,1,test,1758,1249
PNEUMONIA__person870_bacteria_2792.png,person870_bacteria_2792.jpeg,PNEUMONIA,bacteria,person870,1,test,1032,640
PNEUMONIA__person870_virus_1516.png,person870_virus_1516.jpeg,PNEUMONIA,virus,person870,1,test,1448,856
PNEUMONIA__person871_bacteria_2793.png,person871_bacteria_2793.jpeg,PNEUMONIA,bacteria,person871,1,train,1156,747
PNEUMONIA__person871_virus_1517.png,person871_virus_1517.jpeg,PNEUMONIA,virus,person871,1,train,1528,840
PNEUMONIA__person872_bacteria_2795.png,person872_bacteria_2795.jpeg,PNEUMONIA,bacteria,person872,1,test,1008,696
PNEUMONIA__person873_bacteria_2796.png,person873_bacteria_2796.jpeg,PNEUMONIA,bacteria,person873,1,val,912,552
PNEUMONIA__person874_bacteria_2797.png,person874_bacteria_2797.jpeg,PNEUMONIA,bacteria,person874,1,train,1016,744
PNEUMONIA__person875_bacteria_2798.png,person875_bacteria_2798.jpeg,PNEUMONIA,bacteria,person875,1,train,928,584
PNEUMONIA__person876_bacteria_2799.png,person876_bacteria_2799.jpeg,PNEUMONIA,bacteria,person876,1,train,1096,672
PNEUMONIA__person877_bacteria_2800.png,person877_bacteria_2800.jpeg,PNEUMONIA,bacteria,person877,1,train,1056,664
PNEUMONIA__person877_virus_1525.png,person877_virus_1525.jpeg,PNEUMONIA,virus,person877,1,train,1216,672
PNEUMONIA__person878_bacteria_2801.png,person878_bacteria_2801.jpeg,PNEUMONIA,bacteria,person878,1,train,1692,1295
PNEUMONIA__person878_virus_1526.png,person878_virus_1526.jpeg,PNEUMONIA,virus,person878,1,train,1216,744
PNEUMONIA__person87_virus_160.png,person87_virus_160.jpeg,PNEUMONIA,virus,person87,1,train,1636,1130
PNEUMONIA__person880_bacteria_2804.png,person880_bacteria_2804.jpeg,PNEUMONIA,bacteria,person880,1,train,1024,664
PNEUMONIA__person880_virus_1529.png,person880_virus_1529.jpeg,PNEUMONIA,virus,person880,1,train,1416,912
PNEUMONIA__person881_bacteria_2805.png,person881_bacteria_2805.jpeg,PNEUMONIA,bacteria,person881,1,test,1048,544
PNEUMONIA__person881_virus_1531.png,person881_virus_1531.jpeg,PNEUMONIA,virus,person881,1,test,1168,760
PNEUMONIA__person882_bacteria_2806.png,person882_bacteria_2806.jpeg,PNEUMONIA,bacteria,person882,1,train,1000,568
PNEUMONIA__person883_bacteria_2807.png,person883_bacteria_2807.jpeg,PNEUMONIA,bacteria,person883,1,train,1008,584
PNEUMONIA__person883_virus_1533.png,person883_virus_1533.jpeg,PNEUMONIA,virus,person883,1,train,1104,592
PNEUMONIA__person884_bacteria_2808.png,person884_bacteria_2808.jpeg,PNEUMONIA,bacteria,person884,1,val,1306,762
PNEUMONIA__person884_virus_1534.png,person884_virus_1534.jpeg,PNEUMONIA,virus,person884,1,val,1256,824
PNEUMONIA__person885_bacteria_2809.png,person885_bacteria_2809.jpeg,PNEUMONIA,bacteria,person885,1,train,1256,720
PNEUMONIA__person886_bacteria_2810.png,person886_bacteria_2810.jpeg,PNEUMONIA,bacteria,person886,1,val,1372,817
PNEUMONIA__person886_virus_1536.png,person886_virus_1536.jpeg,PNEUMONIA,virus,person886,1,val,1656,1368
PNEUMONIA__person887_bacteria_2811.png,person887_bacteria_2811.jpeg,PNEUMONIA,bacteria,person887,1,test,942,571
PNEUMONIA__person888_bacteria_2812.png,person888_bacteria_2812.jpeg,PNEUMONIA,bacteria,person888,1,train,527,219
PNEUMONIA__person888_virus_1538.png,person888_virus_1538.jpeg,PNEUMONIA,virus,person888,1,train,1392,832
PNEUMONIA__person889_bacteria_2813.png,person889_bacteria_2813.jpeg,PNEUMONIA,bacteria,person889,1,train,856,536
PNEUMONIA__person88_virus_161.png,person88_virus_161.jpeg,PNEUMONIA,virus,person88,1,test,1328,976
PNEUMONIA__person88_virus_163.png,person88_virus_163.jpeg,PNEUMONIA,virus,person88,1,test,1472,1176
PNEUMONIA__person88_virus_164.png,person88_virus_164.jpeg,PNEUMONIA,virus,person88,1,test,1432,1176
PNEUMONIA__person88_virus_165.png,person88_virus_165.jpeg,PNEUMONIA,virus,person88,1,test,1520,1176
PNEUMONIA__person88_virus_166.png,person88_virus_166.jpeg,PNEUMONIA,virus,person88,1,test,1512,1008
PNEUMONIA__person88_virus_167.png,person88_virus_167.jpeg,PNEUMONIA,virus,person88,1,test,1344,1216
PNEUMONIA__person890_bacteria_2814.png,person890_bacteria_2814.jpeg,PNEUMONIA,bacteria,person890,1,val,1016,608
PNEUMONIA__person890_virus_1540.png,person890_virus_1540.jpeg,PNEUMONIA,virus,person890,1,val,1768,1072
PNEUMONIA__person891_virus_1541.png,person891_virus_1541.jpeg,PNEUMONIA,virus,person891,1,train,1048,632
PNEUMONIA__person892_bacteria_2817.png,person892_bacteria_2817.jpeg,PNEUMONIA,bacteria,person892,1,train,1080,784
PNEUMONIA__person893_bacteria_2818.png,person893_bacteria_2818.jpeg,PNEUMONIA,bacteria,person893,1,test,1000,560
PNEUMONIA__person894_bacteria_2819.png,person894_bacteria_2819.jpeg,PNEUMONIA,bacteria,person894,1,train,747,464
PNEUMONIA__person894_virus_1546.png,person894_virus_1546.jpeg,PNEUMONIA,virus,person894,1,train,1368,928
PNEUMONIA__person895_bacteria_2820.png,person895_bacteria_2820.jpeg,PNEUMONIA,bacteria,person895,1,train,1000,744
PNEUMONIA__person895_virus_1547.png,person895_virus_1547.jpeg,PNEUMONIA,virus,person895,1,train,1608,1104
PNEUMONIA__person896_bacteria_2821.png,person896_bacteria_2821.jpeg,PNEUMONIA,bacteria,person896,1,val,952,696
PNEUMONIA__person896_virus_1548.png,person896_virus_1548.jpeg,PNEUMONIA,virus,person896,1,val,1000,624
PNEUMONIA__person897_bacteria_2822.png,person897_bacteria_2822.jpeg,PNEUMONIA,bacteria,person897,1,train,1008,704
PNEUMONIA__person898_bacteria_2823.png,person898_bacteria_2823.jpeg,PNEUMONIA,bacteria,person898,1,val,912,520
PNEUMONIA__person898_virus_1552.png,person898_virus_1552.jpeg,PNEUMONIA,virus,person898,1,val,1384,944
PNEUMONIA__person899_virus_1553.png,person899_virus_1553.jpeg,PNEUMONIA,virus,person899,1,test,1456,912
PNEUMONIA__person89_virus_168.png,person89_virus_168.jpeg,PNEUMONIA,virus,person89,1,test,1508,1133
PNEUMONIA__person8_bacteria_37.png,person8_bacteria_37.jpeg,PNEUMONIA,bacteria,person8,1,test,1790,1326
PNEUMONIA__person900_virus_1554.png,person900_virus_1554.jpeg,PNEUMONIA,virus,person900,1,train,1208,720
PNEUMONIA__person901_virus_1555.png,person901_virus_1555.jpeg,PNEUMONIA,virus,person901,1,train,1272,792
PNEUMONIA__person902_bacteria_2827.png,person902_bacteria_2827.jpeg,PNEUMONIA,bacteria,person902,1,train,1160,800
PNEUMONIA__person903_bacteria_2828.png,person903_bacteria_2828.jpeg,PNEUMONIA,bacteria,person903,1,train,1208,920
PNEUMONIA__person904_bacteria_2829.png,person904_bacteria_2829.jpeg,PNEUMONIA,bacteria,person904,1,train,508,218
PNEUMONIA__person905_bacteria_2830.png,person905_bacteria_2830.jpeg,PNEUMONIA,bacteria,person905,1,val,721,349
PNEUMONIA__person905_virus_1561.png,person905_virus_1561.jpeg,PNEUMONIA,virus,person905,1,val,1056,552
PNEUMONIA__person906_bacteria_2831.png,person906_bacteria_2831.jpeg,PNEUMONIA,bacteria,person906,1,train,1064,712
PNEUMONIA__person906_virus_1562.png,person906_virus_1562.jpeg,PNEUMONIA,virus,person906,1,train,723,507
PNEUMONIA__person907_bacteria_2832.png,person907_bacteria_2832.jpeg,PNEUMONIA,bacteria,person907,1,val,824,528
PNEUMONIA__person907_virus_1563.png,person907_virus_1563.jpeg,PNEUMONIA,virus,person907,1,val,1208,704
PNEUMONIA__person908_virus_1564.png,person908_virus_1564.jpeg,PNEUMONIA,virus,person908,1,train,1408,960
PNEUMONIA__person909_bacteria_2834.png,person909_bacteria_2834.jpeg,PNEUMONIA,bacteria,person909,1,test,832,520
PNEUMONIA__person909_virus_1565.png,person909_virus_1565.jpeg,PNEUMONIA,virus,person909,1,test,765,375
PNEUMONIA__person90_virus_169.png,person90_virus_169.jpeg,PNEUMONIA,virus,person90,1,train,1240,1072
PNEUMONIA__person90_virus_170.png,person90_virus_170.jpeg,PNEUMONIA,virus,person90,1,train,1224,768
PNEUMONIA__person911_bacteria_2836.png,person911_bacteria_2836.jpeg,PNEUMONIA,bacteria,person911,1,train,1024,816
PNEUMONIA__person911_virus_1567.png,person911_virus_1567.jpeg,PNEUMONIA,virus,person911,1,train,1168,776
PNEUMONIA__person912_bacteria_2837.png,person912_bacteria_2837.jpeg,PNEUMONIA,bacteria,person912,1,train,1056,784
PNEUMONIA__person913_bacteria_2838.png,person913_bacteria_2838.jpeg,PNEUMONIA,bacteria,person913,1,train,743,453
PNEUMONIA__person913_virus_1570.png,person913_virus_1570.jpeg,PNEUMONIA,virus,person913,1,train,1112,672
PNEUMONIA__person914_bacteria_2839.png,person914_bacteria_2839.jpeg,PNEUMONIA,bacteria,person914,1,train,1176,696
PNEUMONIA__person914_virus_1571.png,person914_virus_1571.jpeg,PNEUMONIA,virus,person914,1,train,1440,800
PNEUMONIA__person915_virus_1572.png,person915_virus_1572.jpeg,PNEUMONIA,virus,person915,1,test,1608,1056
PNEUMONIA__person916_bacteria_2841.png,person916_bacteria_2841.jpeg,PNEUMONIA,bacteria,person916,1,train,1368,768
PNEUMONIA__person917_bacteria_2842.png,person917_bacteria_2842.jpeg,PNEUMONIA,bacteria,person917,1,train,1272,664
PNEUMONIA__person918_bacteria_2843.png,person918_bacteria_2843.jpeg,PNEUMONIA,bacteria,person918,1,train,1008,640
PNEUMONIA__person918_virus_1575.png,person918_virus_1575.jpeg,PNEUMONIA,virus,person918,1,train,830,496
PNEUMONIA__person919_bacteria_2844.png,person919_bacteria_2844.jpeg,PNEUMONIA,bacteria,person919,1,train,1342,1110
PNEUMONIA__person919_virus_1576.png,person919_virus_1576.jpeg,PNEUMONIA,virus,person919,1,train,1408,720
PNEUMONIA__person920_bacteria_2845.png,person920_bacteria_2845.jpeg,PNEUMONIA,bacteria,person920,1,train,1260,843
PNEUMONIA__person920_virus_1577.png,person920_virus_1577.jpeg,PNEUMONIA,virus,person920,1,train,886,570
PNEUMONIA__person921_bacteria_2846.png,person921_bacteria_2846.jpeg,PNEUMONIA,bacteria,person921,1,train,1080,672
PNEUMONIA__person921_virus_1578.png,person921_virus_1578.jpeg,PNEUMONIA,virus,person921,1,train,732,458
PNEUMONIA__person922_bacteria_2847.png,person922_bacteria_2847.jpeg,PNEUMONIA,bacteria,person922,1,train,1048,752
PNEUMONIA__person923_bacteria_2848.png,person923_bacteria_2848.jpeg,PNEUMONIA,bacteria,person923,1,train,580,294
PNEUMONIA__person924_bacteria_2849.png,person924_bacteria_2849.jpeg,PNEUMONIA,bacteria,person924,1,test,920,752
PNEUMONIA__person924_virus_1581.png,person924_virus_1581.jpeg,PNEUMONIA,virus,person924,1,test,1896,1056
PNEUMONIA__person925_bacteria_2850.png,person925_bacteria_2850.jpeg,PNEUMONIA,bacteria,person925,1,train,1096,896
PNEUMONIA__person925_virus_1582.png,person925_virus_1582.jpeg,PNEUMONIA,virus,person925,1,train,1264,792
PNEUMONIA__person926_virus_1583.png,person926_virus_1583.jpeg,PNEUMONIA,virus,person926,1,train,1312,872
PNEUMONIA__person927_bacteria_2852.png,person927_bacteria_2852.jpeg,PNEUMONIA,bacteria,person927,1,test,976,584
PNEUMONIA__person927_virus_1584.png,person927_virus_1584.jpeg,PNEUMONIA,virus,person927,1,test,1256,904
PNEUMONIA__person928_virus_1586.png,person928_virus_1586.jpeg,PNEUMONIA,virus,person928,1,val,896,664
PNEUMONIA__person929_bacteria_2854.png,person929_bacteria_2854.jpeg,PNEUMONIA,bacteria,person929,1,train,1028,685
PNEUMONIA__person929_virus_1588.png,person929_virus_1588.jpeg,PNEUMONIA,virus,person929,1,train,1944,1576
PNEUMONIA__person929_virus_1589.png,person929_virus_1589.jpeg,PNEUMONIA,virus,person929,1,train,1828,1640
PNEUMONIA__person92_virus_174.png,person92_virus_174.jpeg,PNEUMONIA,virus,person92,1,train,1040,528
PNEUMONIA__person930_bacteria_2855.png,person930_bacteria_2855.jpeg,PNEUMONIA,bacteria,person930,1,train,944,648
PNEUMONIA__person931_bacteria_2856.png,person931_bacteria_2856.jpeg,PNEUMONIA,bacteria,person931,1,val,984,712
PNEUMONIA__person931_virus_1592.png,person931_virus_1592.jpeg,PNEUMONIA,virus,person931,1,val,1264,888
PNEUMONIA__person932_virus_1593.png,person932_virus_1593.jpeg,PNEUMONIA,virus,person932,1,train,1024,648
PNEUMONIA__person933_bacteria_2858.png,person933_bacteria_2858.jpeg,PNEUMONIA,bacteria,person933,1,train,1152,816
PNEUMONIA__person933_virus_1594.png,person933_virus_1594.jpeg,PNEUMONIA,virus,person933,1,train,1408,1168
PNEUMONIA__person934_bacteria_2859.png,person934_bacteria_2859.jpeg,PNEUMONIA,bacteria,person934,1,train,1152,704
PNEUMONIA__person934_virus_1595.png,person934_virus_1595.jpeg,PNEUMONIA,virus,person934,1,train,821,490
PNEUMONIA__person935_virus_1597.png,person935_virus_1597.jpeg,PNEUMONIA,virus,person935,1,train,1288,728
PNEUMONIA__person936_bacteria_2861.png,person936_bacteria_2861.jpeg,PNEUMONIA,bacteria,person936,1,train,1256,872
PNEUMONIA__person936_virus_1598.png,person936_virus_1598.jpeg,PNEUMONIA,virus,person936,1,train,1128,768
PNEUMONIA__person937_bacteria_2862.png,person937_bacteria_2862.jpeg,PNEUMONIA,bacteria,person937,1,test,1072,672
PNEUMONIA__person937_virus_1599.png,person937_virus_1599.jpeg,PNEUMONIA,virus,person937,1,test,1208,856
PNEUMONIA__person938_bacteria_2863.png,person938_bacteria_2863.jpeg,PNEUMONIA,bacteria,person938,1,train,920,672
PNEUMONIA__person938_virus_1600.png,person938_virus_1600.jpeg,PNEUMONIA,virus,person938,1,train,716,444
PNEUMONIA__person939_bacteria_2864.png,person939_bacteria_2864.jpeg,PNEUMONIA,bacteria,person939,1,train,944,704
PNEUMONIA__person93_virus_175.png,person93_virus_175.jpeg,PNEUMONIA,virus,person93,1,train,1120,592
PNEUMONIA__person940_bacteria_2865.png,person940_bacteria_2865.jpeg,PNEUMONIA,bacteria,person940,1,train,896,656
PNEUMONIA__person940_virus_1602.png,person940_virus_1602.jpeg,PNEUMONIA,virus,person940,1,train,1504,992
PNEUMONIA__person940_virus_1604.png,person940_virus_1604.jpeg,PNEUMONIA,virus,person940,1,train,778,631
PNEUMONIA__person940_virus_1605.png,person940_virus_1605.jpeg,PNEUMONIA,virus,person940,1,train,1504,1064
PNEUMONIA__person940_virus_1607.png,person940_virus_1607.jpeg,PNEUMONIA,virus,person940,1,train,1384,1072
PNEUMONIA__person940_virus_1609.png,person940_virus_1609.jpeg,PNEUMONIA,virus,person940,1,train,923,604
PNEUMONIA__person941_virus_1610.png,person941_virus_1610.jpeg,PNEUMONIA,virus,person941,1,train,1688,1120
PNEUMONIA__person942_bacteria_2867.png,person942_bacteria_2867.jpeg,PNEUMONIA,bacteria,person942,1,train,679,304
PNEUMONIA__person942_virus_1611.png,person942_virus_1611.jpeg,PNEUMONIA,virus,person942,1,train,1592,1120
PNEUMONIA__person943_bacteria_2868.png,person943_bacteria_2868.jpeg,PNEUMONIA,bacteria,person943,1,train,1446,1087
PNEUMONIA__person944_bacteria_2869.png,person944_bacteria_2869.jpeg,PNEUMONIA,bacteria,person944,1,train,992,760
PNEUMONIA__person945_bacteria_2870.png,person945_bacteria_2870.jpeg,PNEUMONIA,bacteria,person945,1,test,968,656
PNEUMONIA__person945_virus_1616.png,person945_virus_1616.jpeg,PNEUMONIA,virus,person945,1,test,1312,752
PNEUMONIA__person946_bacteria_2871.png,person946_bacteria_2871.jpeg,PNEUMONIA,bacteria,person946,1,val,1284,762
PNEUMONIA__person947_bacteria_2872.png,person947_bacteria_2872.jpeg,PNEUMONIA,bacteria,person947,1,train,968,560
PNEUMONIA__person947_virus_1618.png,person947_virus_1618.jpeg,PNEUMONIA,virus,person947,1,train,1808,1280
PNEUMONIA__person949_bacteria_2874.png,person949_bacteria_2874.jpeg,PNEUMONIA,bacteria,person949,1,train,960,616
PNEUMONIA__person949_virus_1620.png,person949_virus_1620.jpeg,PNEUMONIA,virus,person949,1,train,1640,1160
PNEUMONIA__person94_virus_176.png,person94_virus_176.jpeg,PNEUMONIA,virus,person94,1,train,1472,1091
PNEUMONIA__person950_virus_1621.png,person950_virus_1621.jpeg,PNEUMONIA,virus,person950,1,train,1048,616
PNEUMONIA__person951_bacteria_2876.png,person951_bacteria_2876.jpeg,PNEUMONIA,bacteria,person951,1,test,904,544
PNEUMONIA__person951_virus_1622.png,person951_virus_1622.jpeg,PNEUMONIA,virus,person951,1,test,1248,856
PNEUMONIA__person952_bacteria_2877.png,person952_bacteria_2877.jpeg,PNEUMONIA,bacteria,person952,1,train,1080,632
PNEUMONIA__person952_virus_1623.png,person952_virus_1623.jpeg,PNEUMONIA,virus,person952,1,train,984,456
PNEUMONIA__person953_bacteria_2878.png,person953_bacteria_2878.jpeg,PNEUMONIA,bacteria,person953,1,train,1104,744
PNEUMONIA__person954_bacteria_2879.png,person954_bacteria_2879.jpeg,PNEUMONIA,bacteria,person954,1,val,1056,920
PNEUMONIA__person954_virus_1626.png,person954_virus_1626.jpeg,PNEUMONIA,virus,person954,1,val,1076,630
PNEUMONIA__person955_bacteria_2880.png,person955_bacteria_2880.jpeg,PNEUMONIA,bacteria,person955,1,train,1024,744
PNEUMONIA__person955_virus_1627.png,person955_virus_1627.jpeg,PNEUMONIA,virus,person955,1,train,1080,688
PNEUMONIA__person956_bacteria_2881.png,person956_bacteria_2881.jpeg,PNEUMONIA,bacteria,person956,1,train,848,624
PNEUMONIA__person956_virus_1628.png,person956_virus_1628.jpeg,PNEUMONIA,virus,person956,1,train,1320,816
PNEUMONIA__person957_bacteria_2882.png,person957_bacteria_2882.jpeg,PNEUMONIA,bacteria,person957,1,val,904,792
PNEUMONIA__person957_virus_1629.png,person957_virus_1629.jpeg,PNEUMONIA,virus,person957,1,val,1152,728
PNEUMONIA__person958_bacteria_2883.png,person958_bacteria_2883.jpeg,PNEUMONIA,bacteria,person958,1,train,960,688
PNEUMONIA__person958_virus_1630.png,person958_virus_1630.jpeg,PNEUMONIA,virus,person958,1,train,1528,1080
PNEUMONIA__person959_bacteria_2884.png,person959_bacteria_2884.jpeg,PNEUMONIA,bacteria,person959,1,train,1488,1288
PNEUMONIA__person95_virus_177.png,person95_virus_177.jpeg,PNEUMONIA,virus,person95,1,train,1562,998
PNEUMONIA__person960_bacteria_2885.png,person960_bacteria_2885.jpeg,PNEUMONIA,bacteria,person960,1,train,992,592
PNEUMONIA__person960_virus_1633.png,person960_virus_1633.jpeg,PNEUMONIA,virus,person960,1,train,1376,1048
PNEUMONIA__person961_bacteria_2886.png,person961_bacteria_2886.jpeg,PNEUMONIA,bacteria,person961,1,train,992,752
PNEUMONIA__person961_virus_1634.png,person961_virus_1634.jpeg,PNEUMONIA,virus,person961,1,train,1576,792
PNEUMONIA__person962_bacteria_2887.png,person962_bacteria_2887.jpeg,PNEUMONIA,bacteria,person962,1,train,1056,752
PNEUMONIA__person962_virus_1635.png,person962_virus_1635.jpeg,PNEUMONIA,virus,person962,1,train,1456,928
PNEUMONIA__person963_bacteria_2888.png,person963_bacteria_2888.jpeg,PNEUMONIA,bacteria,person963,1,train,1384,1376
PNEUMONIA__person963_virus_1636.png,person963_virus_1636.jpeg,PNEUMONIA,virus,person963,1,train,756,544
PNEUMONIA__person964_bacteria_2889.png,person964_bacteria_2889.jpeg,PNEUMONIA,bacteria,person964,1,val,711,353
PNEUMONIA__person964_virus_1637.png,person964_virus_1637.jpeg,PNEUMONIA,virus,person964,1,val,1152,536
PNEUMONIA__person965_bacteria_2890.png,person965_bacteria_2890.jpeg,PNEUMONIA,bacteria,person965,1,train,968,832
PNEUMONIA__person965_virus_1638.png,person965_virus_1638.jpeg,PNEUMONIA,virus,person965,1,train,870,591
PNEUMONIA__person966_bacteria_2891.png,person966_bacteria_2891.jpeg,PNEUMONIA,bacteria,person966,1,val,843,507
PNEUMONIA__person966_virus_1639.png,person966_virus_1639.jpeg,PNEUMONIA,virus,person966,1,val,1016,760
PNEUMONIA__person967_bacteria_2892.png,person967_bacteria_2892.jpeg,PNEUMONIA,bacteria,person967,1,test,1006,855
PNEUMONIA__person967_virus_1640.png,person967_virus_1640.jpeg,PNEUMONIA,virus,person967,1,test,1288,712
PNEUMONIA__person968_bacteria_2893.png,person968_bacteria_2893.jpeg,PNEUMONIA,bacteria,person968,1,test,1210,817
PNEUMONIA__person968_virus_1642.png,person968_virus_1642.jpeg,PNEUMONIA,virus,person968,1,test,1264,840
PNEUMONIA__person969_bacteria_2894.png,person969_bacteria_2894.jpeg,PNEUMONIA,bacteria,person969,1,train,1202,643
PNEUMONIA__person969_virus_1643.png,person969_virus_1643.jpeg,PNEUMONIA,virus,person969,1,train,1080,768
PNEUMONIA__person96_virus_178.png,person96_virus_178.jpeg,PNEUMONIA,virus,person96,1,train,1480,1144
PNEUMONIA__person96_virus_179.png,person96_virus_179.jpeg,PNEUMONIA,virus,person96,1,train,1624,1304
PNEUMONIA__person970_bacteria_2895.png,person970_bacteria_2895.jpeg,PNEUMONIA,bacteria,person970,1,train,1006,674
PNEUMONIA__person970_virus_1644.png,person970_virus_1644.jpeg,PNEUMONIA,virus,person970,1,train,1160,768
PNEUMONIA__person971_bacteria_2896.png,person971_bacteria_2896.jpeg,PNEUMONIA,bacteria,person971,1,train,1496,1304
PNEUMONIA__person972_bacteria_2897.png,person972_bacteria_2897.jpeg,PNEUMONIA,bacteria,person972,1,train,1805,1044
PNEUMONIA__person972_virus_1646.png,person972_virus_1646.jpeg,PNEUMONIA,virus,person972,1,train,1632,1008
PNEUMONIA__person973_virus_1647.png,person973_virus_1647.jpeg,PNEUMONIA,virus,person973,1,train,1224,872
PNEUMONIA__person974_bacteria_2899.png,person974_bacteria_2899.jpeg,PNEUMONIA,bacteria,person974,1,train,1456,1232
PNEUMONIA__person974_virus_1649.png,person974_virus_1649.jpeg,PNEUMONIA,virus,person974,1,train,968,536
PNEUMONIA__person975_virus_1650.png,person975_virus_1650.jpeg,PNEUMONIA,virus,person975,1,train,1384,1088
PNEUMONIA__person976_bacteria_2901.png,person976_bacteria_2901.jpeg,PNEUMONIA,bacteria,person976,1,train,1320,896
PNEUMONIA__person976_virus_1651.png,person976_virus_1651.jpeg,PNEUMONIA,virus,person976,1,train,960,576
PNEUMONIA__person977_bacteria_2902.png,person977_bacteria_2902.jpeg,PNEUMONIA,bacteria,person977,1,train,1418,1059
PNEUMONIA__person977_virus_1652.png,person977_virus_1652.jpeg,PNEUMONIA,virus,person977,1,train,768,552
PNEUMONIA__person978_bacteria_2904.png,person978_bacteria_2904.jpeg,PNEUMONIA,bacteria,person978,1,val,1488,1312
PNEUMONIA__person978_virus_1653.png,person978_virus_1653.jpeg,PNEUMONIA,virus,person978,1,val,1040,688
PNEUMONIA__person979_bacteria_2905.png,person979_bacteria_2905.jpeg,PNEUMONIA,bacteria,person979,1,train,1604,1044
PNEUMONIA__person979_virus_1654.png,person979_virus_1654.jpeg,PNEUMONIA,virus,person979,1,train,1312,888
PNEUMONIA__person97_virus_180.png,person97_virus_180.jpeg,PNEUMONIA,virus,person97,1,train,1184,880
PNEUMONIA__person97_virus_181.png,person97_virus_181.jpeg,PNEUMONIA,virus,person97,1,train,1056,808
PNEUMONIA__person980_bacteria_2906.png,person980_bacteria_2906.jpeg,PNEUMONIA,bacteria,person980,1,test,1214,937
PNEUMONIA__person980_virus_1655.png,person980_virus_1655.jpeg,PNEUMONIA,virus,person980,1,test,754,411
PNEUMONIA__person981_bacteria_2907.png,person981_bacteria_2907.jpeg,PNEUMONIA,bacteria,person981,1,train,1384,1312
PNEUMONIA__person981_bacteria_2908.png,person981_bacteria_2908.jpeg,PNEUMONIA,bacteria,person981,1,train,1328,1192
PNEUMONIA__person981_virus_1657.png,person981_virus_1657.jpeg,PNEUMONIA,virus,person981,1,train,984,552
PNEUMONIA__person982_bacteria_2909.png,person982_bacteria_2909.jpeg,PNEUMONIA,bacteria,person982,1,train,1288,768
PNEUMONIA__person982_virus_1658.png,person982_virus_1658.jpeg,PNEUMONIA,virus,person982,1,train,1584,1352
PNEUMONIA__person983_bacteria_2910.png,person983_bacteria_2910.jpeg,PNEUMONIA,bacteria,person983,1,val,1138,677
PNEUMONIA__person983_virus_1660.png,person983_virus_1660.jpeg,PNEUMONIA,virus,person983,1,val,1464,872
PNEUMONIA__person984_bacteria_2911.png,person984_bacteria_2911.jpeg,PNEUMONIA,bacteria,person984,1,val,1264,1248
PNEUMONIA__person985_bacteria_2912.png,person985_bacteria_2912.jpeg,PNEUMONIA,bacteria,person985,1,train,1080,736
PNEUMONIA__person986_bacteria_2913.png,person986_bacteria_2913.jpeg,PNEUMONIA,bacteria,person986,1,test,1152,1032
PNEUMONIA__person987_bacteria_2914.png,person987_bacteria_2914.jpeg,PNEUMONIA,bacteria,person987,1,val,1000,752
PNEUMONIA__person988_bacteria_2915.png,person988_bacteria_2915.jpeg,PNEUMONIA,bacteria,person988,1,train,1136,713
PNEUMONIA__person988_virus_1666.png,person988_virus_1666.jpeg,PNEUMONIA,virus,person988,1,train,1288,840
PNEUMONIA__person989_virus_1667.png,person989_virus_1667.jpeg,PNEUMONIA,virus,person989,1,train,1480,840
PNEUMONIA__person98_virus_182.png,person98_virus_182.jpeg,PNEUMONIA,virus,person98,1,train,1536,984
PNEUMONIA__person990_bacteria_2917.png,person990_bacteria_2917.jpeg,PNEUMONIA,bacteria,person990,1,train,1314,940
PNEUMONIA__person991_bacteria_2918.png,person991_bacteria_2918.jpeg,PNEUMONIA,bacteria,person991,1,val,1072,888
PNEUMONIA__person991_virus_1669.png,person991_virus_1669.jpeg,PNEUMONIA,virus,person991,1,val,1312,800
PNEUMONIA__person992_bacteria_2919.png,person992_bacteria_2919.jpeg,PNEUMONIA,bacteria,person992,1,train,1128,752
PNEUMONIA__person992_bacteria_2920.png,person992_bacteria_2920.jpeg,PNEUMONIA,bacteria,person992,1,train,795,491
PNEUMONIA__person992_virus_1670.png,person992_virus_1670.jpeg,PNEUMONIA,virus,person992,1,train,1160,560
PNEUMONIA__person993_bacteria_2921.png,person993_bacteria_2921.jpeg,PNEUMONIA,bacteria,person993,1,test,1184,792
PNEUMONIA__person993_virus_1671.png,person993_virus_1671.jpeg,PNEUMONIA,virus,person993,1,test,1184,688
PNEUMONIA__person994_bacteria_2922.png,person994_bacteria_2922.jpeg,PNEUMONIA,bacteria,person994,1,train,1304,1408
PNEUMONIA__person994_virus_1672.png,person994_virus_1672.jpeg,PNEUMONIA,virus,person994,1,train,697,449
PNEUMONIA__person995_bacteria_2923.png,person995_bacteria_2923.jpeg,PNEUMONIA,bacteria,person995,1,train,1032,744
PNEUMONIA__person995_virus_1676.png,person995_virus_1676.jpeg,PNEUMONIA,virus,person995,1,train,1072,720
PNEUMONIA__person996_bacteria_2924.png,person996_bacteria_2924.jpeg,PNEUMONIA,bacteria,person996,1,train,1294,1018
PNEUMONIA__person996_virus_1677.png,person996_virus_1677.jpeg,PNEUMONIA,virus,person996,1,train,708,292
PNEUMONIA__person997_bacteria_2926.png,person997_bacteria_2926.jpeg,PNEUMONIA,bacteria,person997,1,train,1072,736
PNEUMONIA__person997_virus_1678.png,person997_virus_1678.jpeg,PNEUMONIA,virus,person997,1,train,984,512
PNEUMONIA__person998_bacteria_2927.png,person998_bacteria_2927.jpeg,PNEUMONIA,bacteria,person998,1,test,1432,1152
PNEUMONIA__person998_bacteria_2928.png,person998_bacteria_2928.jpeg,PNEUMONIA,bacteria,person998,1,test,1232,1096
PNEUMONIA__person99_virus_183.png,person99_virus_183.jpeg,PNEUMONIA,virus,person99,1,train,1414,882
PNEUMONIA__person9_bacteria_38.png,person9_bacteria_38.jpeg,PNEUMONIA,bacteria,person9,1,train,1256,696
PNEUMONIA__person9_bacteria_39.png,person9_bacteria_39.jpeg,PNEUMONIA,bacteria,person9,1,train,1152,856
PNEUMONIA__person9_bacteria_40.png,person9_bacteria_40.jpeg,PNEUMONIA,bacteria,person9,1,train,1248,728
PNEUMONIA__person9_bacteria_41.png,person9_bacteria_41.jpeg,PNEUMONIA,bacteria,person9,1,train,1176,784
PNEUMONIA__person296_bacteria_1391.png,person296_bacteria_1391.jpeg,PNEUMONIA,bacteria,person296,1,train,1136,704
PNEUMONIA__person296_bacteria_1392.png,person296_bacteria_1392.jpeg,PNEUMONIA,bacteria,person296,1,train,1256,840
PNEUMONIA__person296_bacteria_1393.png,person296_bacteria_1393.jpeg,PNEUMONIA,bacteria,person296,1,train,1272,792
PNEUMONIA__person296_bacteria_1394.png,person296_bacteria_1394.jpeg,PNEUMONIA,bacteria,person296,1,train,1088,704
PNEUMONIA__person296_bacteria_1395.png,person296_bacteria_1395.jpeg,PNEUMONIA,bacteria,person296,1,train,1200,840
PNEUMONIA__person296_bacteria_1396.png,person296_bacteria_1396.jpeg,PNEUMONIA,bacteria,person296,1,train,1112,648
PNEUMONIA__person296_bacteria_1397.png,person296_bacteria_1397.jpeg,PNEUMONIA,bacteria,person296,1,train,1160,872
PNEUMONIA__person296_virus_613.png,person296_virus_613.jpeg,PNEUMONIA,virus,person296,1,train,456,280
PNEUMONIA__person297_bacteria_1400.png,person297_bacteria_1400.jpeg,PNEUMONIA,bacteria,person297,1,train,1104,736
PNEUMONIA__person297_bacteria_1404.png,person297_bacteria_1404.jpeg,PNEUMONIA,bacteria,person297,1,train,736,432
PNEUMONIA__person297_virus_614.png,person297_virus_614.jpeg,PNEUMONIA,virus,person297,1,train,1990,1419
PNEUMONIA__person298_bacteria_1408.png,person298_bacteria_1408.jpeg,PNEUMONIA,bacteria,person298,1,train,1216,856
PNEUMONIA__person298_bacteria_1409.png,person298_bacteria_1409.jpeg,PNEUMONIA,bacteria,person298,1,train,1232,904
PNEUMONIA__person298_bacteria_1410.png,person298_bacteria_1410.jpeg,PNEUMONIA,bacteria,person298,1,train,1184,856
PNEUMONIA__person298_bacteria_1411.png,person298_bacteria_1411.jpeg,PNEUMONIA,bacteria,person298,1,train,1064,696
PNEUMONIA__person298_bacteria_1412.png,person298_bacteria_1412.jpeg,PNEUMONIA,bacteria,person298,1,train,1192,736
PNEUMONIA__person298_bacteria_1413.png,person298_bacteria_1413.jpeg,PNEUMONIA,bacteria,person298,1,train,1144,774
PNEUMONIA__person298_virus_617.png,person298_virus_617.jpeg,PNEUMONIA,virus,person298,1,train,1472,1280
PNEUMONIA__person298_virus_618.png,person298_virus_618.jpeg,PNEUMONIA,virus,person298,1,train,1368,992
PNEUMONIA__person299_bacteria_1414.png,person299_bacteria_1414.jpeg,PNEUMONIA,bacteria,person299,1,train,872,512
PNEUMONIA__person299_bacteria_1416.png,person299_bacteria_1416.jpeg,PNEUMONIA,bacteria,person299,1,train,976,832
PNEUMONIA__person299_bacteria_1417.png,person299_bacteria_1417.jpeg,PNEUMONIA,bacteria,person299,1,train,920,568
PNEUMONIA__person299_bacteria_1418.png,person299_bacteria_1418.jpeg,PNEUMONIA,bacteria,person299,1,train,864,584
PNEUMONIA__person299_bacteria_1419.png,person299_bacteria_1419.jpeg,PNEUMONIA,bacteria,person299,1,train,1028,581
PNEUMONIA__person299_virus_620.png,person299_virus_620.jpeg,PNEUMONIA,virus,person299,1,train,1412,1044
PNEUMONIA__person29_bacteria_144.png,person29_bacteria_144.jpeg,PNEUMONIA,bacteria,person29,1,train,1064,592
PNEUMONIA__person2_bacteria_3.png,person2_bacteria_3.jpeg,PNEUMONIA,bacteria,person2,1,val,1448,1056
PNEUMONIA__person2_bacteria_4.png,person2_bacteria_4.jpeg,PNEUMONIA,bacteria,person2,1,val,1328,1160
PNEUMONIA__person300_bacteria_1421.png,person300_bacteria_1421.jpeg,PNEUMONIA,bacteria,person300,1,test,1248,832
PNEUMONIA__person300_bacteria_1422.png,person300_bacteria_1422.jpeg,PNEUMONIA,bacteria,person300,1,test,1528,1152
PNEUMONIA__person300_bacteria_1423.png,person300_bacteria_1423.jpeg,PNEUMONIA,bacteria,person300,1,test,1554,1072
PNEUMONIA__person300_virus_621.png,person300_virus_621.jpeg,PNEUMONIA,virus,person300,1,test,2076,1576
PNEUMONIA__person301_bacteria_1424.png,person301_bacteria_1424.jpeg,PNEUMONIA,bacteria,person301,1,train,864,576
PNEUMONIA__person301_bacteria_1427.png,person301_bacteria_1427.jpeg,PNEUMONIA,bacteria,person301,1,train,968,688
PNEUMONIA__person301_bacteria_1428.png,person301_bacteria_1428.jpeg,PNEUMONIA,bacteria,person301,1,train,968,648
PNEUMONIA__person301_bacteria_1429.png,person301_bacteria_1429.jpeg,PNEUMONIA,bacteria,person301,1,train,1052,651
PNEUMONIA__person301_virus_622.png,person301_virus_622.jpeg,PNEUMONIA,virus,person301,1,train,2070,1550
PNEUMONIA__person302_bacteria_1430.png,person302_bacteria_1430.jpeg,PNEUMONIA,bacteria,person302,1,train,1022,735
PNEUMONIA__person302_virus_623.png,person302_virus_623.jpeg,PNEUMONIA,virus,person302,1,train,2006,1647
PNEUMONIA__person303_bacteria_1431.png,person303_bacteria_1431.jpeg,PNEUMONIA,bacteria,person303,1,train,1562,1106
PNEUMONIA__person303_virus_624.png,person303_virus_624.jpeg,PNEUMONIA,virus,person303,1,train,2022,1619
PNEUMONIA__person304_virus_625.png,person304_virus_625.jpeg,PNEUMONIA,virus,person304,1,train,1048,768
PNEUMONIA__person305_bacteria_1435.png,person305_bacteria_1435.jpeg,PNEUMONIA,bacteria,person305,1,test,1024,480
PNEUMONIA__person305_bacteria_1436.png,person305_bacteria_1436.jpeg,PNEUMONIA,bacteria,person305,1,test,920,536
PNEUMONIA__person305_bacteria_1437.png,person305_bacteria_1437.jpeg,PNEUMONIA,bacteria,person305,1,test,1008,624
PNEUMONIA__person305_virus_627.png,person305_virus_627.jpeg,PNEUMONIA,virus,person305,1,test,1176,720
PNEUMONIA__person306_bacteria_1439.png,person306_bacteria_1439.jpeg,PNEUMONIA,bacteria,person306,1,train,1226,882
PNEUMONIA__person306_bacteria_1440.png,person306_bacteria_1440.jpeg,PNEUMONIA,bacteria,person306,1,train,1280,851
PNEUMONIA__person306_virus_628.png,person306_virus_628.jpeg,PNEUMONIA,virus,person306,1,train,445,187
PNEUMONIA__person307_bacteria_1441.png,person307_bacteria_1441.jpeg,PNEUMONIA,bacteria,person307,1,train,992,560
PNEUMONIA__person307_bacteria_1442.png,person307_bacteria_1442.jpeg,PNEUMONIA,bacteria,person307,1,train,1142,689
PNEUMONIA__person307_virus_629.png,person307_virus_629.jpeg,PNEUMONIA,virus,person307,1,train,1112,632
PNEUMONIA__person308_bacteria_1443.png,person308_bacteria_1443.jpeg,PNEUMONIA,bacteria,person308,1,train,920,672
PNEUMONIA__person308_bacteria_1445.png,person308_bacteria_1445.jpeg,PNEUMONIA,bacteria,person308,1,train,1280,771
PNEUMONIA__person308_virus_630.png,person308_virus_630.jpeg,PNEUMONIA,virus,person308,1,train,1504,968
PNEUMONIA__person309_bacteria_1447.png,person309_bacteria_1447.jpeg,PNEUMONIA,bacteria,person309,1,val,1080,664
PNEUMONIA__person309_bacteria_1449.png,person309_bacteria_1449.jpeg,PNEUMONIA,bacteria,person309,1,val,1276,767
PNEUMONIA__person309_virus_631.png,person309_virus_631.jpeg,PNEUMONIA,virus,person309,1,val,494,196
PNEUMONIA__person309_virus_632.png,person309_virus_632.jpeg,PNEUMONIA,virus,person309,1,val,1128,736
PNEUMONIA__person30_bacteria_145.png,person30_bacteria_145.jpeg,PNEUMONIA,bacteria,person30,1,test,936,680
PNEUMONIA__person30_bacteria_146.png,person30_bacteria_146.jpeg,PNEUMONIA,bacteria,person30,1,test,1032,736
PNEUMONIA__person30_bacteria_147.png,person30_bacteria_147.jpeg,PNEUMONIA,bacteria,person30,1,test,1032,656
PNEUMONIA__person30_bacteria_148.png,person30_bacteria_148.jpeg,PNEUMONIA,bacteria,person30,1,test,880,600
PNEUMONIA__person30_bacteria_149.png,person30_bacteria_149.jpeg,PNEUMONIA,bacteria,person30,1,test,816,568
PNEUMONIA__person30_bacteria_150.png,person30_bacteria_150.jpeg,PNEUMONIA,bacteria,person30,1,test,944,624
PNEUMONIA__person30_bacteria_151.png,person30_bacteria_151.jpeg,PNEUMONIA,bacteria,person30,1,test,952,616
PNEUMONIA__person30_bacteria_152.png,person30_bacteria_152.jpeg,PNEUMONIA,bacteria,person30,1,test,1032,688
PNEUMONIA__person30_bacteria_153.png,person30_bacteria_153.jpeg,PNEUMONIA,bacteria,person30,1,test,992,592
PNEUMONIA__person30_bacteria_154.png,person30_bacteria_154.jpeg,PNEUMONIA,bacteria,person30,1,test,840,672
PNEUMONIA__person30_bacteria_155.png,person30_bacteria_155.jpeg,PNEUMONIA,bacteria,person30,1,test,1128,640
PNEUMONIA__person30_bacteria_156.png,person30_bacteria_156.jpeg,PNEUMONIA,bacteria,person30,1,test,1096,656
PNEUMONIA__person30_bacteria_157.png,person30_bacteria_157.jpeg,PNEUMONIA,bacteria,person30,1,test,1096,656
PNEUMONIA__person30_bacteria_158.png,person30_bacteria_158.jpeg,PNEUMONIA,bacteria,person30,1,test,1242,867
PNEUMONIA__person310_bacteria_1450.png,person310_bacteria_1450.jpeg,PNEUMONIA,bacteria,person310,1,test,1264,896
PNEUMONIA__person310_bacteria_1451.png,person310_bacteria_1451.jpeg,PNEUMONIA,bacteria,person310,1,test,1588,1010
PNEUMONIA__person310_virus_633.png,person310_virus_633.jpeg,PNEUMONIA,virus,person310,1,test,1648,1120
PNEUMONIA__person311_bacteria_1452.png,person311_bacteria_1452.jpeg,PNEUMONIA,bacteria,person311,1,train,1416,920
PNEUMONIA__person311_bacteria_1453.png,person311_bacteria_1453.jpeg,PNEUMONIA,bacteria,person311,1,train,1496,1179
PNEUMONIA__person311_virus_634.png,person311_virus_634.jpeg,PNEUMONIA,virus,person311,1,train,1352,960
PNEUMONIA__person312_bacteria_1454.png,person312_bacteria_1454.jpeg,PNEUMONIA,bacteria,person312,1,train,1416,1184
PNEUMONIA__person312_bacteria_1455.png,person312_bacteria_1455.jpeg,PNEUMONIA,bacteria,person312,1,train,1536,1256
PNEUMONIA__person312_bacteria_1456.png,person312_bacteria_1456.jpeg,PNEUMONIA,bacteria,person312,1,train,1608,1237
PNEUMONIA__person312_virus_635.png,person312_virus_635.jpeg,PNEUMONIA,virus,person312,1,train,1416,1008
PNEUMONIA__person313_bacteria_1457.png,person313_bacteria_1457.jpeg,PNEUMONIA,bacteria,person313,1,train,952,696
PNEUMONIA__person313_bacteria_1458.png,person313_bacteria_1458.jpeg,PNEUMONIA,bacteria,person313,1,train,1040,640
PNEUMONIA__person313_bacteria_1459.png,person313_bacteria_1459.jpeg,PNEUMONIA,bacteria,person313,1,train,992,520
PNEUMONIA__person313_bacteria_1460.png,person313_bacteria_1460.jpeg,PNEUMONIA,bacteria,person313,1,train,1110,755
PNEUMONIA__person313_virus_637.png,person313_virus_637.jpeg,PNEUMONIA,virus,person313,1,train,992,640
PNEUMONIA__person314_bacteria_1461.png,person314_bacteria_1461.jpeg,PNEUMONIA,bacteria,person314,1,train,1202,986
PNEUMONIA__person314_bacteria_1462.png,person314_bacteria_1462.jpeg,PNEUMONIA,bacteria,person314,1,train,1310,1102
PNEUMONIA__person314_virus_639.png,person314_virus_639.jpeg,PNEUMONIA,virus,person314,1,train,1480,1136
PNEUMONIA__person315_bacteria_1464.png,person315_bacteria_1464.jpeg,PNEUMONIA,bacteria,person315,1,train,920,632
PNEUMONIA__person315_bacteria_1465.png,person315_bacteria_1465.jpeg,PNEUMONIA,bacteria,person315,1,train,960,656
PNEUMONIA__person315_bacteria_1466.png,person315_bacteria_1466.jpeg,PNEUMONIA,bacteria,person315,1,train,896,568
PNEUMONIA__person315_bacteria_1467.png,person315_bacteria_1467.jpeg,PNEUMONIA,bacteria,person315,1,train,816,504
PNEUMONIA__person315_bacteria_1468.png,person315_bacteria_1468.jpeg,PNEUMONIA,bacteria,person315,1,train,1110,658
PNEUMONIA__person316_bacteria_1469.png,person316_bacteria_1469.jpeg,PNEUMONIA,bacteria,person316,1,test,1368,1032
PNEUMONIA__person316_bacteria_1470.png,person316_bacteria_1470.jpeg,PNEUMONIA,bacteria,person316,1,test,1536,1320
PNEUMONIA__person316_virus_641.png,person316_virus_641.jpeg,PNEUMONIA,virus,person316,1,test,496,240
PNEUMONIA__person317_bacteria_1471.png,person317_bacteria_1471.jpeg,PNEUMONIA,bacteria,person317,1,train,1320,904
PNEUMONIA__person317_bacteria_1473.png,person317_bacteria_1473.jpeg,PNEUMONIA,bacteria,person317,1,train,1504,1253
PNEUMONIA__person317_virus_643.png,person317_virus_643.jpeg,PNEUMONIA,virus,person317,1,train,1064,640
PNEUMONIA__person318_bacteria_1474.png,person318_bacteria_1474.jpeg,PNEUMONIA,bacteria,person318,1,train,1518,1149
PNEUMONIA__person318_virus_644.png,person318_virus_644.jpeg,PNEUMONIA,virus,person318,1,train,2008,1448
PNEUMONIA__person319_bacteria_1475.png,person319_bacteria_1475.jpeg,PNEUMONIA,bacteria,person319,1,train,1080,736
PNEUMONIA__person319_bacteria_1476.png,person319_bacteria_1476.jpeg,PNEUMONIA,bacteria,person319,1,train,1104,600
PNEUMONIA__person319_bacteria_1477.png,person319_bacteria_1477.jpeg,PNEUMONIA,bacteria,person319,1,train,936,640
PNEUMONIA__person319_bacteria_1478.png,person319_bacteria_1478.jpeg,PNEUMONIA,bacteria,person319,1,train,952,640
PNEUMONIA__person319_bacteria_1479.png,person319_bacteria_1479.jpeg,PNEUMONIA,bacteria,person319,1,train,928,624
PNEUMONIA__person319_bacteria_1480.png,person319_bacteria_1480.jpeg,PNEUMONIA,bacteria,person319,1,train,1106,712
PNEUMONIA__person319_virus_645.png,person319_virus_645.jpeg,PNEUMONIA,virus,person319,1,train,1136,776
PNEUMONIA__person319_virus_646.png,person319_virus_646.jpeg,PNEUMONIA,virus,person319,1,train,1256,960
PNEUMONIA__person31_bacteria_160.png,person31_bacteria_160.jpeg,PNEUMONIA,bacteria,person31,1,train,840,544
PNEUMONIA__person31_bacteria_161.png,person31_bacteria_161.jpeg,PNEUMONIA,bacteria,person31,1,train,976,544
PNEUMONIA__person31_bacteria_162.png,person31_bacteria_162.jpeg,PNEUMONIA,bacteria,person31,1,train,944,480
PNEUMONIA__person31_bacteria_163.png,person31_bacteria_163.jpeg,PNEUMONIA,bacteria,person31,1,train,960,632
PNEUMONIA__person31_bacteria_164.png,person31_bacteria_164.jpeg,PNEUMONIA,bacteria,person31,1,train,952,581
PNEUMONIA__person320_virus_647.png,person320_virus_647.jpeg,PNEUMONIA,virus,person320,1,train,462,238
PNEUMONIA__person321_bacteria_1483.png,person321_bacteria_1483.jpeg,PNEUMONIA,bacteria,person321,1,train,1152,648
PNEUMONIA__person321_bacteria_1484.png,person321_bacteria_1484.jpeg,PNEUMONIA,bacteria,person321,1,train,1104,728
PNEUMONIA__person321_bacteria_1485.png,person321_bacteria_1485.jpeg,PNEUMONIA,bacteria,person321,1,train,1240,800
PNEUMONIA__person321_bacteria_1486.png,person321_bacteria_1486.jpeg,PNEUMONIA,bacteria,person321,1,train,1200,856
PNEUMONIA__person321_bacteria_1487.png,person321_bacteria_1487.jpeg,PNEUMONIA,bacteria,person321,1,train,1144,808
PNEUMONIA__person321_bacteria_1488.png,person321_bacteria_1488.jpeg,PNEUMONIA,bacteria,person321,1,train,1216,728
PNEUMONIA__person321_bacteria_1489.png,person321_bacteria_1489.jpeg,PNEUMONIA,bacteria,person321,1,train,1186,866
PNEUMONIA__person321_virus_648.png,person321_virus_648.jpeg,PNEUMONIA,virus,person321,1,train,1560,1096
PNEUMONIA__person322_bacteria_1494.png,person322_bacteria_1494.jpeg,PNEUMONIA,bacteria,person322,1,test,1566,1130
PNEUMONIA__person322_virus_655.png,person322_virus_655.jpeg,PNEUMONIA,virus,person322,1,test,1184,856
PNEUMONIA__person323_virus_656.png,person323_virus_656.jpeg,PNEUMONIA,virus,person323,1,train,1808,1456
PNEUMONIA__person324_virus_658.png,person324_virus_658.jpeg,PNEUMONIA,virus,person324,1,train,1168,776
PNEUMONIA__person325_bacteria_1497.png,person325_bacteria_1497.jpeg,PNEUMONIA,bacteria,person325,1,val,1176,784
PNEUMONIA__person325_bacteria_1498.png,person325_bacteria_1498.jpeg,PNEUMONIA,bacteria,person325,1,val,1008,680
PNEUMONIA__person325_bacteria_1500.png,person325_bacteria_1500.jpeg,PNEUMONIA,bacteria,person325,1,val,1168,848
PNEUMONIA__person325_bacteria_1501.png,person325_bacteria_1501.jpeg,PNEUMONIA,bacteria,person325,1,val,1248,712
PNEUMONIA__person325_bacteria_1502.png,person325_bacteria_1502.jpeg,PNEUMONIA,bacteria,person325,1,val,1348,779
PNEUMONIA__person325_virus_659.png,person325_virus_659.jpeg,PNEUMONIA,virus,person325,1,val,445,140
PNEUMONIA__person325_virus_660.png,person325_virus_660.jpeg,PNEUMONIA,virus,person325,1,val,400,138
PNEUMONIA__person325_virus_661.png,person325_virus_661.jpeg,PNEUMONIA,virus,person325,1,val,446,132
PNEUMONIA__person325_virus_664.png,person325_virus_664.jpeg,PNEUMONIA,virus,person325,1,val,438,190
PNEUMONIA__person325_virus_665.png,person325_virus_665.jpeg,PNEUMONIA,virus,person325,1,val,529,207
PNEUMONIA__person326_bacteria_1503.png,person326_bacteria_1503.jpeg,PNEUMONIA,bacteria,person326,1,train,1336,1064
PNEUMONIA__person326_bacteria_1504.png,person326_bacteria_1504.jpeg,PNEUMONIA,bacteria,person326,1,train,1272,1040
PNEUMONIA__person326_bacteria_1505.png,person326_bacteria_1505.jpeg,PNEUMONIA,bacteria,person326,1,train,1384,912
PNEUMONIA__person326_bacteria_1506.png,person326_bacteria_1506.jpeg,PNEUMONIA,bacteria,person326,1,train,1336,1024
PNEUMONIA__person326_bacteria_1507.png,person326_bacteria_1507.jpeg,PNEUMONIA,bacteria,person326,1,train,1272,912
PNEUMONIA__person326_virus_666.png,person326_virus_666.jpeg,PNEUMONIA,virus,person326,1,train,1408,904
PNEUMONIA__person326_virus_668.png,person326_virus_668.jpeg,PNEUMONIA,virus,person326,1,train,1568,896
PNEUMONIA__person326_virus_670.png,person326_virus_670.jpeg,PNEUMONIA,virus,person326,1,train,500,244
PNEUMONIA__person326_virus_672.png,person326_virus_672.jpeg,PNEUMONIA,virus,person326,1,train,1488,1168
PNEUMONIA__person326_virus_673.png,person326_virus_673.jpeg,PNEUMONIA,virus,person326,1,train,1560,952
PNEUMONIA__person326_virus_675.png,person326_virus_675.jpeg,PNEUMONIA,virus,person326,1,train,1672,1064
PNEUMONIA__person326_virus_677.png,person326_virus_677.jpeg,PNEUMONIA,virus,person326,1,train,1472,816
PNEUMONIA__person327_bacteria_1508.png,person327_bacteria_1508.jpeg,PNEUMONIA,bacteria,person327,1,train,1304,936
PNEUMONIA__person327_bacteria_1509.png,person327_bacteria_1509.jpeg,PNEUMONIA,bacteria,person327,1,train,1592,1056
PNEUMONIA__person327_virus_679.png,person327_virus_679.jpeg,PNEUMONIA,virus,person327,1,train,1176,736
PNEUMONIA__person328_bacteria_1510.png,person328_bacteria_1510.jpeg,PNEUMONIA,bacteria,person328,1,train,1360,1261
PNEUMONIA__person328_bacteria_1511.png,person328_bacteria_1511.jpeg,PNEUMONIA,bacteria,person328,1,train,1208,944
PNEUMONIA__person328_bacteria_1512.png,person328_bacteria_1512.jpeg,PNEUMONIA,bacteria,person328,1,train,1184,984
PNEUMONIA__person328_bacteria_1513.png,person328_bacteria_1513.jpeg,PNEUMONIA,bacteria,person328,1,train,1080,840
PNEUMONIA__person328_bacteria_1514.png,person328_bacteria_1514.jpeg,PNEUMONIA,bacteria,person328,1,train,1200,944
PNEUMONIA__person328_bacteria_1515.png,person328_bacteria_1515.jpeg,PNEUMONIA,bacteria,person328,1,train,1289,1253
PNEUMONIA__person328_virus_681.png,person328_virus_681.jpeg,PNEUMONIA,virus,person328,1,train,1472,976
PNEUMONIA__person329_virus_682.png,person329_virus_682.jpeg,PNEUMONIA,virus,person329,1,test,880,440
PNEUMONIA__person32_bacteria_165.png,person32_bacteria_165.jpeg,PNEUMONIA,bacteria,person32,1,val,1648,1592
PNEUMONIA__person32_bacteria_166.png,person32_bacteria_166.jpeg,PNEUMONIA,bacteria,person32,1,val,1808,1448
PNEUMONIA__person330_virus_683.png,person330_virus_683.jpeg,PNEUMONIA,virus,person330,1,test,1104,824
PNEUMONIA__person331_bacteria_1526.png,person331_bacteria_1526.jpeg,PNEUMONIA,bacteria,person331,1,train,1096,720
PNEUMONIA__person331_bacteria_1527.png,person331_bacteria_1527.jpeg,PNEUMONIA,bacteria,person331,1,train,1040,856
PNEUMONIA__person331_bacteria_1528.png,person331_bacteria_1528.jpeg,PNEUMONIA,bacteria,person331,1,train,1016,640
PNEUMONIA__person331_bacteria_1529.png,person331_bacteria_1529.jpeg,PNEUMONIA,bacteria,person331,1,train,1168,768
PNEUMONIA__person331_bacteria_1530.png,person331_bacteria_1530.jpeg,PNEUMONIA,bacteria,person331,1,train,1152,632
PNEUMONIA__person331_virus_684.png,person331_virus_684.jpeg,PNEUMONIA,virus,person331,1,train,1184,752
PNEUMONIA__person332_bacteria_1531.png,person332_bacteria_1531.jpeg,PNEUMONIA,bacteria,person332,1,train,976,664
PNEUMONIA__person332_bacteria_1533.png,person332_bacteria_1533.jpeg,PNEUMONIA,bacteria,person332,1,train,984,664
PNEUMONIA__person332_bacteria_1534.png,person332_bacteria_1534.jpeg,PNEUMONIA,bacteria,person332,1,train,1008,704
PNEUMONIA__person332_bacteria_1535.png,person332_bacteria_1535.jpeg,PNEUMONIA,bacteria,person332,1,train,904,576
PNEUMONIA__person332_bacteria_1536.png,person332_bacteria_1536.jpeg,PNEUMONIA,bacteria,person332,1,train,1040,656
PNEUMONIA__person332_bacteria_1537.png,person332_bacteria_1537.jpeg,PNEUMONIA,bacteria,person332,1,train,1092,751
PNEUMONIA__person332_bacteria_1538.png,person332_bacteria_1538.jpeg,PNEUMONIA,bacteria,person332,1,train,1086,693
PNEUMONIA__person332_virus_685.png,person332_virus_685.jpeg,PNEUMONIA,virus,person332,1,train,896,504
PNEUMONIA__person333_bacteria_1539.png,person333_bacteria_1539.jpeg,PNEUMONIA,bacteria,person333,1,train,1578,1318
PNEUMONIA__person333_bacteria_1540.png,person333_bacteria_1540.jpeg,PNEUMONIA,bacteria,person333,1,train,1504,1180
PNEUMONIA__person333_virus_688.png,person333_virus_688.jpeg,PNEUMONIA,virus,person333,1,train,1424,1024
PNEUMONIA__person334_bacteria_1541.png,person334_bacteria_1541.jpeg,PNEUMONIA,bacteria,person334,1,train,920,528
PNEUMONIA__person334_bacteria_1542.png,person334_bacteria_1542.jpeg,PNEUMONIA,bacteria,person334,1,train,920,680
PNEUMONIA__person334_bacteria_1544.png,person334_bacteria_1544.jpeg,PNEUMONIA,bacteria,person334,1,train,888,576
PNEUMONIA__person334_bacteria_1545.png,person334_bacteria_1545.jpeg,PNEUMONIA,bacteria,person334,1,train,918,735
PNEUMONIA__person334_virus_689.png,person334_virus_689.jpeg,PNEUMONIA,virus,person334,1,train,550,279
PNEUMONIA__person335_virus_690.png,person335_virus_690.jpeg,PNEUMONIA,virus,person335,1,train,1344,1128
PNEUMONIA__person336_bacteria_1548.png,person336_bacteria_1548.jpeg,PNEUMONIA,bacteria,person336,1,test,952,720
PNEUMONIA__person336_bacteria_1549.png,person336_bacteria_1549.jpeg,PNEUMONIA,bacteria,person336,1,test,968,752
PNEUMONIA__person336_bacteria_1550.png,person336_bacteria_1550.jpeg,PNEUMONIA,bacteria,person336,1,test,920,808
PNEUMONIA__person336_bacteria_1551.png,person336_bacteria_1551.jpeg,PNEUMONIA,bacteria,person336,1,test,1144,784
PNEUMONIA__person336_bacteria_1552.png,person336_bacteria_1552.jpeg,PNEUMONIA,bacteria,person336,1,test,1008,728
PNEUMONIA__person336_bacteria_1553.png,person336_bacteria_1553.jpeg,PNEUMONIA,bacteria,person336,1,test,1072,728
PNEUMONIA__person337_bacteria_1554.png,person337_bacteria_1554.jpeg,PNEUMONIA,bacteria,person337,1,train,1000,712
PNEUMONIA__person337_bacteria_1557.png,person337_bacteria_1557.jpeg,PNEUMONIA,bacteria,person337,1,train,976,616
PNEUMONIA__person337_bacteria_1558.png,person337_bacteria_1558.jpeg,PNEUMONIA,bacteria,person337,1,train,976,608
PNEUMONIA__person337_bacteria_1560.png,person337_bacteria_1560.jpeg,PNEUMONIA,bacteria,person337,1,train,944,744
PNEUMONIA__person337_bacteria_1561.png,person337_bacteria_1561.jpeg,PNEUMONIA,bacteria,person337,1,train,856,592
PNEUMONIA__person337_bacteria_1562.png,person337_bacteria_1562.jpeg,PNEUMONIA,bacteria,person337,1,train,824,616
PNEUMONIA__person337_bacteria_1563.png,person337_bacteria_1563.jpeg,PNEUMONIA,bacteria,person337,1,train,888,656
PNEUMONIA__person337_bacteria_1564.png,person337_bacteria_1564.jpeg,PNEUMONIA,bacteria,person337,1,train,824,640
PNEUMONIA__person337_bacteria_1565.png,person337_bacteria_1565.jpeg,PNEUMONIA,bacteria,person337,1,train,824,688
PNEUMONIA__person337_bacteria_1566.png,person337_bacteria_1566.jpeg,PNEUMONIA,bacteria,person337,1,train,856,616
PNEUMONIA__person338_bacteria_1567.png,person338_bacteria_1567.jpeg,PNEUMONIA,bacteria,person338,1,train,1240,968
PNEUMONIA__person338_bacteria_1568.png,person338_bacteria_1568.jpeg,PNEUMONIA,bacteria,person338,1,train,1240,752
PNEUMONIA__person338_virus_694.png,person338_virus_694.jpeg,PNEUMONIA,virus,person338,1,train,445,232
PNEUMONIA__person339_bacteria_1572.png,person339_bacteria_1572.jpeg,PNEUMONIA,bacteria,person339,1,val,1016,768
PNEUMONIA__person339_bacteria_1573.png,person339_bacteria_1573.jpeg,PNEUMONIA,bacteria,person339,1,val,1024,632
PNEUMONIA__person339_bacteria_1574.png,person339_bacteria_1574.jpeg,PNEUMONIA,bacteria,person339,1,val,947,594
PNEUMONIA__person339_virus_695.png,person339_virus_695.jpeg,PNEUMONIA,virus,person339,1,val,1320,1040
PNEUMONIA__person33_bacteria_169.png,person33_bacteria_169.jpeg,PNEUMONIA,bacteria,person33,1,train,1202,743
PNEUMONIA__person33_bacteria_172.png,person33_bacteria_172.jpeg,PNEUMONIA,bacteria,person33,1,train,1128,744
PNEUMONIA__person33_bacteria_173.png,person33_bacteria_173.jpeg,PNEUMONIA,bacteria,person33,1,train,1032,600
PNEUMONIA__person33_bacteria_174.png,person33_bacteria_174.jpeg,PNEUMONIA,bacteria,person33,1,train,1072,608
PNEUMONIA__person33_bacteria_175.png,person33_bacteria_175.jpeg,PNEUMONIA,bacteria,person33,1,train,1268,883
PNEUMONIA__person340_bacteria_1575.png,person340_bacteria_1575.jpeg,PNEUMONIA,bacteria,person340,1,train,1328,968
PNEUMONIA__person340_virus_698.png,person340_virus_698.jpeg,PNEUMONIA,virus,person340,1,train,1760,1432
PNEUMONIA__person341_bacteria_1577.png,person341_bacteria_1577.jpeg,PNEUMONIA,bacteria,person341,1,val,831,529
PNEUMONIA__person341_virus_699.png,person341_virus_699.jpeg,PNEUMONIA,virus,person341,1,val,1304,1048
PNEUMONIA__person342_virus_701.png,person342_virus_701.jpeg,PNEUMONIA,virus,person342,1,train,439,227
PNEUMONIA__person342_virus_702.png,person342_virus_702.jpeg,PNEUMONIA,virus,person342,1,train,453,182
PNEUMONIA__person343_bacteria_1583.png,person343_bacteria_1583.jpeg,PNEUMONIA,bacteria,person343,1,val,1504,1056
PNEUMONIA__person343_bacteria_1584.png,person343_bacteria_1584.jpeg,PNEUMONIA,bacteria,person343,1,val,1632,1291
PNEUMONIA__person343_virus_704.png,person343_virus_704.jpeg,PNEUMONIA,virus,person343,1,val,640,317
PNEUMONIA__person344_bacteria_1585.png,person344_bacteria_1585.jpeg,PNEUMONIA,bacteria,person344,1,test,1538,1164
PNEUMONIA__person344_virus_705.png,person344_virus_705.jpeg,PNEUMONIA,virus,person344,1,test,1008,680
PNEUMONIA__person346_bacteria_1590.png,person346_bacteria_1590.jpeg,PNEUMONIA,bacteria,person346,1,train,1136,824
PNEUMONIA__person346_virus_708.png,person346_virus_708.jpeg,PNEUMONIA,virus,person346,1,train,1304,736
PNEUMONIA__person346_virus_709.png,person346_virus_709.jpeg,PNEUMONIA,virus,person346,1,train,1296,832
PNEUMONIA__person347_bacteria_1594.png,person347_bacteria_1594.jpeg,PNEUMONIA,bacteria,person347,1,train,1552,1080
PNEUMONIA__person347_bacteria_1595.png,person347_bacteria_1595.jpeg,PNEUMONIA,bacteria,person347,1,train,1592,944
PNEUMONIA__person347_bacteria_1597.png,person347_bacteria_1597.jpeg,PNEUMONIA,bacteria,person347,1,train,1360,968
PNEUMONIA__person347_bacteria_1599.png,person347_bacteria_1599.jpeg,PNEUMONIA,bacteria,person347,1,train,967,683
PNEUMONIA__person348_bacteria_1601.png,person348_bacteria_1601.jpeg,PNEUMONIA,bacteria,person348,1,train,1136,768
PNEUMONIA__person348_bacteria_1602.png,person348_bacteria_1602.jpeg,PNEUMONIA,bacteria,person348,1,train,1160,832
PNEUMONIA__person348_bacteria_1603.png,person348_bacteria_1603.jpeg,PNEUMONIA,bacteria,person348,1,train,1104,896
PNEUMONIA__person348_bacteria_1604.png,person348_bacteria_1604.jpeg,PNEUMONIA,bacteria,person348,1,train,1306,1006
PNEUMONIA__person348_virus_711.png,person348_virus_711.jpeg,PNEUMONIA,virus,person348,1,train,1368,1048
PNEUMONIA__person348_virus_714.png,person348_virus_714.jpeg,PNEUMONIA,virus,person348,1,train,1384,920
PNEUMONIA__person348_virus_715.png,person348_virus_715.jpeg,PNEUMONIA,virus,person348,1,train,742,515
PNEUMONIA__person348_virus_716.png,person348_virus_716.jpeg,PNEUMONIA,virus,person348,1,train,1192,1088
PNEUMONIA__person348_virus_717.png,person348_virus_717.jpeg,PNEUMONIA,virus,person348,1,train,1224,1008
PNEUMONIA__person348_virus_719.png,person348_virus_719.jpeg,PNEUMONIA,virus,person348,1,train,1328,928
PNEUMONIA__person348_virus_720.png,person348_virus_720.jpeg,PNEUMONIA,virus,person348,1,train,1272,1080
PNEUMONIA__person348_virus_721.png,person348_virus_721.jpeg,PNEUMONIA,virus,person348,1,train,1288,944
PNEUMONIA__person348_virus_723.png,person348_virus_723.jpeg,PNEUMONIA,virus,person348,1,train,1296,760
PNEUMONIA__person349_bacteria_1605.png,person349_bacteria_1605.jpeg,PNEUMONIA,bacteria,person349,1,train,1080,744
PNEUMONIA__person349_bacteria_1606.png,person349_bacteria_1606.jpeg,PNEUMONIA,bacteria,person349,1,train,1192,760
PNEUMONIA__person349_bacteria_1607.png,person349_bacteria_1607.jpeg,PNEUMONIA,bacteria,person349,1,train,1136,824
PNEUMONIA__person349_virus_724.png,person349_virus_724.jpeg,PNEUMONIA,virus,person349,1,train,1432,816
PNEUMONIA__person34_bacteria_176.png,person34_bacteria_176.jpeg,PNEUMONIA,bacteria,person34,1,train,1380,801
PNEUMONIA__person350_virus_725.png,person350_virus_725.jpeg,PNEUMONIA,virus,person350,1,train,1360,928
PNEUMONIA__person351_bacteria_1617.png,person351_bacteria_1617.jpeg,PNEUMONIA,bacteria,person351,1,train,1218,1041
PNEUMONIA__person351_bacteria_1619.png,person351_bacteria_1619.jpeg,PNEUMONIA,bacteria,person351,1,train,1048,768
PNEUMONIA__person351_bacteria_1620.png,person351_bacteria_1620.jpeg,PNEUMONIA,bacteria,person351,1,train,888,672
PNEUMONIA__person351_bacteria_1621.png,person351_bacteria_1621.jpeg,PNEUMONIA,bacteria,person351,1,train,928,824
PNEUMONIA__person351_bacteria_1622.png,person351_bacteria_1622.jpeg,PNEUMONIA,bacteria,person351,1,train,952,752
PNEUMONIA__person351_bacteria_1623.png,person351_bacteria_1623.jpeg,PNEUMONIA,bacteria,person351,1,train,896,680
PNEUMONIA__person351_bacteria_1624.png,person351_bacteria_1624.jpeg,PNEUMONIA,bacteria,person351,1,train,1016,752
PNEUMONIA__person351_virus_726.png,person351_virus_726.jpeg,PNEUMONIA,virus,person351,1,train,1128,808
PNEUMONIA__person352_bacteria_1625.png,person352_bacteria_1625.jpeg,PNEUMONIA,bacteria,person352,1,test,984,592
PNEUMONIA__person353_bacteria_1626.png,person353_bacteria_1626.jpeg,PNEUMONIA,bacteria,person353,1,train,752,592
PNEUMONIA__person353_bacteria_1628.png,person353_bacteria_1628.jpeg,PNEUMONIA,bacteria,person353,1,train,984,688
PNEUMONIA__person353_virus_728.png,person353_virus_728.jpeg,PNEUMONIA,virus,person353,1,train,1496,1040
PNEUMONIA__person354_bacteria_1632.png,person354_bacteria_1632.jpeg,PNEUMONIA,bacteria,person354,1,val,460,157
PNEUMONIA__person354_bacteria_1633.png,person354_bacteria_1633.jpeg,PNEUMONIA,bacteria,person354,1,val,738,427
PNEUMONIA__person354_bacteria_1634.png,person354_bacteria_1634.jpeg,PNEUMONIA,bacteria,person354,1,val,928,624
PNEUMONIA__person354_bacteria_1635.png,person354_bacteria_1635.jpeg,PNEUMONIA,bacteria,person354,1,val,532,255
PNEUMONIA__person354_virus_729.png,person354_virus_729.jpeg,PNEUMONIA,virus,person354,1,val,1352,968
PNEUMONIA__person355_bacteria_1637.png,person355_bacteria_1637.jpeg,PNEUMONIA,bacteria,person355,1,train,1000,568
PNEUMONIA__person355_virus_730.png,person355_virus_730.jpeg,PNEUMONIA,virus,person355,1,train,864,408
PNEUMONIA__person355_virus_731.png,person355_virus_731.jpeg,PNEUMONIA,virus,person355,1,train,486,191
PNEUMONIA__person356_bacteria_1638.png,person356_bacteria_1638.jpeg,PNEUMONIA,bacteria,person356,1,train,1326,875
PNEUMONIA__person356_virus_733.png,person356_virus_733.jpeg,PNEUMONIA,virus,person356,1,train,1080,760
PNEUMONIA__person357_bacteria_1639.png,person357_bacteria_1639.jpeg,PNEUMONIA,bacteria,person357,1,train,1550,1399
PNEUMONIA__person357_bacteria_1640.png,person357_bacteria_1640.jpeg,PNEUMONIA,bacteria,person357,1,train,1240,928
PNEUMONIA__person357_virus_734.png,person357_virus_734.jpeg,PNEUMONIA,virus,person357,1,train,1312,1112
PNEUMONIA__person357_virus_735.png,person357_virus_735.jpeg,PNEUMONIA,virus,person357,1,train,1312,1112
PNEUMONIA__person357_virus_736.png,person357_virus_736.jpeg,PNEUMONIA,virus,person357,1,train,1192,888
PNEUMONIA__person358_virus_737.png,person358_virus_737.jpeg,PNEUMONIA,virus,person358,1,train,1384,1080
PNEUMONIA__person359_bacteria_1642.png,person359_bacteria_1642.jpeg,PNEUMONIA,bacteria,person359,1,train,1334,1102
PNEUMONIA__person359_bacteria_1643.png,person359_bacteria_1643.jpeg,PNEUMONIA,bacteria,person359,1,train,1088,992
PNEUMONIA__person359_bacteria_1644.png,person359_bacteria_1644.jpeg,PNEUMONIA,bacteria,person359,1,train,1072,856
PNEUMONIA__person359_bacteria_1645.png,person359_bacteria_1645.jpeg,PNEUMONIA,bacteria,person359,1,train,1152,856
PNEUMONIA__person359_bacteria_1646.png,person359_bacteria_1646.jpeg,PNEUMONIA,bacteria,person359,1,train,1168,800
PNEUMONIA__person359_virus_738.png,person359_virus_738.jpeg,PNEUMONIA,virus,person359,1,train,1448,1112
PNEUMONIA__person35_bacteria_178.png,person35_bacteria_178.jpeg,PNEUMONIA,bacteria,person35,1,test,2036,1627
PNEUMONIA__person35_bacteria_180.png,person35_bacteria_180.jpeg,PNEUMONIA,bacteria,person35,1,test,1672,1200
PNEUMONIA__person35_bacteria_181.png,person35_bacteria_181.jpeg,PNEUMONIA,bacteria,person35,1,test,1712,1384
PNEUMONIA__person360_bacteria_1647.png,person360_bacteria_1647.jpeg,PNEUMONIA,bacteria,person360,1,train,880,744
PNEUMONIA__person360_virus_739.png,person360_virus_739.jpeg,PNEUMONIA,virus,person360,1,train,1176,1024
PNEUMONIA__person361_bacteria_1651.png,person361_bacteria_1651.jpeg,PNEUMONIA,bacteria,person361,1,test,1110,724
PNEUMONIA__person361_virus_740.png,person361_virus_740.jpeg,PNEUMONIA,virus,person361,1,test,1632,888
PNEUMONIA__person362_bacteria_1652.png,person362_bacteria_1652.jpeg,PNEUMONIA,bacteria,person362,1,train,1584,1072
PNEUMONIA__person362_virus_741.png,person362_virus_741.jpeg,PNEUMONIA,virus,person362,1,train,920,600
PNEUMONIA__person363_bacteria_1653.png,person363_bacteria_1653.jpeg,PNEUMONIA,bacteria,person363,1,train,1368,1208
PNEUMONIA__person363_bacteria_1654.png,person363_bacteria_1654.jpeg,PNEUMONIA,bacteria,person363,1,train,1272,1144
PNEUMONIA__person363_bacteria_1655.png,person363_bacteria_1655.jpeg,PNEUMONIA,bacteria,person363,1,train,1424,1264
PNEUMONIA__person363_virus_742.png,person363_virus_742.jpeg,PNEUMONIA,virus,person363,1,train,1248,896
PNEUMONIA__person364_bacteria_1656.png,person364_bacteria_1656.jpeg,PNEUMONIA,bacteria,person364,1,val,1256,768
PNEUMONIA__person364_bacteria_1657.png,person364_bacteria_1657.jpeg,PNEUMONIA,bacteria,person364,1,val,1232,864
PNEUMONIA__person364_bacteria_1658.png,person364_bacteria_1658.jpeg,PNEUMONIA,bacteria,person364,1,val,1368,1064
PNEUMONIA__person364_bacteria_1659.png,person364_bacteria_1659.jpeg,PNEUMONIA,bacteria,person364,1,val,1304,952
PNEUMONIA__person364_bacteria_1660.png,person364_bacteria_1660.jpeg,PNEUMONIA,bacteria,person364,1,val,1160,744
PNEUMONIA__person364_virus_743.png,person364_virus_743.jpeg,PNEUMONIA,virus,person364,1,val,1160,744
PNEUMONIA__person365_virus_745.png,person365_virus_745.jpeg,PNEUMONIA,virus,person365,1,val,687,425
PNEUMONIA__person366_bacteria_1664.png,person366_bacteria_1664.jpeg,PNEUMONIA,bacteria,person366,1,test,952,624
PNEUMONIA__person366_virus_746.png,person366_virus_746.jpeg,PNEUMONIA,virus,person366,1,test,1280,904
PNEUMONIA__person367_bacteria_1665.png,person367_bacteria_1665.jpeg,PNEUMONIA,bacteria,person367,1,train,1200,1024
PNEUMONIA__person367_virus_747.png,person367_virus_747.jpeg,PNEUMONIA,virus,person367,1,train,1472,968
PNEUMONIA__person368_bacteria_1666.png,person368_bacteria_1666.jpeg,PNEUMONIA,bacteria,person368,1,train,986,709
PNEUMONIA__person368_bacteria_1667.png,person368_bacteria_1667.jpeg,PNEUMONIA,bacteria,person368,1,train,832,504
PNEUMONIA__person368_bacteria_1668.png,person368_bacteria_1668.jpeg,PNEUMONIA,bacteria,person368,1,train,840,512
PNEUMONIA__person368_bacteria_1672.png,person368_bacteria_1672.jpeg,PNEUMONIA,bacteria,person368,1,train,912,544
PNEUMONIA__person368_bacteria_1678.png,person368_bacteria_1678.jpeg,PNEUMONIA,bacteria,person368,1,train,800,528
PNEUMONIA__person368_virus_748.png,person368_virus_748.jpeg,PNEUMONIA,virus,person368,1,train,1328,864
PNEUMONIA__person369_bacteria_1680.png,person369_bacteria_1680.jpeg,PNEUMONIA,bacteria,person369,1,train,888,454
PNEUMONIA__person369_virus_750.png,person369_virus_750.jpeg,PNEUMONIA,virus,person369,1,train,1368,904
PNEUMONIA__person36_bacteria_182.png,person36_bacteria_182.jpeg,PNEUMONIA,bacteria,person36,1,test,992,768
PNEUMONIA__person36_bacteria_183.png,person36_bacteria_183.jpeg,PNEUMONIA,bacteria,person36,1,test,1104,760
PNEUMONIA__person36_bacteria_184.png,person36_bacteria_184.jpeg,PNEUMONIA,bacteria,person36,1,test,920,648
PNEUMONIA__person36_bacteria_185.png,person36_bacteria_185.jpeg,PNEUMONIA,bacteria,person36,1,test,1232,886
PNEUMONIA__person370_bacteria_1687.png,person370_bacteria_1687.jpeg,PNEUMONIA,bacteria,person370,1,train,1072,688
PNEUMONIA__person370_bacteria_1688.png,person370_bacteria_1688.jpeg,PNEUMONIA,bacteria,person370,1,train,1136,688
PNEUMONIA__person370_bacteria_1689.png,person370_bacteria_1689.jpeg,PNEUMONIA,bacteria,person370,1,train,1040,736
PNEUMONIA__person370_bacteria_1690.png,person370_bacteria_1690.jpeg,PNEUMONIA,bacteria,person370,1,train,1080,920
PNEUMONIA__person370_bacteria_1691.png,person370_bacteria_1691.jpeg,PNEUMONIA,bacteria,person370,1,train,1088,912
PNEUMONIA__person370_bacteria_1692.png,person370_bacteria_1692.jpeg,PNEUMONIA,bacteria,person370,1,train,1064,760
PNEUMONIA__person370_virus_752.png,person370_virus_752.jpeg,PNEUMONIA,virus,person370,1,train,1728,1296
PNEUMONIA__person370_virus_753.png,person370_virus_753.jpeg,PNEUMONIA,virus,person370,1,train,1584,1184
PNEUMONIA__person371_bacteria_1694.png,person371_bacteria_1694.jpeg,PNEUMONIA,bacteria,person371,1,train,1080,720
PNEUMONIA__person371_bacteria_1695.png,person371_bacteria_1695.jpeg,PNEUMONIA,bacteria,person371,1,train,1064,592
PNEUMONIA__person371_bacteria_1696.png,person371_bacteria_1696.jpeg,PNEUMONIA,bacteria,person371,1,train,984,680
PNEUMONIA__person371_bacteria_1698.png,person371_bacteria_1698.jpeg,PNEUMONIA,bacteria,person371,1,train,920,640
PNEUMONIA__person371_bacteria_1699.png,person371_bacteria_1699.jpeg,PNEUMONIA,bacteria,person371,1,train,936,648
PNEUMONIA__person371_bacteria_1700.png,person371_bacteria_1700.jpeg,PNEUMONIA,bacteria,person371,1,train,864,560
PNEUMONIA__person371_bacteria_1701.png,person371_bacteria_1701.jpeg,PNEUMONIA,bacteria,person371,1,train,952,632
PNEUMONIA__person371_bacteria_1702.png,person371_bacteria_1702.jpeg,PNEUMONIA,bacteria,person371,1,train,904,512
PNEUMONIA__person371_bacteria_1703.png,person371_bacteria_1703.jpeg,PNEUMONIA,bacteria,person371,1,train,992,608
PNEUMONIA__person371_virus_754.png,person371_virus_754.jpeg,PNEUMONIA,virus,person371,1,train,984,560
PNEUMONIA__person372_bacteria_1704.png,person372_bacteria_1704.jpeg,PNEUMONIA,bacteria,person372,1,train,1000,568
PNEUMONIA__person372_bacteria_1705.png,person372_bacteria_1705.jpeg,PNEUMONIA,bacteria,person372,1,train,1008,616
PNEUMONIA__person372_bacteria_1706.png,person372_bacteria_1706.jpeg,PNEUMONIA,bacteria,person372,1,train,1000,672
PNEUMONIA__person372_virus_755.png,person372_virus_755.jpeg,PNEUMONIA,virus,person372,1,train,1512,960
PNEUMONIA__person373_bacteria_1707.png,person373_bacteria_1707.jpeg,PNEUMONIA,bacteria,person373,1,train,1216,944
PNEUMONIA__person373_bacteria_1708.png,person373_bacteria_1708.jpeg,PNEUMONIA,bacteria,person373,1,train,1296,864
PNEUMONIA__person373_bacteria_1709.png,person373_bacteria_1709.jpeg,PNEUMONIA,bacteria,person373,1,train,1280,736
PNEUMONIA__person373_virus_756.png,person373_virus_756.jpeg,PNEUMONIA,virus,person373,1,train,1240,880
PNEUMONIA__person374_bacteria_1710.png,person374_bacteria_1710.jpeg,PNEUMONIA,bacteria,person374,1,train,856,472
PNEUMONIA__person374_bacteria_1711.png,person374_bacteria_1711.jpeg,PNEUMONIA,bacteria,person374,1,train,872,600
PNEUMONIA__person374_bacteria_1712.png,person374_bacteria_1712.jpeg,PNEUMONIA,bacteria,person374,1,train,848,544
PNEUMONIA__person374_virus_757.png,person374_virus_757.jpeg,PNEUMONIA,virus,person374,1,train,1400,1208
PNEUMONIA__person375_bacteria_1713.png,person375_bacteria_1713.jpeg,PNEUMONIA,bacteria,person375,1,train,928,584
PNEUMONIA__person375_virus_758.png,person375_virus_758.jpeg,PNEUMONIA,virus,person375,1,train,1248,616
PNEUMONIA__person376_bacteria_1715.png,person376_bacteria_1715.jpeg,PNEUMONIA,bacteria,person376,1,train,1032,768
PNEUMONIA__person376_bacteria_1716.png,person376_bacteria_1716.jpeg,PNEUMONIA,bacteria,person376,1,train,1176,768
PNEUMONIA__person376_virus_759.png,person376_virus_759.jpeg,PNEUMONIA,virus,person376,1,train,1312,856
PNEUMONIA__person377_bacteria_1717.png,person377_bacteria_1717.jpeg,PNEUMONIA,bacteria,person377,1,train,1496,1049
PNEUMONIA__person377_bacteria_1718.png,person377_bacteria_1718.jpeg,PNEUMONIA,bacteria,person377,1,train,1416,888
PNEUMONIA__person377_virus_760.png,person377_virus_760.jpeg,PNEUMONIA,virus,person377,1,train,1272,760
PNEUMONIA__person378_virus_761.png,person378_virus_761.jpeg,PNEUMONIA,virus,person378,1,test,1432,952
PNEUMONIA__person379_bacteria_1721.png,person379_bacteria_1721.jpeg,PNEUMONIA,bacteria,person379,1,train,956,603
PNEUMONIA__person379_bacteria_1722.png,person379_bacteria_1722.jpeg,PNEUMONIA,bacteria,person379,1,train,1152,792
PNEUMONIA__person379_virus_762.png,person379_virus_762.jpeg,PNEUMONIA,virus,person379,1,train,1288,824
PNEUMONIA__person37_bacteria_186.png,person37_bacteria_186.jpeg,PNEUMONIA,bacteria,person37,1,train,1128,744
PNEUMONIA__person37_bacteria_187.png,person37_bacteria_187.jpeg,PNEUMONIA,bacteria,person37,1,train,1240,720
PNEUMONIA__person37_bacteria_188.png,person37_bacteria_188.jpeg,PNEUMONIA,bacteria,person37,1,train,1160,832
PNEUMONIA__person37_bacteria_189.png,person37_bacteria_189.jpeg,PNEUMONIA,bacteria,person37,1,train,1462,874
PNEUMONIA__person380_virus_763.png,person380_virus_763.jpeg,PNEUMONIA,virus,person380,1,val,1440,864
PNEUMONIA__person381_bacteria_1730.png,person381_bacteria_1730.jpeg,PNEUMONIA,bacteria,person381,1,test,976,656
PNEUMONIA__person381_bacteria_1731.png,person381_bacteria_1731.jpeg,PNEUMONIA,bacteria,person381,1,test,1080,728
PNEUMONIA__person382_bacteria_1737.png,person382_bacteria_1737.jpeg,PNEUMONIA,bacteria,person382,1,train,1152,728
PNEUMONIA__person382_bacteria_1738.png,person382_bacteria_1738.jpeg,PNEUMONIA,bacteria,person382,1,train,1168,736
PNEUMONIA__person382_bacteria_1739.png,person382_bacteria_1739.jpeg,PNEUMONIA,bacteria,person382,1,train,1072,688
PNEUMONIA__person382_bacteria_1740.png,person382_bacteria_1740.jpeg,PNEUMONIA,bacteria,person382,1,train,1152,736
PNEUMONIA__person382_bacteria_1741.png,person382_bacteria_1741.jpeg,PNEUMONIA,bacteria,person382,1,train,1168,848
PNEUMONIA__person382_bacteria_1742.png,person382_bacteria_1742.jpeg,PNEUMONIA,bacteria,person382,1,train,1360,1191
PNEUMONIA__person382_bacteria_1745.png,person382_bacteria_1745.jpeg,PNEUMONIA,bacteria,person382,1,train,1264,864
PNEUMONIA__person382_bacteria_1746.png,person382_bacteria_1746.jpeg,PNEUMONIA,bacteria,person382,1,train,1176,760
PNEUMONIA__person383_bacteria_1747.png,person383_bacteria_1747.jpeg,PNEUMONIA,bacteria,person383,1,train,1478,1137
PNEUMONIA__person383_bacteria_1748.png,person383_bacteria_1748.jpeg,PNEUMONIA,bacteria,person383,1,train,1320,984
PNEUMONIA__person383_bacteria_1749.png,person383_bacteria_1749.jpeg,PNEUMONIA,bacteria,person383,1,train,1184,1024
PNEUMONIA__person383_bacteria_1750.png,person383_bacteria_1750.jpeg,PNEUMONIA,bacteria,person383,1,train,1304,824
PNEUMONIA__person383_bacteria_1751.png,person383_bacteria_1751.jpeg,PNEUMONIA,bacteria,person383,1,train,1320,1016
PNEUMONIA__person383_bacteria_1752.png,person383_bacteria_1752.jpeg,PNEUMONIA,bacteria,person383,1,train,1312,1024
PNEUMONIA__person383_bacteria_1753.png,person383_bacteria_1753.jpeg,PNEUMONIA,bacteria,person383,1,train,1328,976
PNEUMONIA__person383_bacteria_1754.png,person383_bacteria_1754.jpeg,PNEUMONIA,bacteria,person383,1,train,1392,984
PNEUMONIA__person383_virus_767.png,person383_virus_767.jpeg,PNEUMONIA,virus,person383,1,train,1288,848
PNEUMONIA__person384_bacteria_1755.png,person384_bacteria_1755.jpeg,PNEUMONIA,bacteria,person384,1,train,1530,1029
PNEUMONIA__person384_virus_769.png,person384_virus_769.jpeg,PNEUMONIA,virus,person384,1,train,1296,872
PNEUMONIA__person385_bacteria_1765.png,person385_bacteria_1765.jpeg,PNEUMONIA,bacteria,person385,1,test,1000,576
PNEUMONIA__person385_bacteria_1766.png,person385_bacteria_1766.jpeg,PNEUMONIA,bacteria,person385,1,test,1016,560
PNEUMONIA__person385_virus_770.png,person385_virus_770.jpeg,PNEUMONIA,virus,person385,1,test,2000,1424
PNEUMONIA__person386_virus_771.png,person386_virus_771.jpeg,PNEUMONIA,virus,person386,1,train,1440,976
PNEUMONIA__person387_bacteria_1769.png,person387_bacteria_1769.jpeg,PNEUMONIA,bacteria,person387,1,train,928,544
PNEUMONIA__person387_bacteria_1770.png,person387_bacteria_1770.jpeg,PNEUMONIA,bacteria,person387,1,train,904,416
PNEUMONIA__person387_bacteria_1772.png,person387_bacteria_1772.jpeg,PNEUMONIA,bacteria,person387,1,train,824,472
PNEUMONIA__person387_virus_772.png,person387_virus_772.jpeg,PNEUMONIA,virus,person387,1,train,1752,1320
PNEUMONIA__person388_virus_775.png,person388_virus_775.jpeg,PNEUMONIA,virus,person388,1,train,1000,464
PNEUMONIA__person388_virus_777.png,person388_virus_777.jpeg,PNEUMONIA,virus,person388,1,train,907,513
PNEUMONIA__person389_bacteria_1778.png,person389_bacteria_1778.jpeg,PNEUMONIA,bacteria,person389,1,train,1256,888
PNEUMONIA__person389_bacteria_1780.png,person389_bacteria_1780.jpeg,PNEUMONIA,bacteria,person389,1,train,1384,944
PNEUMONIA__person389_virus_778.png,person389_virus_778.jpeg,PNEUMONIA,virus,person389,1,train,904,552
PNEUMONIA__person38_bacteria_190.png,person38_bacteria_190.jpeg,PNEUMONIA,bacteria,person38,1,train,1016,648
PNEUMONIA__person38_bacteria_191.png,person38_bacteria_191.jpeg,PNEUMONIA,bacteria,person38,1,train,960,664
PNEUMONIA__person38_bacteria_192.png,person38_bacteria_192.jpeg,PNEUMONIA,bacteria,person38,1,train,936,632
PNEUMONIA__person38_bacteria_193.png,person38_bacteria_193.jpeg,PNEUMONIA,bacteria,person38,1,train,944,568
PNEUMONIA__person38_bacteria_194.png,person38_bacteria_194.jpeg,PNEUMONIA,bacteria,person38,1,train,1008,600
PNEUMONIA__person38_bacteria_195.png,person38_bacteria_195.jpeg,PNEUMONIA,bacteria,person38,1,train,1040,600
PNEUMONIA__person38_bacteria_196.png,person38_bacteria_196.jpeg,PNEUMONIA,bacteria,person38,1,train,1010,670
PNEUMONIA__person390_bacteria_1781.png,person390_bacteria_1781.jpeg,PNEUMONIA,bacteria,person390,1,val,1544,1440
PNEUMONIA__person391_bacteria_1782.png,person391_bacteria_1782.jpeg,PNEUMONIA,bacteria,person391,1,train,1592,1041
PNEUMONIA__person391_virus_781.png,person391_virus_781.jpeg,PNEUMONIA,virus,person391,1,train,1664,1152
PNEUMONIA__person392_bacteria_1783.png,person392_bacteria_1783.jpeg,PNEUMONIA,bacteria,person392,1,train,1168,752
PNEUMONIA__person392_bacteria_1784.png,person392_bacteria_1784.jpeg,PNEUMONIA,bacteria,person392,1,train,1056,632
PNEUMONIA__person392_bacteria_1785.png,person392_bacteria_1785.jpeg,PNEUMONIA,bacteria,person392,1,train,992,632
PNEUMONIA__person392_bacteria_1786.png,person392_bacteria_1786.jpeg,PNEUMONIA,bacteria,person392,1,train,1000,592
PNEUMONIA__person392_bacteria_1787.png,person392_bacteria_1787.jpeg,PNEUMONIA,bacteria,person392,1,train,1160,632
PNEUMONIA__person392_virus_782.png,person392_virus_782.jpeg,PNEUMONIA,virus,person392,1,train,1368,944
PNEUMONIA__person393_bacteria_1789.png,person393_bacteria_1789.jpeg,PNEUMONIA,bacteria,person393,1,train,936,616
PNEUMONIA__person393_virus_784.png,person393_virus_784.jpeg,PNEUMONIA,virus,person393,1,train,1336,992
PNEUMONIA__person394_bacteria_1791.png,person394_bacteria_1791.jpeg,PNEUMONIA,bacteria,person394,1,train,1240,600
PNEUMONIA__person394_bacteria_1792.png,person394_bacteria_1792.jpeg,PNEUMONIA,bacteria,person394,1,train,1136,664
PNEUMONIA__person394_virus_786.png,person394_virus_786.jpeg,PNEUMONIA,virus,person394,1,train,1312,840
PNEUMONIA__person395_bacteria_1794.png,person395_bacteria_1794.jpeg,PNEUMONIA,bacteria,person395,1,val,976,736
PNEUMONIA__person395_bacteria_1795.png,person395_bacteria_1795.jpeg,PNEUMONIA,bacteria,person395,1,val,1128,792
PNEUMONIA__person395_virus_788.png,person395_virus_788.jpeg,PNEUMONIA,virus,person395,1,val,1240,1256
PNEUMONIA__person396_bacteria_1796.png,person396_bacteria_1796.jpeg,PNEUMONIA,bacteria,person396,1,train,1468,1083
PNEUMONIA__person396_virus_789.png,person396_virus_789.jpeg,PNEUMONIA,virus,person396,1,train,1024,592
PNEUMONIA__person397_bacteria_1797.png,person397_bacteria_1797.jpeg,PNEUMONIA,bacteria,person397,1,train,976,720
PNEUMONIA__person397_virus_790.png,person397_virus_790.jpeg,PNEUMONIA,virus,person397,1,train,1256,792
PNEUMONIA__person398_bacteria_1799.png,person398_bacteria_1799.jpeg,PNEUMONIA,bacteria,person398,1,val,920,680
PNEUMONIA__person398_bacteria_1801.png,person398_bacteria_1801.jpeg,PNEUMONIA,bacteria,person398,1,val,1048,576
PNEUMONIA__person399_bacteria_1804.png,person399_bacteria_1804.jpeg,PNEUMONIA,bacteria,person399,1,train,968,600
PNEUMONIA__person399_bacteria_1805.png,person399_bacteria_1805.jpeg,PNEUMONIA,bacteria,person399,1,train,856,568
PNEUMONIA__person399_bacteria_1806.png,person399_bacteria_1806.jpeg,PNEUMONIA,bacteria,person399,1,train,904,576
PNEUMONIA__person399_virus_793.png,person399_virus_793.jpeg,PNEUMONIA,virus,person399,1,train,1312,800
PNEUMONIA__person39_bacteria_198.png,person39_bacteria_198.jpeg,PNEUMONIA,bacteria,person39,1,train,1136,704
PNEUMONIA__person39_bacteria_200.png,person39_bacteria_200.jpeg,PNEUMONIA,bacteria,person39,1,train,1136,768
PNEUMONIA__person3_bacteria_10.png,person3_bacteria_10.jpeg,PNEUMONIA,bacteria,person3,1,train,1248,1056
PNEUMONIA__person3_bacteria_11.png,person3_bacteria_11.jpeg,PNEUMONIA,bacteria,person3,1,train,1200,952
PNEUMONIA__person3_bacteria_12.png,person3_bacteria_12.jpeg,PNEUMONIA,bacteria,person3,1,train,1654,1345
PNEUMONIA__person3_bacteria_13.png,person3_bacteria_13.jpeg,PNEUMONIA,bacteria,person3,1,train,1736,1265
PNEUMONIA__person400_bacteria_1807.png,person400_bacteria_1807.jpeg,PNEUMONIA,bacteria,person400,1,train,1234,813
PNEUMONIA__person400_virus_794.png,person400_virus_794.jpeg,PNEUMONIA,virus,person400,1,train,1344,888
PNEUMONIA__person401_bacteria_1808.png,person401_bacteria_1808.jpeg,PNEUMONIA,bacteria,person401,1,train,1426,967
PNEUMONIA__person401_virus_795.png,person401_virus_795.jpeg,PNEUMONIA,virus,person401,1,train,1424,1152
PNEUMONIA__person401_virus_797.png,person401_virus_797.jpeg,PNEUMONIA,virus,person401,1,train,1328,856
PNEUMONIA__person401_virus_798.png,person401_virus_798.jpeg,PNEUMONIA,virus,person401,1,train,1328,856
PNEUMONIA__person402_bacteria_1809.png,person402_bacteria_1809.jpeg,PNEUMONIA,bacteria,person402,1,train,848,496
PNEUMONIA__person402_bacteria_1810.png,person402_bacteria_1810.jpeg,PNEUMONIA,bacteria,person402,1,train,832,512
PNEUMONIA__person402_bacteria_1811.png,person402_bacteria_1811.jpeg,PNEUMONIA,bacteria,person402,1,train,968,544
PNEUMONIA__person402_bacteria_1812.png,person402_bacteria_1812.jpeg,PNEUMONIA,bacteria,person402,1,train,896,584
PNEUMONIA__person402_bacteria_1813.png,person402_bacteria_1813.jpeg,PNEUMONIA,bacteria,person402,1,train,752,392
PNEUMONIA__person402_virus_799.png,person402_virus_799.jpeg,PNEUMONIA,virus,person402,1,train,1880,1584
PNEUMONIA__person402_virus_801.png,person402_virus_801.jpeg,PNEUMONIA,virus,person402,1,train,1872,1264
PNEUMONIA__person403_bacteria_1814.png,person403_bacteria_1814.jpeg,PNEUMONIA,bacteria,person403,1,train,1640,920
PNEUMONIA__person403_virus_803.png,person403_virus_803.jpeg,PNEUMONIA,virus,person403,1,train,445,199
PNEUMONIA__person405_bacteria_1817.png,person405_bacteria_1817.jpeg,PNEUMONIA,bacteria,person405,1,val,1416,1037
PNEUMONIA__person405_virus_805.png,person405_virus_805.jpeg,PNEUMONIA,virus,person405,1,val,1328,872
PNEUMONIA__person406_bacteria_1818.png,person406_bacteria_1818.jpeg,PNEUMONIA,bacteria,person406,1,train,1328,1120
PNEUMONIA__person406_bacteria_1819.png,person406_bacteria_1819.jpeg,PNEUMONIA,bacteria,person406,1,train,1400,1112
PNEUMONIA__person406_bacteria_1820.png,person406_bacteria_1820.jpeg,PNEUMONIA,bacteria,person406,1,train,1328,1024
PNEUMONIA__person407_bacteria_1822.png,person407_bacteria_1822.jpeg,PNEUMONIA,bacteria,person407,1,test,1106,650
PNEUMONIA__person407_virus_811.png,person407_virus_811.jpeg,PNEUMONIA,virus,person407,1,test,384,127
PNEUMONIA__person407_virus_812.png,person407_virus_812.jpeg,PNEUMONIA,virus,person407,1,test,428,172
PNEUMONIA__person407_virus_814.png,person407_virus_814.jpeg,PNEUMONIA,virus,person407,1,test,448,173
PNEUMONIA__person408_bacteria_1823.png,person408_bacteria_1823.jpeg,PNEUMONIA,bacteria,person408,1,val,1430,763
PNEUMONIA__person408_virus_815.png,person408_virus_815.jpeg,PNEUMONIA,virus,person408,1,val,1312,864
PNEUMONIA__person409_bacteria_1824.png,person409_bacteria_1824.jpeg,PNEUMONIA,bacteria,person409,1,train,1582,1404
PNEUMONIA__person409_virus_816.png,person409_virus_816.jpeg,PNEUMONIA,virus,person409,1,train,1512,1032
PNEUMONIA__person409_virus_818.png,person409_virus_818.jpeg,PNEUMONIA,virus,person409,1,train,1504,1104
PNEUMONIA__person409_virus_820.png,person409_virus_820.jpeg,PNEUMONIA,virus,person409,1,train,1472,1216
PNEUMONIA__person40_bacteria_202.png,person40_bacteria_202.jpeg,PNEUMONIA,bacteria,person40,1,train,1216,960
PNEUMONIA__person40_bacteria_203.png,person40_bacteria_203.jpeg,PNEUMONIA,bacteria,person40,1,train,1240,1008
PNEUMONIA__person40_bacteria_204.png,person40_bacteria_204.jpeg,PNEUMONIA,bacteria,person40,1,train,1344,920
PNEUMONIA__person40_bacteria_205.png,person40_bacteria_205.jpeg,PNEUMONIA,bacteria,person40,1,train,1400,1032
PNEUMONIA__person410_bacteria_1825.png,person410_bacteria_1825.jpeg,PNEUMONIA,bacteria,person410,1,train,1106,774
PNEUMONIA__person410_virus_821.png,person410_virus_821.jpeg,PNEUMONIA,virus,person410,1,train,2088,1728
PNEUMONIA__person411_bacteria_1826.png,person411_bacteria_1826.jpeg,PNEUMONIA,bacteria,person411,1,train,1800,1261
PNEUMONIA__person412_bacteria_1827.png,person412_bacteria_1827.jpeg,PNEUMONIA,bacteria,person412,1,train,1428,884
PNEUMONIA__person413_bacteria_1828.png,person413_bacteria_1828.jpeg,PNEUMONIA,bacteria,person413,1,train,1232,952
PNEUMONIA__person413_bacteria_1829.png,person413_bacteria_1829.jpeg,PNEUMONIA,bacteria,person413,1,train,1144,688
PNEUMONIA__person413_bacteria_1830.png,person413_bacteria_1830.jpeg,PNEUMONIA,bacteria,person413,1,train,1232,952
PNEUMONIA__person413_bacteria_1831.png,person413_bacteria_1831.jpeg,PNEUMONIA,bacteria,person413,1,train,1128,944
PNEUMONIA__person413_bacteria_1832.png,person413_bacteria_1832.jpeg,PNEUMONIA,bacteria,person413,1,train,1184,1040
PNEUMONIA__person413_bacteria_1833.png,person413_bacteria_1833.jpeg,PNEUMONIA,bacteria,person413,1,train,1192,976
PNEUMONIA__person413_bacteria_1834.png,person413_bacteria_1834.jpeg,PNEUMONIA,bacteria,person413,1,train,1168,944
PNEUMONIA__person413_virus_844.png,person413_virus_844.jpeg,PNEUMONIA,virus,person413,1,train,1280,863
PNEUMONIA__person414_bacteria_1835.png,person414_bacteria_1835.jpeg,PNEUMONIA,bacteria,person414,1,test,1534,1264
PNEUMONIA__person414_virus_845.png,person414_virus_845.jpeg,PNEUMONIA,virus,person414,1,test,577,260
PNEUMONIA__person415_bacteria_1837.png,person415_bacteria_1837.jpeg,PNEUMONIA,bacteria,person415,1,val,840,600
PNEUMONIA__person415_bacteria_1838.png,person415_bacteria_1838.jpeg,PNEUMONIA,bacteria,person415,1,val,840,464
PNEUMONIA__person415_bacteria_1839.png,person415_bacteria_1839.jpeg,PNEUMONIA,bacteria,person415,1,val,1072,664
PNEUMONIA__person415_virus_847.png,person415_virus_847.jpeg,PNEUMONIA,virus,person415,1,val,1408,968
PNEUMONIA__person416_bacteria_1840.png,person416_bacteria_1840.jpeg,PNEUMONIA,bacteria,person416,1,train,1334,1075
PNEUMONIA__person416_virus_849.png,person416_virus_849.jpeg,PNEUMONIA,virus,person416,1,train,1282,747
PNEUMONIA__person417_bacteria_1841.png,person417_bacteria_1841.jpeg,PNEUMONIA,bacteria,person417,1,train,1400,1224
PNEUMONIA__person417_bacteria_1842.png,person417_bacteria_1842.jpeg,PNEUMONIA,bacteria,person417,1,train,1424,1184
PNEUMONIA__person417_virus_850.png,person417_virus_850.jpeg,PNEUMONIA,virus,person417,1,train,1352,948
PNEUMONIA__person418_bacteria_1843.png,person418_bacteria_1843.jpeg,PNEUMONIA,bacteria,person418,1,train,1376,936
PNEUMONIA__person418_virus_852.png,person418_virus_852.jpeg,PNEUMONIA,virus,person418,1,train,1230,936
PNEUMONIA__person419_bacteria_1844.png,person419_bacteria_1844.jpeg,PNEUMONIA,bacteria,person419,1,val,992,776
PNEUMONIA__person419_bacteria_1845.png,person419_bacteria_1845.jpeg,PNEUMONIA,bacteria,person419,1,val,1264,856
PNEUMONIA__person419_virus_855.png,person419_virus_855.jpeg,PNEUMONIA,virus,person419,1,val,1896,1752
PNEUMONIA__person419_virus_857.png,person419_virus_857.jpeg,PNEUMONIA,virus,person419,1,val,1912,1928
PNEUMONIA__person419_virus_859.png,person419_virus_859.jpeg,PNEUMONIA,virus,person419,1,val,2080,2032
PNEUMONIA__person419_virus_861.png,person419_virus_861.jpeg,PNEUMONIA,virus,person419,1,val,1880,1592
PNEUMONIA__person41_bacteria_206.png,person41_bacteria_206.jpeg,PNEUMONIA,bacteria,person41,1,train,936,720
PNEUMONIA__person41_bacteria_207.png,person41_bacteria_207.jpeg,PNEUMONIA,bacteria,person41,1,train,1072,680
PNEUMONIA__person41_bacteria_208.png,person41_bacteria_208.jpeg,PNEUMONIA,bacteria,person41,1,train,1144,720
PNEUMONIA__person41_bacteria_209.png,person41_bacteria_209.jpeg,PNEUMONIA,bacteria,person41,1,train,824,568
PNEUMONIA__person41_bacteria_210.png,person41_bacteria_210.jpeg,PNEUMONIA,bacteria,person41,1,train,1072,648
PNEUMONIA__person41_bacteria_211.png,person41_bacteria_211.jpeg,PNEUMONIA,bacteria,person41,1,train,1244,658
PNEUMONIA__person420_bacteria_1847.png,person420_bacteria_1847.jpeg,PNEUMONIA,bacteria,person420,1,train,1040,760
PNEUMONIA__person420_bacteria_1848.png,person420_bacteria_1848.jpeg,PNEUMONIA,bacteria,person420,1,train,1000,712
PNEUMONIA__person420_bacteria_1849.png,person420_bacteria_1849.jpeg,PNEUMONIA,bacteria,person420,1,train,960,624
PNEUMONIA__person420_bacteria_1850.png,person420_bacteria_1850.jpeg,PNEUMONIA,bacteria,person420,1,train,1000,640
PNEUMONIA__person420_bacteria_1851.png,person420_bacteria_1851.jpeg,PNEUMONIA,bacteria,person420,1,train,904,568
PNEUMONIA__person421_bacteria_1852.png,person421_bacteria_1852.jpeg,PNEUMONIA,bacteria,person421,1,train,1074,708
PNEUMONIA__person421_virus_866.png,person421_virus_866.jpeg,PNEUMONIA,virus,person421,1,train,452,180
PNEUMONIA__person422_bacteria_1853.png,person422_bacteria_1853.jpeg,PNEUMONIA,bacteria,person422,1,train,1214,851
PNEUMONIA__person422_virus_867.png,person422_virus_867.jpeg,PNEUMONIA,virus,person422,1,train,479,211
PNEUMONIA__person422_virus_868.png,person422_virus_868.jpeg,PNEUMONIA,virus,person422,1,train,507,244
PNEUMONIA__person423_bacteria_1854.png,person423_bacteria_1854.jpeg,PNEUMONIA,bacteria,person423,1,train,1088,824
PNEUMONIA__person423_bacteria_1855.png,person423_bacteria_1855.jpeg,PNEUMONIA,bacteria,person423,1,train,1088,728
PNEUMONIA__person423_bacteria_1856.png,person423_bacteria_1856.jpeg,PNEUMONIA,bacteria,person423,1,train,1072,696
PNEUMONIA__person423_bacteria_1857.png,person423_bacteria_1857.jpeg,PNEUMONIA,bacteria,person423,1,train,1024,824
PNEUMONIA__person423_bacteria_1858.png,person423_bacteria_1858.jpeg,PNEUMONIA,bacteria,person423,1,train,1128,736
PNEUMONIA__person423_virus_869.png,person423_virus_869.jpeg,PNEUMONIA,virus,person423,1,train,1384,959
PNEUMONIA__person424_bacteria_1859.png,person424_bacteria_1859.jpeg,PNEUMONIA,bacteria,person424,1,train,1456,1032
PNEUMONIA__person425_bacteria_1860.png,person425_bacteria_1860.jpeg,PNEUMONIA,bacteria,person425,1,train,1262,849
PNEUMONIA__person425_virus_871.png,person425_virus_871.jpeg,PNEUMONIA,virus,person425,1,train,2080,1680
PNEUMONIA__person426_bacteria_1861.png,person426_bacteria_1861.jpeg,PNEUMONIA,bacteria,person426,1,val,1392,1240
PNEUMONIA__person426_bacteria_1862.png,person426_bacteria_1862.jpeg,PNEUMONIA,bacteria,person426,1,val,1272,1032
PNEUMONIA__person426_bacteria_1863.png,person426_bacteria_1863.jpeg,PNEUMONIA,bacteria,person426,1,val,1248,976
PNEUMONIA__person426_virus_873.png,person426_virus_873.jpeg,PNEUMONIA,virus,person426,1,val,508,206
PNEUMONIA__person427_bacteria_1864.png,person427_bacteria_1864.jpeg,PNEUMONIA,bacteria,person427,1,train,984,576
PNEUMONIA__person427_bacteria_1865.png,person427_bacteria_1865.jpeg,PNEUMONIA,bacteria,person427,1,train,1008,704
PNEUMONIA__person427_bacteria_1866.png,person427_bacteria_1866.jpeg,PNEUMONIA,bacteria,person427,1,train,976,624
PNEUMONIA__person427_bacteria_1867.png,person427_bacteria_1867.jpeg,PNEUMONIA,bacteria,person427,1,train,1000,688
PNEUMONIA__person427_bacteria_1868.png,person427_bacteria_1868.jpeg,PNEUMONIA,bacteria,person427,1,train,968,568
PNEUMONIA__person427_virus_875.png,person427_virus_875.jpeg,PNEUMONIA,virus,person427,1,train,1298,763
PNEUMONIA__person428_bacteria_1869.png,person428_bacteria_1869.jpeg,PNEUMONIA,bacteria,person428,1,train,1330,855
PNEUMONIA__person428_virus_876.png,person428_virus_876.jpeg,PNEUMONIA,virus,person428,1,train,1352,890
PNEUMONIA__person429_bacteria_1870.png,person429_bacteria_1870.jpeg,PNEUMONIA,bacteria,person429,1,test,1096,808
PNEUMONIA__person429_virus_877.png,person429_virus_877.jpeg,PNEUMONIA,virus,person429,1,test,1604,1044
PNEUMONIA__person430_bacteria_1871.png,person430_bacteria_1871.jpeg,PNEUMONIA,bacteria,person430,1,train,1198,990
PNEUMONIA__person430_virus_879.png,person430_virus_879.jpeg,PNEUMONIA,virus,person430,1,train,1008,670
PNEUMONIA__person431_bacteria_1872.png,person431_bacteria_1872.jpeg,PNEUMONIA,bacteria,person431,1,train,1102,755
PNEUMONIA__person431_virus_880.png,person431_virus_880.jpeg,PNEUMONIA,virus,person431,1,train,1236,709
PNEUMONIA__person432_virus_881.png,person432_virus_881.jpeg,PNEUMONIA,virus,person432,1,train,1260,948
PNEUMONIA__person433_bacteria_1874.png,person433_bacteria_1874.jpeg,PNEUMONIA,bacteria,person433,1,val,928,576
PNEUMONIA__person433_bacteria_1875.png,person433_bacteria_1875.jpeg,PNEUMONIA,bacteria,person433,1,val,1032,576
PNEUMONIA__person433_bacteria_1876.png,person433_bacteria_1876.jpeg,PNEUMONIA,bacteria,person433,1,val,1040,528
PNEUMONIA__person433_virus_882.png,person433_virus_882.jpeg,PNEUMONIA,virus,person433,1,val,812,678
PNEUMONIA__person434_bacteria_1877.png,person434_bacteria_1877.jpeg,PNEUMONIA,bacteria,person434,1,train,904,704
PNEUMONIA__person434_virus_883.png,person434_virus_883.jpeg,PNEUMONIA,virus,person434,1,train,1456,1288
PNEUMONIA__person434_virus_884.png,person434_virus_884.jpeg,PNEUMONIA,virus,person434,1,train,851,704
PNEUMONIA__person435_bacteria_1879.png,person435_bacteria_1879.jpeg,PNEUMONIA,bacteria,person435,1,val,1032,600
PNEUMONIA__person435_virus_885.png,person435_virus_885.jpeg,PNEUMONIA,virus,person435,1,val,1400,890
PNEUMONIA__person436_bacteria_1883.png,person436_bacteria_1883.jpeg,PNEUMONIA,bacteria,person436,1,train,1508,1241
PNEUMONIA__person436_virus_886.png,person436_virus_886.jpeg,PNEUMONIA,virus,person436,1,train,1118,708
PNEUMONIA__person437_bacteria_1884.png,person437_bacteria_1884.jpeg,PNEUMONIA,bacteria,person437,1,train,976,656
PNEUMONIA__person437_bacteria_1885.png,person437_bacteria_1885.jpeg,PNEUMONIA,bacteria,person437,1,train,1072,832
PNEUMONIA__person437_bacteria_1886.png,person437_bacteria_1886.jpeg,PNEUMONIA,bacteria,person437,1,train,1224,784
PNEUMONIA__person437_bacteria_1887.png,person437_bacteria_1887.jpeg,PNEUMONIA,bacteria,person437,1,train,1008,608
PNEUMONIA__person437_bacteria_1888.png,person437_bacteria_1888.jpeg,PNEUMONIA,bacteria,person437,1,train,1144,808
PNEUMONIA__person437_virus_888.png,person437_virus_888.jpeg,PNEUMONIA,virus,person437,1,train,791,524
PNEUMONIA__person438_bacteria_1889.png,person438_bacteria_1889.jpeg,PNEUMONIA,bacteria,person438,1,train,832,632
PNEUMONIA__person438_bacteria_1890.png,person438_bacteria_1890.jpeg,PNEUMONIA,bacteria,person438,1,train,1016,672
PNEUMONIA__person438_bacteria_1891.png,person438_bacteria_1891.jpeg,PNEUMONIA,bacteria,person438,1,train,928,520
PNEUMONIA__person438_bacteria_1892.png,person438_bacteria_1892.jpeg,PNEUMONIA,bacteria,person438,1,train,896,624
PNEUMONIA__person438_bacteria_1893.png,person438_bacteria_1893.jpeg,PNEUMONIA,bacteria,person438,1,train,832,672
PNEUMONIA__person438_virus_889.png,person438_virus_889.jpeg,PNEUMONIA,virus,person438,1,train,1310,786
PNEUMONIA__person439_bacteria_1895.png,person439_bacteria_1895.jpeg,PNEUMONIA,bacteria,person439,1,train,1096,832
PNEUMONIA__person439_virus_890.png,person439_virus_890.jpeg,PNEUMONIA,virus,person439,1,train,936,648
PNEUMONIA__person439_virus_891.png,person439_virus_891.jpeg,PNEUMONIA,virus,person439,1,train,1224,712
PNEUMONIA__person43_bacteria_213.png,person43_bacteria_213.jpeg,PNEUMONIA,bacteria,person43,1,train,1216,736
PNEUMONIA__person43_bacteria_216.png,person43_bacteria_216.jpeg,PNEUMONIA,bacteria,person43,1,train,1232,744
PNEUMONIA__person440_bacteria_1897.png,person440_bacteria_1897.jpeg,PNEUMONIA,bacteria,person440,1,train,1072,752
PNEUMONIA__person440_bacteria_1898.png,person440_bacteria_1898.jpeg,PNEUMONIA,bacteria,person440,1,train,1016,816
PNEUMONIA__person440_virus_893.png,person440_virus_893.jpeg,PNEUMONIA,virus,person440,1,train,1168,840
PNEUMONIA__person441_bacteria_1900.png,person441_bacteria_1900.jpeg,PNEUMONIA,bacteria,person441,1,test,920,608
PNEUMONIA__person441_bacteria_1902.png,person441_bacteria_1902.jpeg,PNEUMONIA,bacteria,person441,1,test,888,664
PNEUMONIA__person441_bacteria_1903.png,person441_bacteria_1903.jpeg,PNEUMONIA,bacteria,person441,1,test,928,672
PNEUMONIA__person441_bacteria_1904.png,person441_bacteria_1904.jpeg,PNEUMONIA,bacteria,person441,1,test,896,544
PNEUMONIA__person441_bacteria_1905.png,person441_bacteria_1905.jpeg,PNEUMONIA,bacteria,person441,1,test,944,656
PNEUMONIA__person441_bacteria_1907.png,person441_bacteria_1907.jpeg,PNEUMONIA,bacteria,person441,1,test,832,584
PNEUMONIA__person441_bacteria_1910.png,person441_bacteria_1910.jpeg,PNEUMONIA,bacteria,person441,1,test,864,640
PNEUMONIA__person441_bacteria_1911.png,person441_bacteria_1911.jpeg,PNEUMONIA,bacteria,person441,1,test,832,592
PNEUMONIA__person441_bacteria_1912.png,person441_bacteria_1912.jpeg,PNEUMONIA,bacteria,person441,1,test,824,560
PNEUMONIA__person441_bacteria_1914.png,person441_bacteria_1914.jpeg,PNEUMONIA,bacteria,person441,1,test,936,616
PNEUMONIA__person441_bacteria_1915.png,person441_bacteria_1915.jpeg,PNEUMONIA,bacteria,person441,1,test,872,656
PNEUMONIA__person441_bacteria_1916.png,person441_bacteria_1916.jpeg,PNEUMONIA,bacteria,person441,1,test,904,672
PNEUMONIA__person441_bacteria_1917.png,person441_bacteria_1917.jpeg,PNEUMONIA,bacteria,person441,1,test,904,712
PNEUMONIA__person441_bacteria_1918.png,person441_bacteria_1918.jpeg,PNEUMONIA,bacteria,person441,1,test,928,568
PNEUMONIA__person441_virus_894.png,person441_virus_894.jpeg,PNEUMONIA,virus,person441,1,test,1562,1051
PNEUMONIA__person441_virus_895.png,person441_virus_895.jpeg,PNEUMONIA,virus,person441,1,test,1328,712
PNEUMONIA__person441_virus_896.png,person441_virus_896.jpeg,PNEUMONIA,virus,person441,1,test,1336,888
PNEUMONIA__person441_virus_897.png,person441_virus_897.jpeg,PNEUMONIA,virus,person441,1,test,738,543
PNEUMONIA__person442_virus_898.png,person442_virus_898.jpeg,PNEUMONIA,virus,person442,1,train,960,536
PNEUMONIA__person442_virus_899.png,person442_virus_899.jpeg,PNEUMONIA,virus,person442,1,train,1072,744
PNEUMONIA__person442_virus_900.png,person442_virus_900.jpeg,PNEUMONIA,virus,person442,1,train,976,720
PNEUMONIA__person442_virus_901.png,person442_virus_901.jpeg,PNEUMONIA,virus,person442,1,train,1120,736
PNEUMONIA__person442_virus_902.png,person442_virus_902.jpeg,PNEUMONIA,virus,person442,1,train,976,632
PNEUMONIA__person442_virus_903.png,person442_virus_903.jpeg,PNEUMONIA,virus,person442,1,train,1000,680
PNEUMONIA__person442_virus_904.png,person442_virus_904.jpeg,PNEUMONIA,virus,person442,1,train,1072,624
PNEUMONIA__person442_virus_905.png,person442_virus_905.jpeg,PNEUMONIA,virus,person442,1,train,1144,672
PNEUMONIA__person442_virus_906.png,person442_virus_906.jpeg,PNEUMONIA,virus,person442,1,train,944,560
PNEUMONIA__person443_bacteria_1923.png,person443_bacteria_1923.jpeg,PNEUMONIA,bacteria,person443,1,val,1144,1072
PNEUMONIA__person443_bacteria_1924.png,person443_bacteria_1924.jpeg,PNEUMONIA,bacteria,person443,1,val,1424,1056
PNEUMONIA__person443_bacteria_1926.png,person443_bacteria_1926.jpeg,PNEUMONIA,bacteria,person443,1,val,1136,872
PNEUMONIA__person443_virus_908.png,person443_virus_908.jpeg,PNEUMONIA,virus,person443,1,val,1056,619
PNEUMONIA__person444_bacteria_1927.png,person444_bacteria_1927.jpeg,PNEUMONIA,bacteria,person444,1,train,1272,1145
PNEUMONIA__person444_virus_911.png,person444_virus_911.jpeg,PNEUMONIA,virus,person444,1,train,1360,816
PNEUMONIA__person445_bacteria_1928.png,person445_bacteria_1928.jpeg,PNEUMONIA,bacteria,person445,1,train,856,496
PNEUMONIA__person445_bacteria_1929.png,person445_bacteria_1929.jpeg,PNEUMONIA,bacteria,person445,1,train,872,584
PNEUMONIA__person445_bacteria_1930.png,person445_bacteria_1930.jpeg,PNEUMONIA,bacteria,person445,1,train,888,536
PNEUMONIA__person445_virus_912.png,person445_virus_912.jpeg,PNEUMONIA,virus,person445,1,train,1870,1287
PNEUMONIA__person445_virus_913.png,person445_virus_913.jpeg,PNEUMONIA,virus,person445,1,train,2052,1361
PNEUMONIA__person445_virus_914.png,person445_virus_914.jpeg,PNEUMONIA,virus,person445,1,train,1744,1200
PNEUMONIA__person445_virus_915.png,person445_virus_915.jpeg,PNEUMONIA,virus,person445,1,train,1552,1224
PNEUMONIA__person445_virus_916.png,person445_virus_916.jpeg,PNEUMONIA,virus,person445,1,train,1560,1272
PNEUMONIA__person445_virus_917.png,person445_virus_917.jpeg,PNEUMONIA,virus,person445,1,train,1640,936
PNEUMONIA__person445_virus_918.png,person445_virus_918.jpeg,PNEUMONIA,virus,person445,1,train,1640,936
PNEUMONIA__person445_virus_919.png,person445_virus_919.jpeg,PNEUMONIA,virus,person445,1,train,1760,1168
PNEUMONIA__person446_bacteria_1931.png,person446_bacteria_1931.jpeg,PNEUMONIA,bacteria,person446,1,test,1176,856
PNEUMONIA__person446_virus_920.png,person446_virus_920.jpeg,PNEUMONIA,virus,person446,1,test,1238,635
PNEUMONIA__person447_bacteria_1932.png,person447_bacteria_1932.jpeg,PNEUMONIA,bacteria,person447,1,train,1562,1284
PNEUMONIA__person447_virus_921.png,person447_virus_921.jpeg,PNEUMONIA,virus,person447,1,train,1230,840
PNEUMONIA__person447_virus_921_1.png,person447_virus_921_1.jpeg,PNEUMONIA,virus,person447,1,train,990,528
PNEUMONIA__person448_bacteria_1933.png,person448_bacteria_1933.jpeg,PNEUMONIA,bacteria,person448,1,train,1104,792
PNEUMONIA__person448_bacteria_1934.png,person448_bacteria_1934.jpeg,PNEUMONIA,bacteria,person448,1,train,1096,784
PNEUMONIA__person448_bacteria_1935.png,person448_bacteria_1935.jpeg,PNEUMONIA,bacteria,person448,1,train,1112,824
PNEUMONIA__person448_bacteria_1936.png,person448_bacteria_1936.jpeg,PNEUMONIA,bacteria,person448,1,train,1080,768
PNEUMONIA__person448_bacteria_1937.png,person448_bacteria_1937.jpeg,PNEUMONIA,bacteria,person448,1,train,1208,896
PNEUMONIA__person448_virus_922.png,person448_virus_922.jpeg,PNEUMONIA,virus,person448,1,train,1284,832
PNEUMONIA__person449_bacteria_1938.png,person449_bacteria_1938.jpeg,PNEUMONIA,bacteria,person449,1,test,896,560
PNEUMONIA__person449_bacteria_1939.png,person449_bacteria_1939.jpeg,PNEUMONIA,bacteria,person449,1,test,1048,648
PNEUMONIA__person449_bacteria_1940.png,person449_bacteria_1940.jpeg,PNEUMONIA,bacteria,person449,1,test,888,536
PNEUMONIA__person44_bacteria_218.png,person44_bacteria_218.jpeg,PNEUMONIA,bacteria,person44,1,train,1696,1272
PNEUMONIA__person44_bacteria_219.png,person44_bacteria_219.jpeg,PNEUMONIA,bacteria,person44,1,train,1680,1328
PNEUMONIA__person450_bacteria_1941.png,person450_bacteria_1941.jpeg,PNEUMONIA,bacteria,person450,1,train,1126,851
PNEUMONIA__person450_virus_931.png,person450_virus_931.jpeg,PNEUMONIA,virus,person450,1,train,1460,1067
PNEUMONIA__person451_bacteria_1942.png,person451_bacteria_1942.jpeg,PNEUMONIA,bacteria,person451,1,train,1206,878
PNEUMONIA__person451_virus_932.png,person451_virus_932.jpeg,PNEUMONIA,virus,person451,1,train,1372,897
PNEUMONIA__person452_bacteria_1943.png,person452_bacteria_1943.jpeg,PNEUMONIA,bacteria,person452,1,train,1256,767
PNEUMONIA__person453_virus_935.png,person453_virus_935.jpeg,PNEUMONIA,virus,person453,1,train,2273,1505
PNEUMONIA__person453_virus_936.png,person453_virus_936.jpeg,PNEUMONIA,virus,person453,1,train,1504,936
PNEUMONIA__person454_bacteria_1945.png,person454_bacteria_1945.jpeg,PNEUMONIA,bacteria,person454,1,val,1026,573
PNEUMONIA__person454_virus_938.png,person454_virus_938.jpeg,PNEUMONIA,virus,person454,1,val,1953,1692
PNEUMONIA__person455_bacteria_1947.png,person455_bacteria_1947.jpeg,PNEUMONIA,bacteria,person455,1,test,1024,680
PNEUMONIA__person456_bacteria_1948.png,person456_bacteria_1948.jpeg,PNEUMONIA,bacteria,person456,1,train,1040,760
PNEUMONIA__person456_virus_943.png,person456_virus_943.jpeg,PNEUMONIA,virus,person456,1,train,1048,604
PNEUMONIA__person457_bacteria_1949.png,person457_bacteria_1949.jpeg,PNEUMONIA,bacteria,person457,1,train,1697,1519
PNEUMONIA__person457_virus_944.png,person457_virus_944.jpeg,PNEUMONIA,virus,person457,1,train,1023,719
PNEUMONIA__person458_bacteria_1950.png,person458_bacteria_1950.jpeg,PNEUMONIA,bacteria,person458,1,train,1016,720
PNEUMONIA__person458_bacteria_1951.png,person458_bacteria_1951.jpeg,PNEUMONIA,bacteria,person458,1,train,816,616
PNEUMONIA__person458_bacteria_1952.png,person458_bacteria_1952.jpeg,PNEUMONIA,bacteria,person458,1,train,896,680
PNEUMONIA__person458_bacteria_1953.png,person458_bacteria_1953.jpeg,PNEUMONIA,bacteria,person458,1,train,936,728
PNEUMONIA__person458_bacteria_1954.png,person458_bacteria_1954.jpeg,PNEUMONIA,bacteria,person458,1,train,824,712
PNEUMONIA__person458_bacteria_1955.png,person458_bacteria_1955.jpeg,PNEUMONIA,bacteria,person458,1,train,888,504
PNEUMONIA__person458_virus_945.png,person458_virus_945.jpeg,PNEUMONIA,virus,person458,1,train,2051,1417
PNEUMONIA__person459_bacteria_1956.png,person459_bacteria_1956.jpeg,PNEUMONIA,bacteria,person459,1,val,1016,680
PNEUMONIA__person459_bacteria_1957.png,person459_bacteria_1957.jpeg,PNEUMONIA,bacteria,person459,1,val,1288,888
PNEUMONIA__person459_virus_947.png,person459_virus_947.jpeg,PNEUMONIA,virus,person459,1,val,2022,1577
PNEUMONIA__person45_bacteria_220.png,person45_bacteria_220.jpeg,PNEUMONIA,bacteria,person45,1,train,712,464
PNEUMONIA__person45_bacteria_221.png,person45_bacteria_221.jpeg,PNEUMONIA,bacteria,person45,1,train,808,488
PNEUMONIA__person45_bacteria_222.png,person45_bacteria_222.jpeg,PNEUMONIA,bacteria,person45,1,train,1040,615
PNEUMONIA__person460_bacteria_1958.png,person460_bacteria_1958.jpeg,PNEUMONIA,bacteria,person460,1,train,1184,824
PNEUMONIA__person460_virus_948.png,person460_virus_948.jpeg,PNEUMONIA,virus,person460,1,train,1376,968
PNEUMONIA__person461_bacteria_1960.png,person461_bacteria_1960.jpeg,PNEUMONIA,bacteria,person461,1,train,1449,1140
PNEUMONIA__person461_virus_949.png,person461_virus_949.jpeg,PNEUMONIA,virus,person461,1,train,863,574
PNEUMONIA__person461_virus_950.png,person461_virus_950.jpeg,PNEUMONIA,virus,person461,1,train,1008,696
PNEUMONIA__person462_bacteria_1961.png,person462_bacteria_1961.jpeg,PNEUMONIA,bacteria,person462,1,train,896,616
PNEUMONIA__person462_bacteria_1963.png,person462_bacteria_1963.jpeg,PNEUMONIA,bacteria,person462,1,train,960,544
PNEUMONIA__person462_bacteria_1967.png,person462_bacteria_1967.jpeg,PNEUMONIA,bacteria,person462,1,train,904,584
PNEUMONIA__person462_bacteria_1968.png,person462_bacteria_1968.jpeg,PNEUMONIA,bacteria,person462,1,train,1092,736
PNEUMONIA__person462_virus_951.png,person462_virus_951.jpeg,PNEUMONIA,virus,person462,1,train,2126,1226
PNEUMONIA__person463_bacteria_1971.png,person463_bacteria_1971.jpeg,PNEUMONIA,bacteria,person463,1,train,944,616
PNEUMONIA__person463_virus_952.png,person463_virus_952.jpeg,PNEUMONIA,virus,person463,1,train,1248,736
PNEUMONIA__person463_virus_953.png,person463_virus_953.jpeg,PNEUMONIA,virus,person463,1,train,1306,844
PNEUMONIA__person464_bacteria_1974.png,person464_bacteria_1974.jpeg,PNEUMONIA,bacteria,person464,1,test,1312,816
PNEUMONIA__person464_bacteria_1975.png,person464_bacteria_1975.jpeg,PNEUMONIA,bacteria,person464,1,test,1384,1102
PNEUMONIA__person464_virus_954.png,person464_virus_954.jpeg,PNEUMONIA,virus,person464,1,test,819,519
PNEUMONIA__person464_virus_956.png,person464_virus_956.jpeg,PNEUMONIA,virus,person464,1,test,944,631
PNEUMONIA__person465_bacteria_1976.png,person465_bacteria_1976.jpeg,PNEUMONIA,bacteria,person465,1,train,1096,896
PNEUMONIA__person465_bacteria_1977.png,person465_bacteria_1977.jpeg,PNEUMONIA,bacteria,person465,1,train,1000,672
PNEUMONIA__person465_bacteria_1979.png,person465_bacteria_1979.jpeg,PNEUMONIA,bacteria,person465,1,train,1112,704
PNEUMONIA__person465_bacteria_1980.png,person465_bacteria_1980.jpeg,PNEUMONIA,bacteria,person465,1,train,1080,584
PNEUMONIA__person465_bacteria_1981.png,person465_bacteria_1981.jpeg,PNEUMONIA,bacteria,person465,1,train,1008,584
PNEUMONIA__person465_bacteria_1982.png,person465_bacteria_1982.jpeg,PNEUMONIA,bacteria,person465,1,train,1329,810
PNEUMONIA__person465_virus_957.png,person465_virus_957.jpeg,PNEUMONIA,virus,person465,1,train,1488,893
PNEUMONIA__person466_bacteria_1983.png,person466_bacteria_1983.jpeg,PNEUMONIA,bacteria,person466,1,test,742,473
PNEUMONIA__person466_bacteria_1984.png,person466_bacteria_1984.jpeg,PNEUMONIA,bacteria,person466,1,test,650,378
PNEUMONIA__person466_bacteria_1986.png,person466_bacteria_1986.jpeg,PNEUMONIA,bacteria,person466,1,test,1008,680
PNEUMONIA__person466_bacteria_1987.png,person466_bacteria_1987.jpeg,PNEUMONIA,bacteria,person466,1,test,958,744
PNEUMONIA__person466_virus_960.png,person466_virus_960.jpeg,PNEUMONIA,virus,person466,1,test,1084,717
PNEUMONIA__person467_bacteria_1988.png,person467_bacteria_1988.jpeg,PNEUMONIA,bacteria,person467,1,train,1160,816
PNEUMONIA__person467_bacteria_1989.png,person467_bacteria_1989.jpeg,PNEUMONIA,bacteria,person467,1,train,1120,704
PNEUMONIA__person467_virus_961.png,person467_virus_961.jpeg,PNEUMONIA,virus,person467,1,train,2309,1915
PNEUMONIA__person468_bacteria_1990.png,person468_bacteria_1990.jpeg,PNEUMONIA,bacteria,person468,1,train,1144,792
PNEUMONIA__person468_bacteria_1991.png,person468_bacteria_1991.jpeg,PNEUMONIA,bacteria,person468,1,train,1526,1001
PNEUMONIA__person468_virus_963.png,person468_virus_963.jpeg,PNEUMONIA,virus,person468,1,train,2094,1551
PNEUMONIA__person469_bacteria_1992.png,person469_bacteria_1992.jpeg,PNEUMONIA,bacteria,person469,1,train,1272,808
PNEUMONIA__person469_bacteria_1993.png,person469_bacteria_1993.jpeg,PNEUMONIA,bacteria,person469,1,train,1128,808
PNEUMONIA__person469_bacteria_1994.png,person469_bacteria_1994.jpeg,PNEUMONIA,bacteria,person469,1,train,1348,995
PNEUMONIA__person469_bacteria_1995.png,person469_bacteria_1995.jpeg,PNEUMONIA,bacteria,person469,1,train,1255,883
PNEUMONIA__person469_virus_965.png,person469_virus_965.jpeg,PNEUMONIA,virus,person469,1,train,759,618
PNEUMONIA__person46_bacteria_224.png,person46_bacteria_224.jpeg,PNEUMONIA,bacteria,person46,1,train,1264,928
PNEUMONIA__person46_bacteria_225.png,person46_bacteria_225.jpeg,PNEUMONIA,bacteria,person46,1,train,1412,1029
PNEUMONIA__person470_bacteria_1996.png,person470_bacteria_1996.jpeg,PNEUMONIA,bacteria,person470,1,test,1200,928
PNEUMONIA__person470_bacteria_1998.png,person470_bacteria_1998.jpeg,PNEUMONIA,bacteria,person470,1,test,1248,896
PNEUMONIA__person470_bacteria_1999.png,person470_bacteria_1999.jpeg,PNEUMONIA,bacteria,person470,1,test,1224,904
PNEUMONIA__person470_bacteria_2000.png,person470_bacteria_2000.jpeg,PNEUMONIA,bacteria,person470,1,test,1160,872
PNEUMONIA__person470_bacteria_2001.png,person470_bacteria_2001.jpeg,PNEUMONIA,bacteria,person470,1,test,1160,800
PNEUMONIA__person470_bacteria_2002.png,person470_bacteria_2002.jpeg,PNEUMONIA,bacteria,person470,1,test,1350,1045
PNEUMONIA__person470_bacteria_2003.png,person470_bacteria_2003.jpeg,PNEUMONIA,bacteria,person470,1,test,1534,1064
PNEUMONIA__person470_virus_966.png,person470_virus_966.jpeg,PNEUMONIA,virus,person470,1,test,795,612
PNEUMONIA__person471_bacteria_2004.png,person471_bacteria_2004.jpeg,PNEUMONIA,bacteria,person471,1,test,1184,656
PNEUMONIA__person471_bacteria_2005.png,person471_bacteria_2005.jpeg,PNEUMONIA,bacteria,person471,1,test,1104,736
PNEUMONIA__person471_bacteria_2006.png,person471_bacteria_2006.jpeg,PNEUMONIA,bacteria,person471,1,test,1170,889
PNEUMONIA__person471_virus_967.png,person471_virus_967.jpeg,PNEUMONIA,virus,person471,1,test,806,554
PNEUMONIA__person471_virus_968.png,person471_virus_968.jpeg,PNEUMONIA,virus,person471,1,test,831,603
PNEUMONIA__person472_bacteria_2007.png,person472_bacteria_2007.jpeg,PNEUMONIA,bacteria,person472,1,val,966,619
PNEUMONIA__person472_bacteria_2008.png,person472_bacteria_2008.jpeg,PNEUMONIA,bacteria,person472,1,val,1120,680
PNEUMONIA__person472_bacteria_2010.png,person472_bacteria_2010.jpeg,PNEUMONIA,bacteria,person472,1,val,777,531
PNEUMONIA__person472_bacteria_2014.png,person472_bacteria_2014.jpeg,PNEUMONIA,bacteria,person472,1,val,1088,648
PNEUMONIA__person472_bacteria_2015.png,person472_bacteria_2015.jpeg,PNEUMONIA,bacteria,person472,1,val,1096,624
PNEUMONIA__person472_virus_969.png,person472_virus_969.jpeg,PNEUMONIA,virus,person472,1,val,1870,1282
PNEUMONIA__person473_bacteria_2018.png,person473_bacteria_2018.jpeg,PNEUMONIA,bacteria,person473,1,train,1152,672
PNEUMONIA__person474_virus_971.png,person474_virus_971.jpeg,PNEUMONIA,virus,person474,1,train,1424,976
PNEUMONIA__person475_bacteria_2020.png,person475_bacteria_2020.jpeg,PNEUMONIA,bacteria,person475,1,train,1096,712
PNEUMONIA__person475_bacteria_2021.png,person475_bacteria_2021.jpeg,PNEUMONIA,bacteria,person475,1,train,1016,800
PNEUMONIA__person475_bacteria_2022.png,person475_bacteria_2022.jpeg,PNEUMONIA,bacteria,person475,1,train,1128,768
PNEUMONIA__person475_bacteria_2023.png,person475_bacteria_2023.jpeg,PNEUMONIA,bacteria,person475,1,train,1080,728
PNEUMONIA__person475_bacteria_2024.png,person475_bacteria_2024.jpeg,PNEUMONIA,bacteria,person475,1,train,1072,744
PNEUMONIA__person475_bacteria_2025.png,person475_bacteria_2025.jpeg,PNEUMONIA,bacteria,person475,1,train,1411,915
PNEUMONIA__person475_virus_972.png,person475_virus_972.jpeg,PNEUMONIA,virus,person475,1,train,1120,808
PNEUMONIA__person476_bacteria_2026.png,person476_bacteria_2026.jpeg,PNEUMONIA,bacteria,person476,1,train,1450,947
PNEUMONIA__person476_virus_973.png,person476_virus_973.jpeg,PNEUMONIA,virus,person476,1,train,1664,1000
PNEUMONIA__person477_bacteria_2028.png,person477_bacteria_2028.jpeg,PNEUMONIA,bacteria,person477,1,train,1264,904
PNEUMONIA__person477_bacteria_2029.png,person477_bacteria_2029.jpeg,PNEUMONIA,bacteria,person477,1,train,1160,1032
PNEUMONIA__person477_bacteria_2030.png,person477_bacteria_2030.jpeg,PNEUMONIA,bacteria,person477,1,train,1232,984
PNEUMONIA__person477_bacteria_2031.png,person477_bacteria_2031.jpeg,PNEUMONIA,bacteria,person477,1,train,1662,1585
PNEUMONIA__person478_bacteria_2032.png,person478_bacteria_2032.jpeg,PNEUMONIA,bacteria,person478,1,train,1096,760
PNEUMONIA__person478_bacteria_2035.png,person478_bacteria_2035.jpeg,PNEUMONIA,bacteria,person478,1,train,1318,936
PNEUMONIA__person478_virus_975.png,person478_virus_975.jpeg,PNEUMONIA,virus,person478,1,train,1224,888
PNEUMONIA__person479_virus_978.png,person479_virus_978.jpeg,PNEUMONIA,virus,person479,1,train,1520,1080
PNEUMONIA__person47_bacteria_229.png,person47_bacteria_229.jpeg,PNEUMONIA,bacteria,person47,1,train,1318,820
PNEUMONIA__person480_bacteria_2038.png,person480_bacteria_2038.jpeg,PNEUMONIA,bacteria,person480,1,val,1200,808
PNEUMONIA__person480_bacteria_2039.png,person480_bacteria_2039.jpeg,PNEUMONIA,bacteria,person480,1,val,1056,760
PNEUMONIA__person480_bacteria_2040.png,person480_bacteria_2040.jpeg,PNEUMONIA,bacteria,person480,1,val,1221,793
PNEUMONIA__person480_virus_981.png,person480_virus_981.jpeg,PNEUMONIA,virus,person480,1,val,788,496
PNEUMONIA__person480_virus_982.png,person480_virus_982.jpeg,PNEUMONIA,virus,person480,1,val,801,493
PNEUMONIA__person481_bacteria_2041.png,person481_bacteria_2041.jpeg,PNEUMONIA,bacteria,person481,1,test,1400,1088
PNEUMONIA__person481_bacteria_2042.png,person481_bacteria_2042.jpeg,PNEUMONIA,bacteria,person481,1,test,1512,1178
PNEUMONIA__person481_virus_983.png,person481_virus_983.jpeg,PNEUMONIA,virus,person481,1,test,1256,1016
PNEUMONIA__person482_bacteria_2043.png,person482_bacteria_2043.jpeg,PNEUMONIA,bacteria,person482,1,train,1176,813
PNEUMONIA__person482_bacteria_2044.png,person482_bacteria_2044.jpeg,PNEUMONIA,bacteria,person482,1,train,992,576
PNEUMONIA__person482_bacteria_2045.png,person482_bacteria_2045.jpeg,PNEUMONIA,bacteria,person482,1,train,1164,844
PNEUMONIA__person482_virus_984.png,person482_virus_984.jpeg,PNEUMONIA,virus,person482,1,train,1640,1328
PNEUMONIA__person483_bacteria_2046.png,person483_bacteria_2046.jpeg,PNEUMONIA,bacteria,person483,1,train,1040,752
PNEUMONIA__person483_virus_985.png,person483_virus_985.jpeg,PNEUMONIA,virus,person483,1,train,1024,632
PNEUMONIA__person484_virus_986.png,person484_virus_986.jpeg,PNEUMONIA,virus,person484,1,train,1016,648
PNEUMONIA__person485_bacteria_2049.png,person485_bacteria_2049.jpeg,PNEUMONIA,bacteria,person485,1,train,2334,1956
PNEUMONIA__person485_virus_988.png,person485_virus_988.jpeg,PNEUMONIA,virus,person485,1,train,1136,680
PNEUMONIA__person486_bacteria_2051.png,person486_bacteria_2051.jpeg,PNEUMONIA,bacteria,person486,1,train,1096,776
PNEUMONIA__person486_bacteria_2052.png,person486_bacteria_2052.jpeg,PNEUMONIA,bacteria,person486,1,train,1168,808
PNEUMONIA__person486_bacteria_2053.png,person486_bacteria_2053.jpeg,PNEUMONIA,bacteria,person486,1,train,1294,1052
PNEUMONIA__person486_bacteria_2054.png,person486_bacteria_2054.jpeg,PNEUMONIA,bacteria,person486,1,train,1284,1076
PNEUMONIA__person486_virus_990.png,person486_virus_990.jpeg,PNEUMONIA,virus,person486,1,train,1264,688
PNEUMONIA__person487_bacteria_2055.png,person487_bacteria_2055.jpeg,PNEUMONIA,bacteria,person487,1,train,1360,1000
PNEUMONIA__person487_bacteria_2056.png,person487_bacteria_2056.jpeg,PNEUMONIA,bacteria,person487,1,train,1528,1176
PNEUMONIA__person487_bacteria_2057.png,person487_bacteria_2057.jpeg,PNEUMONIA,bacteria,person487,1,train,1304,984
PNEUMONIA__person487_bacteria_2058.png,person487_bacteria_2058.jpeg,PNEUMONIA,bacteria,person487,1,train,1256,1072
PNEUMONIA__person487_bacteria_2059.png,person487_bacteria_2059.jpeg,PNEUMONIA,bacteria,person487,1,train,1248,904
PNEUMONIA__person487_bacteria_2060.png,person487_bacteria_2060.jpeg,PNEUMONIA,bacteria,person487,1,train,1534,1203
PNEUMONIA__person487_virus_991.png,person487_virus_991.jpeg,PNEUMONIA,virus,person487,1,train,1072,552
PNEUMONIA__person488_bacteria_2061.png,person488_bacteria_2061.jpeg,PNEUMONIA,bacteria,person488,1,val,1216,944
PNEUMONIA__person488_bacteria_2062.png,person488_bacteria_2062.jpeg,PNEUMONIA,bacteria,person488,1,val,1704,1156
PNEUMONIA__person488_virus_992.png,person488_virus_992.jpeg,PNEUMONIA,virus,person488,1,val,1656,1120
PNEUMONIA__person489_bacteria_2063.png,person489_bacteria_2063.jpeg,PNEUMONIA,bacteria,person489,1,train,1288,768
PNEUMONIA__person489_bacteria_2064.png,person489_bacteria_2064.jpeg,PNEUMONIA,bacteria,person489,1,train,1040,576
PNEUMONIA__person489_bacteria_2065.png,person489_bacteria_2065.jpeg,PNEUMONIA,bacteria,person489,1,train,1032,600
PNEUMONIA__person489_bacteria_2066.png,person489_bacteria_2066.jpeg,PNEUMONIA,bacteria,person489,1,train,1132,766
PNEUMONIA__person489_bacteria_2067.png,person489_bacteria_2067.jpeg,PNEUMONIA,bacteria,person489,1,train,1296,844
PNEUMONIA__person489_virus_994.png,person489_virus_994.jpeg,PNEUMONIA,virus,person489,1,train,928,670
PNEUMONIA__person489_virus_995.png,person489_virus_995.jpeg,PNEUMONIA,virus,person489,1,train,659,363
PNEUMONIA__person48_bacteria_230.png,person48_bacteria_230.jpeg,PNEUMONIA,bacteria,person48,1,train,944,776
PNEUMONIA__person48_bacteria_231.png,person48_bacteria_231.jpeg,PNEUMONIA,bacteria,person48,1,train,960,816
PNEUMONIA__person48_bacteria_232.png,person48_bacteria_232.jpeg,PNEUMONIA,bacteria,person48,1,train,1240,776
PNEUMONIA__person48_bacteria_233.png,person48_bacteria_233.jpeg,PNEUMONIA,bacteria,person48,1,train,1144,790
PNEUMONIA__person490_bacteria_2068.png,person490_bacteria_2068.jpeg,PNEUMONIA,bacteria,person490,1,train,1080,800
PNEUMONIA__person490_bacteria_2069.png,person490_bacteria_2069.jpeg,PNEUMONIA,bacteria,person490,1,train,1426,951
PNEUMONIA__person490_bacteria_2070.png,person490_bacteria_2070.jpeg,PNEUMONIA,bacteria,person490,1,train,1384,852
PNEUMONIA__person490_virus_996.png,person490_virus_996.jpeg,PNEUMONIA,virus,person490,1,train,1256,776
PNEUMONIA__person491_bacteria_2071.png,person491_bacteria_2071.jpeg,PNEUMONIA,bacteria,person491,1,train,1190,901
PNEUMONIA__person491_bacteria_2073.png,person491_bacteria_2073.jpeg,PNEUMONIA,bacteria,person491,1,train,1016,696
PNEUMONIA__person491_bacteria_2075.png,person491_bacteria_2075.jpeg,PNEUMONIA,bacteria,person491,1,train,1008,736
PNEUMONIA__person491_bacteria_2080.png,person491_bacteria_2080.jpeg,PNEUMONIA,bacteria,person491,1,train,1016,664
PNEUMONIA__person491_bacteria_2081.png,person491_bacteria_2081.jpeg,PNEUMONIA,bacteria,person491,1,train,1016,680
PNEUMONIA__person491_bacteria_2082.png,person491_bacteria_2082.jpeg,PNEUMONIA,bacteria,person491,1,train,1096,832
PNEUMONIA__person491_virus_997.png,person491_virus_997.jpeg,PNEUMONIA,virus,person491,1,train,1072,504
PNEUMONIA__person492_bacteria_2083.png,person492_bacteria_2083.jpeg,PNEUMONIA,bacteria,person492,1,test,1000,744
PNEUMONIA__person492_bacteria_2084.png,person492_bacteria_2084.jpeg,PNEUMONIA,bacteria,person492,1,test,1064,680
PNEUMONIA__person492_bacteria_2085.png,person492_bacteria_2085.jpeg,PNEUMONIA,bacteria,person492,1,test,1342,951
PNEUMONIA__person492_virus_998.png,person492_virus_998.jpeg,PNEUMONIA,virus,person492,1,test,1448,1064
PNEUMONIA__person493_bacteria_2086.png,person493_bacteria_2086.jpeg,PNEUMONIA,bacteria,person493,1,train,1184,688
PNEUMONIA__person493_bacteria_2087.png,person493_bacteria_2087.jpeg,PNEUMONIA,bacteria,person493,1,train,1450,809
PNEUMONIA__person493_virus_999.png,person493_virus_999.jpeg,PNEUMONIA,virus,person493,1,train,1272,752
PNEUMONIA__person494_bacteria_2088.png,person494_bacteria_2088.jpeg,PNEUMONIA,bacteria,person494,1,train,1580,1493
PNEUMONIA__person494_bacteria_2089.png,person494_bacteria_2089.jpeg,PNEUMONIA,bacteria,person494,1,train,1280,896
PNEUMONIA__person494_bacteria_2090.png,person494_bacteria_2090.jpeg,PNEUMONIA,bacteria,person494,1,train,1320,976
PNEUMONIA__person494_virus_1000.png,person494_virus_1000.jpeg,PNEUMONIA,virus,person494,1,train,1120,680
PNEUMONIA__person495_bacteria_2094.png,person495_bacteria_2094.jpeg,PNEUMONIA,bacteria,person495,1,train,796,469
PNEUMONIA__person495_virus_1001.png,person495_virus_1001.jpeg,PNEUMONIA,virus,person495,1,train,1152,632
PNEUMONIA__person496_bacteria_2095.png,person496_bacteria_2095.jpeg,PNEUMONIA,bacteria,person496,1,test,1690,1187
PNEUMONIA__person496_virus_1003.png,person496_virus_1003.jpeg,PNEUMONIA,virus,person496,1,test,1544,1392
PNEUMONIA__person497_virus_1005.png,person497_virus_1005.jpeg,PNEUMONIA,virus,person497,1,train,1472,1192
PNEUMONIA__person498_bacteria_2100.png,person498_bacteria_2100.jpeg,PNEUMONIA,bacteria,person498,1,train,1398,1121
PNEUMONIA__person498_bacteria_2101.png,person498_bacteria_2101.jpeg,PNEUMONIA,bacteria,person498,1,train,1478,1261
PNEUMONIA__person498_bacteria_2102.png,person498_bacteria_2102.jpeg,PNEUMONIA,bacteria,person498,1,train,1538,1137
PNEUMONIA__person498_virus_1007.png,person498_virus_1007.jpeg,PNEUMONIA,virus,person498,1,train,1216,672
PNEUMONIA__person499_bacteria_2103.png,person499_bacteria_2103.jpeg,PNEUMONIA,bacteria,person499,1,val,1088,800
PNEUMONIA__person499_bacteria_2104.png,person499_bacteria_2104.jpeg,PNEUMONIA,bacteria,person499,1,val,1280,963
PNEUMONIA__person499_virus_1008.png,person499_virus_1008.jpeg,PNEUMONIA,virus,person499,1,val,1424,968
PNEUMONIA__person49_bacteria_235.png,person49_bacteria_235.jpeg,PNEUMONIA,bacteria,person49,1,train,1000,704
PNEUMONIA__person49_bacteria_236.png,person49_bacteria_236.jpeg,PNEUMONIA,bacteria,person49,1,train,1192,760
PNEUMONIA__person49_bacteria_237.png,person49_bacteria_237.jpeg,PNEUMONIA,bacteria,person49,1,train,1356,805
PNEUMONIA__person4_bacteria_14.png,person4_bacteria_14.jpeg,PNEUMONIA,bacteria,person4,1,test,1032,592
PNEUMONIA__person500_bacteria_2105.png,person500_bacteria_2105.jpeg,PNEUMONIA,bacteria,person500,1,train,1080,808
PNEUMONIA__person500_bacteria_2106.png,person500_bacteria_2106.jpeg,PNEUMONIA,bacteria,person500,1,train,1192,760
PNEUMONIA__person500_bacteria_2107.png,person500_bacteria_2107.jpeg,PNEUMONIA,bacteria,person500,1,train,666,441
PNEUMONIA__person500_bacteria_2108.png,person500_bacteria_2108.jpeg,PNEUMONIA,bacteria,person500,1,train,1152,744
PNEUMONIA__person500_bacteria_2109.png,person500_bacteria_2109.jpeg,PNEUMONIA,bacteria,person500,1,train,1104,656
PNEUMONIA__person500_bacteria_2110.png,person500_bacteria_2110.jpeg,PNEUMONIA,bacteria,person500,1,train,1112,744
PNEUMONIA__person500_bacteria_2111.png,person500_bacteria_2111.jpeg,PNEUMONIA,bacteria,person500,1,train,1338,851
PNEUMONIA__person500_virus_1009.png,person500_virus_1009.jpeg,PNEUMONIA,virus,person500,1,train,968,632
PNEUMONIA__person501_bacteria_2112.png,person501_bacteria_2112.jpeg,PNEUMONIA,bacteria,person501,1,test,1088,848
PNEUMONIA__person501_bacteria_2113.png,person501_bacteria_2113.jpeg,PNEUMONIA,bacteria,person501,1,test,1176,856
PNEUMONIA__person501_bacteria_2114.png,person501_bacteria_2114.jpeg,PNEUMONIA,bacteria,person501,1,test,1248,880
PNEUMONIA__person501_bacteria_2115.png,person501_bacteria_2115.jpeg,PNEUMONIA,bacteria,person501,1,test,1072,736
PNEUMONIA__person501_bacteria_2116.png,person501_bacteria_2116.jpeg,PNEUMONIA,bacteria,person501,1,test,1240,932
PNEUMONIA__person501_virus_1010.png,person501_virus_1010.jpeg,PNEUMONIA,virus,person501,1,test,1584,1024
PNEUMONIA__person502_bacteria_2117.png,person502_bacteria_2117.jpeg,PNEUMONIA,bacteria,person502,1,val,960,688
PNEUMONIA__person502_bacteria_2118.png,person502_bacteria_2118.jpeg,PNEUMONIA,bacteria,person502,1,val,1016,680
PNEUMONIA__person502_bacteria_2119.png,person502_bacteria_2119.jpeg,PNEUMONIA,bacteria,person502,1,val,968,696
PNEUMONIA__person502_bacteria_2120.png,person502_bacteria_2120.jpeg,PNEUMONIA,bacteria,person502,1,val,1112,720
PNEUMONIA__person502_bacteria_2121.png,person502_bacteria_2121.jpeg,PNEUMONIA,bacteria,person502,1,val,1096,808
PNEUMONIA__person502_bacteria_2122.png,person502_bacteria_2122.jpeg,PNEUMONIA,bacteria,person502,1,val,1024,744
PNEUMONIA__person502_bacteria_2123.png,person502_bacteria_2123.jpeg,PNEUMONIA,bacteria,person502,1,val,1140,786
PNEUMONIA__person502_virus_1011.png,person502_virus_1011.jpeg,PNEUMONIA,virus,person502,1,val,703,511
PNEUMONIA__person502_virus_1012.png,person502_virus_1012.jpeg,PNEUMONIA,virus,person502,1,val,668,375
PNEUMONIA__person503_bacteria_2125.png,person503_bacteria_2125.jpeg,PNEUMONIA,bacteria,person503,1,train,1208,856
PNEUMONIA__person503_bacteria_2126.png,person503_bacteria_2126.jpeg,PNEUMONIA,bacteria,person503,1,train,1530,1140
PNEUMONIA__person503_virus_1013.png,person503_virus_1013.jpeg,PNEUMONIA,virus,person503,1,train,1296,872
PNEUMONIA__person504_bacteria_2127.png,person504_bacteria_2127.jpeg,PNEUMONIA,bacteria,person504,1,train,998,740
PNEUMONIA__person504_bacteria_2129.png,person504_bacteria_2129.jpeg,PNEUMONIA,bacteria,person504,1,train,928,640
PNEUMONIA__person504_bacteria_2130.png,person504_bacteria_2130.jpeg,PNEUMONIA,bacteria,person504,1,train,1008,600
PNEUMONIA__person504_bacteria_2132.png,person504_bacteria_2132.jpeg,PNEUMONIA,bacteria,person504,1,train,974,766
PNEUMONIA__person504_bacteria_2133.png,person504_bacteria_2133.jpeg,PNEUMONIA,bacteria,person504,1,train,1072,658
PNEUMONIA__person505_bacteria_2135.png,person505_bacteria_2135.jpeg,PNEUMONIA,bacteria,person505,1,test,1592,1106
PNEUMONIA__person505_virus_1017.png,person505_virus_1017.jpeg,PNEUMONIA,virus,person505,1,test,1176,784
PNEUMONIA__person506_bacteria_2136.png,person506_bacteria_2136.jpeg,PNEUMONIA,bacteria,person506,1,val,1064,792
PNEUMONIA__person506_bacteria_2138.png,person506_bacteria_2138.jpeg,PNEUMONIA,bacteria,person506,1,val,1450,913
PNEUMONIA__person506_virus_1018.png,person506_virus_1018.jpeg,PNEUMONIA,virus,person506,1,val,1328,768
PNEUMONIA__person507_bacteria_2139.png,person507_bacteria_2139.jpeg,PNEUMONIA,bacteria,person507,1,train,888,608
PNEUMONIA__person507_bacteria_2140.png,person507_bacteria_2140.jpeg,PNEUMONIA,bacteria,person507,1,train,1200,816
PNEUMONIA__person507_bacteria_2141.png,person507_bacteria_2141.jpeg,PNEUMONIA,bacteria,person507,1,train,968,576
PNEUMONIA__person507_virus_1019.png,person507_virus_1019.jpeg,PNEUMONIA,virus,person507,1,train,1456,808
PNEUMONIA__person508_bacteria_2142.png,person508_bacteria_2142.jpeg,PNEUMONIA,bacteria,person508,1,test,1168,792
PNEUMONIA__person508_bacteria_2143.png,person508_bacteria_2143.jpeg,PNEUMONIA,bacteria,person508,1,test,1232,816
PNEUMONIA__person508_bacteria_2144.png,person508_bacteria_2144.jpeg,PNEUMONIA,bacteria,person508,1,test,1406,879
PNEUMONIA__person508_virus_1020.png,person508_virus_1020.jpeg,PNEUMONIA,virus,person508,1,test,850,534
PNEUMONIA__person508_virus_1021.png,person508_virus_1021.jpeg,PNEUMONIA,virus,person508,1,test,764,515
PNEUMONIA__person509_bacteria_2145.png,person509_bacteria_2145.jpeg,PNEUMONIA,bacteria,person509,1,val,1176,952
PNEUMONIA__person509_bacteria_2146.png,person509_bacteria_2146.jpeg,PNEUMONIA,bacteria,person509,1,val,1310,797
PNEUMONIA__person509_virus_1024.png,person509_virus_1024.jpeg,PNEUMONIA,virus,person509,1,val,926,606
PNEUMONIA__person509_virus_1025.png,person509_virus_1025.jpeg,PNEUMONIA,virus,person509,1,val,1256,720
PNEUMONIA__person50_bacteria_238.png,person50_bacteria_238.jpeg,PNEUMONIA,bacteria,person50,1,val,1416,1016
PNEUMONIA__person510_bacteria_2147.png,person510_bacteria_2147.jpeg,PNEUMONIA,bacteria,person510,1,train,1000,896
PNEUMONIA__person510_bacteria_2148.png,person510_bacteria_2148.jpeg,PNEUMONIA,bacteria,person510,1,train,1320,808
PNEUMONIA__person510_bacteria_2149.png,person510_bacteria_2149.jpeg,PNEUMONIA,bacteria,person510,1,train,1024,672
PNEUMONIA__person510_bacteria_2150.png,person510_bacteria_2150.jpeg,PNEUMONIA,bacteria,person510,1,train,1246,998
PNEUMONIA__person510_virus_1026.png,person510_virus_1026.jpeg,PNEUMONIA,virus,person510,1,train,1136,576
PNEUMONIA__person511_bacteria_2152.png,person511_bacteria_2152.jpeg,PNEUMONIA,bacteria,person511,1,val,920,608
PNEUMONIA__person511_bacteria_2153.png,person511_bacteria_2153.jpeg,PNEUMONIA,bacteria,person511,1,val,1198,874
PNEUMONIA__person511_virus_1027.png,person511_virus_1027.jpeg,PNEUMONIA,virus,person511,1,val,699,454
PNEUMONIA__person512_bacteria_2154.png,person512_bacteria_2154.jpeg,PNEUMONIA,bacteria,person512,1,val,984,592
PNEUMONIA__person512_bacteria_2155.png,person512_bacteria_2155.jpeg,PNEUMONIA,bacteria,person512,1,val,1276,801
PNEUMONIA__person512_virus_1029.png,person512_virus_1029.jpeg,PNEUMONIA,virus,person512,1,val,1224,632
PNEUMONIA__person513_virus_1030.png,person513_virus_1030.jpeg,PNEUMONIA,virus,person513,1,train,1488,1144
PNEUMONIA__person514_bacteria_2184.png,person514_bacteria_2184.jpeg,PNEUMONIA,bacteria,person514,1,test,1176,784
PNEUMONIA__person514_virus_1031.png,person514_virus_1031.jpeg,PNEUMONIA,virus,person514,1,test,766,470
PNEUMONIA__person515_bacteria_2185.png,person515_bacteria_2185.jpeg,PNEUMONIA,bacteria,person515,1,train,848,704
PNEUMONIA__person515_bacteria_2186.png,person515_bacteria_2186.jpeg,PNEUMONIA,bacteria,person515,1,train,1072,648
PNEUMONIA__person515_bacteria_2187.png,person515_bacteria_2187.jpeg,PNEUMONIA,bacteria,person515,1,train,1016,584
PNEUMONIA__person515_bacteria_2188.png,person515_bacteria_2188.jpeg,PNEUMONIA,bacteria,person515,1,train,992,608
PNEUMONIA__person515_bacteria_2189.png,person515_bacteria_2189.jpeg,PNEUMONIA,bacteria,person515,1,train,1008,552
PNEUMONIA__person515_bacteria_2190.png,person515_bacteria_2190.jpeg,PNEUMONIA,bacteria,person515,1,train,998,747
PNEUMONIA__person515_virus_1032.png,person515_virus_1032.jpeg,PNEUMONIA,virus,person515,1,train,1136,680
PNEUMONIA__person516_bacteria_2191.png,person516_bacteria_2191.jpeg,PNEUMONIA,bacteria,person516,1,val,649,334
PNEUMONIA__person516_bacteria_2192.png,person516_bacteria_2192.jpeg,PNEUMONIA,bacteria,person516,1,val,667,322
PNEUMONIA__person516_virus_1033.png,person516_virus_1033.jpeg,PNEUMONIA,virus,person516,1,val,1120,648
PNEUMONIA__person517_bacteria_2196.png,person517_bacteria_2196.jpeg,PNEUMONIA,bacteria,person517,1,train,1446,1029
PNEUMONIA__person517_virus_1034.png,person517_virus_1034.jpeg,PNEUMONIA,virus,person517,1,train,1384,864
PNEUMONIA__person517_virus_1035.png,person517_virus_1035.jpeg,PNEUMONIA,virus,person517,1,train,1320,768
PNEUMONIA__person518_bacteria_2197.png,person518_bacteria_2197.jpeg,PNEUMONIA,bacteria,person518,1,train,1312,976
PNEUMONIA__person518_bacteria_2198.png,person518_bacteria_2198.jpeg,PNEUMONIA,bacteria,person518,1,train,1192,792
PNEUMONIA__person518_bacteria_2199.png,person518_bacteria_2199.jpeg,PNEUMONIA,bacteria,person518,1,train,1128,648
PNEUMONIA__person518_bacteria_2200.png,person518_bacteria_2200.jpeg,PNEUMONIA,bacteria,person518,1,train,1298,921
PNEUMONIA__person518_virus_1036.png,person518_virus_1036.jpeg,PNEUMONIA,virus,person518,1,train,1280,968
PNEUMONIA__person519_virus_1038.png,person519_virus_1038.jpeg,PNEUMONIA,virus,person519,1,test,1440,1168
PNEUMONIA__person51_bacteria_239.png,person51_bacteria_239.jpeg,PNEUMONIA,bacteria,person51,1,train,1304,832
PNEUMONIA__person51_bacteria_240.png,person51_bacteria_240.jpeg,PNEUMONIA,bacteria,person51,1,train,1024,696
PNEUMONIA__person51_bacteria_241.png,person51_bacteria_241.jpeg,PNEUMONIA,bacteria,person51,1,train,1272,920
PNEUMONIA__person51_bacteria_242.png,person51_bacteria_242.jpeg,PNEUMONIA,bacteria,person51,1,train,1096,976
PNEUMONIA__person51_bacteria_243.png,person51_bacteria_243.jpeg,PNEUMONIA,bacteria,person51,1,train,952,744
PNEUMONIA__person51_bacteria_244.png,person51_bacteria_244.jpeg,PNEUMONIA,bacteria,person51,1,train,1120,704
PNEUMONIA__person51_bacteria_245.png,person51_bacteria_245.jpeg,PNEUMONIA,bacteria,person51,1,train,1040,848
PNEUMONIA__person51_bacteria_246.png,person51_bacteria_246.jpeg,PNEUMONIA,bacteria,person51,1,train,1016,752
PNEUMONIA__person51_bacteria_247.png,person51_bacteria_247.jpeg,PNEUMONIA,bacteria,person51,1,train,1322,1018
PNEUMONIA__person51_bacteria_248.png,person51_bacteria_248.jpeg,PNEUMONIA,bacteria,person51,1,train,1404,1006
PNEUMONIA__person520_bacteria_2203.png,person520_bacteria_2203.jpeg,PNEUMONIA,bacteria,person520,1,train,1168,704
PNEUMONIA__person520_bacteria_2204.png,person520_bacteria_2204.jpeg,PNEUMONIA,bacteria,person520,1,train,1000,704
PNEUMONIA__person520_bacteria_2205.png,person520_bacteria_2205.jpeg,PNEUMONIA,bacteria,person520,1,train,1260,863
PNEUMONIA__person520_virus_1039.png,person520_virus_1039.jpeg,PNEUMONIA,virus,person520,1,train,1448,976
PNEUMONIA__person521_virus_1040.png,person521_virus_1040.jpeg,PNEUMONIA,virus,person521,1,train,952,568
PNEUMONIA__person522_bacteria_2210.png,person522_bacteria_2210.jpeg,PNEUMONIA,bacteria,person522,1,val,1304,832
PNEUMONIA__person522_bacteria_2211.png,person522_bacteria_2211.jpeg,PNEUMONIA,bacteria,person522,1,val,1360,1024
PNEUMONIA__person522_virus_1041.png,person522_virus_1041.jpeg,PNEUMONIA,virus,person522,1,val,942,537
PNEUMONIA__person523_virus_1043.png,person523_virus_1043.jpeg,PNEUMONIA,virus,person523,1,train,1416,1072
PNEUMONIA__person524_virus_1045.png,person524_virus_1045.jpeg,PNEUMONIA,virus,person524,1,train,1072,648
PNEUMONIA__person525_bacteria_2216.png,person525_bacteria_2216.jpeg,PNEUMONIA,bacteria,person525,1,test,827,463
PNEUMONIA__person525_bacteria_2217.png,person525_bacteria_2217.jpeg,PNEUMONIA,bacteria,person525,1,test,976,624
PNEUMONIA__person525_bacteria_2218.png,person525_bacteria_2218.jpeg,PNEUMONIA,bacteria,person525,1,test,928,688
PNEUMONIA__person525_bacteria_2220.png,person525_bacteria_2220.jpeg,PNEUMONIA,bacteria,person525,1,test,1218,789
PNEUMONIA__person525_virus_1046.png,person525_virus_1046.jpeg,PNEUMONIA,virus,person525,1,test,1072,576
PNEUMONIA__person526_bacteria_2221.png,person526_bacteria_2221.jpeg,PNEUMONIA,bacteria,person526,1,train,817,531
PNEUMONIA__person527_bacteria_2225.png,person527_bacteria_2225.jpeg,PNEUMONIA,bacteria,person527,1,train,1176,800
PNEUMONIA__person527_bacteria_2226.png,person527_bacteria_2226.jpeg,PNEUMONIA,bacteria,person527,1,train,1346,902
PNEUMONIA__person527_virus_1048.png,person527_virus_1048.jpeg,PNEUMONIA,virus,person527,1,train,1104,656
PNEUMONIA__person528_bacteria_2227.png,person528_bacteria_2227.jpeg,PNEUMONIA,bacteria,person528,1,val,841,521
PNEUMONIA__person528_virus_1049.png,person528_virus_1049.jpeg,PNEUMONIA,virus,person528,1,val,1168,816
PNEUMONIA__person529_bacteria_2228.png,person529_bacteria_2228.jpeg,PNEUMONIA,bacteria,person529,1,train,976,648
PNEUMONIA__person529_bacteria_2229.png,person529_bacteria_2229.jpeg,PNEUMONIA,bacteria,person529,1,train,936,744
PNEUMONIA__person529_bacteria_2230.png,person529_bacteria_2230.jpeg,PNEUMONIA,bacteria,person529,1,train,1098,759
PNEUMONIA__person529_virus_1050.png,person529_virus_1050.jpeg,PNEUMONIA,virus,person529,1,train,1296,816
PNEUMONIA__person52_bacteria_249.png,person52_bacteria_249.jpeg,PNEUMONIA,bacteria,person52,1,train,1400,840
PNEUMONIA__person52_bacteria_251.png,person52_bacteria_251.jpeg,PNEUMONIA,bacteria,person52,1,train,1494,1044
PNEUMONIA__person530_bacteria_2231.png,person530_bacteria_2231.jpeg,PNEUMONIA,bacteria,person530,1,train,848,616
PNEUMONIA__person530_bacteria_2233.png,person530_bacteria_2233.jpeg,PNEUMONIA,bacteria,person530,1,train,1010,676
PNEUMONIA__person530_virus_1052.png,person530_virus_1052.jpeg,PNEUMONIA,virus,person530,1,train,1320,936
PNEUMONIA__person531_bacteria_2235.png,person531_bacteria_2235.jpeg,PNEUMONIA,bacteria,person531,1,train,920,744
PNEUMONIA__person531_bacteria_2236.png,person531_bacteria_2236.jpeg,PNEUMONIA,bacteria,person531,1,train,880,632
PNEUMONIA__person531_bacteria_2237.png,person531_bacteria_2237.jpeg,PNEUMONIA,bacteria,person531,1,train,888,712
PNEUMONIA__person531_bacteria_2238.png,person531_bacteria_2238.jpeg,PNEUMONIA,bacteria,person531,1,train,1248,776
PNEUMONIA__person531_bacteria_2239.png,person531_bacteria_2239.jpeg,PNEUMONIA,bacteria,person531,1,train,976,640
PNEUMONIA__person531_bacteria_2240.png,person531_bacteria_2240.jpeg,PNEUMONIA,bacteria,person531,1,train,984,680
PNEUMONIA__person531_bacteria_2241.png,person531_bacteria_2241.jpeg,PNEUMONIA,bacteria,person531,1,train,968,648
PNEUMONIA__person531_bacteria_2242.png,person531_bacteria_2242.jpeg,PNEUMONIA,bacteria,person531,1,train,1144,936
PNEUMONIA__person531_virus_1053.png,person531_virus_1053.jpeg,PNEUMONIA,virus,person531,1,train,1312,776
PNEUMONIA__person532_virus_1054.png,person532_virus_1054.jpeg,PNEUMONIA,virus,person532,1,train,931,586
PNEUMONIA__person533_bacteria_2245.png,person533_bacteria_2245.jpeg,PNEUMONIA,bacteria,person533,1,test,1048,608
PNEUMONIA__person533_bacteria_2250.png,person533_bacteria_2250.jpeg,PNEUMONIA,bacteria,person533,1,test,976,600
PNEUMONIA__person533_virus_1055.png,person533_virus_1055.jpeg,PNEUMONIA,virus,person533,1,test,1200,752
PNEUMONIA__person534_bacteria_2251.png,person534_bacteria_2251.jpeg,PNEUMONIA,bacteria,person534,1,train,1322,1037
PNEUMONIA__person534_bacteria_2252.png,person534_bacteria_2252.jpeg,PNEUMONIA,bacteria,person534,1,train,1160,752
PNEUMONIA__person534_bacteria_2253.png,person534_bacteria_2253.jpeg,PNEUMONIA,bacteria,person534,1,train,1024,872
PNEUMONIA__person534_bacteria_2254.png,person534_bacteria_2254.jpeg,PNEUMONIA,bacteria,person534,1,train,1152,688
PNEUMONIA__person534_virus_1061.png,person534_virus_1061.jpeg,PNEUMONIA,virus,person534,1,train,984,656
PNEUMONIA__person535_bacteria_2255.png,person535_bacteria_2255.jpeg,PNEUMONIA,bacteria,person535,1,val,1944,1555
PNEUMONIA__person535_bacteria_2256.png,person535_bacteria_2256.jpeg,PNEUMONIA,bacteria,person535,1,val,1840,1350
PNEUMONIA__person535_virus_1062.png,person535_virus_1062.jpeg,PNEUMONIA,virus,person535,1,val,1368,912
PNEUMONIA__person536_bacteria_2257.png,person536_bacteria_2257.jpeg,PNEUMONIA,bacteria,person536,1,train,1112,784
PNEUMONIA__person536_bacteria_2258.png,person536_bacteria_2258.jpeg,PNEUMONIA,bacteria,person536,1,train,1232,1000
PNEUMONIA__person536_bacteria_2259.png,person536_bacteria_2259.jpeg,PNEUMONIA,bacteria,person536,1,train,1104,776
PNEUMONIA__person536_bacteria_2260.png,person536_bacteria_2260.jpeg,PNEUMONIA,bacteria,person536,1,train,1176,760
PNEUMONIA__person536_virus_1064.png,person536_virus_1064.jpeg,PNEUMONIA,virus,person536,1,train,896,578
PNEUMONIA__person536_virus_1065.png,person536_virus_1065.jpeg,PNEUMONIA,virus,person536,1,train,1084,618
PNEUMONIA__person537_bacteria_2261.png,person537_bacteria_2261.jpeg,PNEUMONIA,bacteria,person537,1,train,1104,888
PNEUMONIA__person537_bacteria_2262.png,person537_bacteria_2262.jpeg,PNEUMONIA,bacteria,person537,1,train,1296,896
PNEUMONIA__person537_bacteria_2263.png,person537_bacteria_2263.jpeg,PNEUMONIA,bacteria,person537,1,train,1216,1000
PNEUMONIA__person537_bacteria_2264.png,person537_bacteria_2264.jpeg,PNEUMONIA,bacteria,person537,1,train,1248,904
PNEUMONIA__person537_bacteria_2265.png,person537_bacteria_2265.jpeg,PNEUMONIA,bacteria,person537,1,train,1128,776
PNEUMONIA__person537_bacteria_2266.png,person537_bacteria_2266.jpeg,PNEUMONIA,bacteria,person537,1,train,1200,872
PNEUMONIA__person537_virus_1067.png,person537_virus_1067.jpeg,PNEUMONIA,virus,person537,1,train,1112,744
PNEUMONIA__person538_bacteria_2268.png,person538_bacteria_2268.jpeg,PNEUMONIA,bacteria,person538,1,train,1186,751
PNEUMONIA__person538_virus_1068.png,person538_virus_1068.jpeg,PNEUMONIA,virus,person538,1,train,904,464
PNEUMONIA__person539_bacteria_2269.png,person539_bacteria_2269.jpeg,PNEUMONIA,bacteria,person539,1,train,845,556
PNEUMONIA__person539_bacteria_2270.png,person539_bacteria_2270.jpeg,PNEUMONIA,bacteria,person539,1,train,984,664
PNEUMONIA__person539_virus_1069.png,person539_virus_1069.jpeg,PNEUMONIA,virus,person539,1,train,896,512
PNEUMONIA__person53_bacteria_252.png,person53_bacteria_252.jpeg,PNEUMONIA,bacteria,person53,1,train,1292,936
PNEUMONIA__person53_bacteria_253.png,person53_bacteria_253.jpeg,PNEUMONIA,bacteria,person53,1,train,1016,848
PNEUMONIA__person53_bacteria_254.png,person53_bacteria_254.jpeg,PNEUMONIA,bacteria,person53,1,train,1112,872
PNEUMONIA__person53_bacteria_255.png,person53_bacteria_255.jpeg,PNEUMONIA,bacteria,person53,1,train,1122,832
PNEUMONIA__person1414_virus_2424.png,person1414_virus_2424.jpeg,PNEUMONIA,virus,person1414,1,train,1064,592
PNEUMONIA__person1415_bacteria_3629.png,person1415_bacteria_3629.jpeg,PNEUMONIA,bacteria,person1415,1,test,1136,1008
PNEUMONIA__person1415_virus_2425.png,person1415_virus_2425.jpeg,PNEUMONIA,virus,person1415,1,test,1600,1088
PNEUMONIA__person1416_virus_2427.png,person1416_virus_2427.jpeg,PNEUMONIA,virus,person1416,1,train,1528,952
PNEUMONIA__person1417_bacteria_3635.png,person1417_bacteria_3635.jpeg,PNEUMONIA,bacteria,person1417,1,val,1528,1056
PNEUMONIA__person1418_bacteria_3636.png,person1418_bacteria_3636.jpeg,PNEUMONIA,bacteria,person1418,1,train,1408,1152
PNEUMONIA__person1418_bacteria_3637.png,person1418_bacteria_3637.jpeg,PNEUMONIA,bacteria,person1418,1,train,1216,1032
PNEUMONIA__person1418_bacteria_3638.png,person1418_bacteria_3638.jpeg,PNEUMONIA,bacteria,person1418,1,train,1464,1080
PNEUMONIA__person1418_bacteria_3639.png,person1418_bacteria_3639.jpeg,PNEUMONIA,bacteria,person1418,1,train,1352,1088
PNEUMONIA__person1418_bacteria_3643.png,person1418_bacteria_3643.jpeg,PNEUMONIA,bacteria,person1418,1,train,1296,1040
PNEUMONIA__person1418_virus_2429.png,person1418_virus_2429.jpeg,PNEUMONIA,virus,person1418,1,train,1496,976
PNEUMONIA__person1419_bacteria_3645.png,person1419_bacteria_3645.jpeg,PNEUMONIA,bacteria,person1419,1,train,1096,592
PNEUMONIA__person141_virus_287.png,person141_virus_287.jpeg,PNEUMONIA,virus,person141,1,train,1608,1168
PNEUMONIA__person1420_bacteria_3647.png,person1420_bacteria_3647.jpeg,PNEUMONIA,bacteria,person1420,1,test,944,808
PNEUMONIA__person1420_virus_2431.png,person1420_virus_2431.jpeg,PNEUMONIA,virus,person1420,1,test,1328,952
PNEUMONIA__person1422_bacteria_3649.png,person1422_bacteria_3649.jpeg,PNEUMONIA,bacteria,person1422,1,train,880,424
PNEUMONIA__person1422_virus_2434.png,person1422_virus_2434.jpeg,PNEUMONIA,virus,person1422,1,train,1104,824
PNEUMONIA__person1423_bacteria_3650.png,person1423_bacteria_3650.jpeg,PNEUMONIA,bacteria,person1423,1,test,1232,776
PNEUMONIA__person1424_bacteria_3651.png,person1424_bacteria_3651.jpeg,PNEUMONIA,bacteria,person1424,1,train,1192,872
PNEUMONIA__person1424_virus_2437.png,person1424_virus_2437.jpeg,PNEUMONIA,virus,person1424,1,train,1152,664
PNEUMONIA__person1425_virus_2438.png,person1425_virus_2438.jpeg,PNEUMONIA,virus,person1425,1,train,984,504
PNEUMONIA__person1426_bacteria_3667.png,person1426_bacteria_3667.jpeg,PNEUMONIA,bacteria,person1426,1,test,1360,864
PNEUMONIA__person1426_bacteria_3668.png,person1426_bacteria_3668.jpeg,PNEUMONIA,bacteria,person1426,1,test,1352,800
PNEUMONIA__person1426_virus_2439.png,person1426_virus_2439.jpeg,PNEUMONIA,virus,person1426,1,test,952,584
PNEUMONIA__person1427_virus_2441.png,person1427_virus_2441.jpeg,PNEUMONIA,virus,person1427,1,train,1712,1136
PNEUMONIA__person1428_virus_2442.png,person1428_virus_2442.jpeg,PNEUMONIA,virus,person1428,1,train,1680,1032
PNEUMONIA__person1429_bacteria_3688.png,person1429_bacteria_3688.jpeg,PNEUMONIA,bacteria,person1429,1,train,1824,1632
PNEUMONIA__person1429_bacteria_3690.png,person1429_bacteria_3690.jpeg,PNEUMONIA,bacteria,person1429,1,train,1688,1528
PNEUMONIA__person1429_bacteria_3691.png,person1429_bacteria_3691.jpeg,PNEUMONIA,bacteria,person1429,1,train,1704,1344
PNEUMONIA__person1429_virus_2443.png,person1429_virus_2443.jpeg,PNEUMONIA,virus,person1429,1,train,1512,1088
PNEUMONIA__person142_virus_288.png,person142_virus_288.jpeg,PNEUMONIA,virus,person142,1,val,1720,1192
PNEUMONIA__person1430_bacteria_3693.png,person1430_bacteria_3693.jpeg,PNEUMONIA,bacteria,person1430,1,train,984,520
PNEUMONIA__person1430_bacteria_3694.png,person1430_bacteria_3694.jpeg,PNEUMONIA,bacteria,person1430,1,train,976,568
PNEUMONIA__person1430_bacteria_3695.png,person1430_bacteria_3695.jpeg,PNEUMONIA,bacteria,person1430,1,train,1144,792
PNEUMONIA__person1430_bacteria_3696.png,person1430_bacteria_3696.jpeg,PNEUMONIA,bacteria,person1430,1,train,1144,792
PNEUMONIA__person1430_bacteria_3697.png,person1430_bacteria_3697.jpeg,PNEUMONIA,bacteria,person1430,1,train,1144,888
PNEUMONIA__person1430_virus_2444.png,person1430_virus_2444.jpeg,PNEUMONIA,virus,person1430,1,train,1200,864
PNEUMONIA__person1431_bacteria_3698.png,person1431_bacteria_3698.jpeg,PNEUMONIA,bacteria,person1431,1,val,1376,1024
PNEUMONIA__person1432_bacteria_3699.png,person1432_bacteria_3699.jpeg,PNEUMONIA,bacteria,person1432,1,train,976,632
PNEUMONIA__person1433_bacteria_3701.png,person1433_bacteria_3701.jpeg,PNEUMONIA,bacteria,person1433,1,test,1232,704
PNEUMONIA__person1433_bacteria_3704.png,person1433_bacteria_3704.jpeg,PNEUMONIA,bacteria,person1433,1,test,1240,824
PNEUMONIA__person1433_bacteria_3705.png,person1433_bacteria_3705.jpeg,PNEUMONIA,bacteria,person1433,1,test,1232,824
PNEUMONIA__person1433_virus_2447.png,person1433_virus_2447.jpeg,PNEUMONIA,virus,person1433,1,test,1280,856
PNEUMONIA__person1436_bacteria_3711.png,person1436_bacteria_3711.jpeg,PNEUMONIA,bacteria,person1436,1,train,1384,912
PNEUMONIA__person1436_bacteria_3712.png,person1436_bacteria_3712.jpeg,PNEUMONIA,bacteria,person1436,1,train,1480,1088
PNEUMONIA__person1438_bacteria_3715.png,person1438_bacteria_3715.jpeg,PNEUMONIA,bacteria,person1438,1,train,944,632
PNEUMONIA__person1438_bacteria_3718.png,person1438_bacteria_3718.jpeg,PNEUMONIA,bacteria,person1438,1,train,976,568
PNEUMONIA__person1438_bacteria_3721.png,person1438_bacteria_3721.jpeg,PNEUMONIA,bacteria,person1438,1,train,984,672
PNEUMONIA__person1438_virus_2452.png,person1438_virus_2452.jpeg,PNEUMONIA,virus,person1438,1,train,1088,592
PNEUMONIA__person1439_bacteria_3722.png,person1439_bacteria_3722.jpeg,PNEUMONIA,bacteria,person1439,1,train,1168,760
PNEUMONIA__person1439_virus_2453.png,person1439_virus_2453.jpeg,PNEUMONIA,virus,person1439,1,train,968,576
PNEUMONIA__person143_virus_289.png,person143_virus_289.jpeg,PNEUMONIA,virus,person143,1,test,1368,992
PNEUMONIA__person1440_bacteria_3723.png,person1440_bacteria_3723.jpeg,PNEUMONIA,bacteria,person1440,1,train,1272,984
PNEUMONIA__person1441_bacteria_3724.png,person1441_bacteria_3724.jpeg,PNEUMONIA,bacteria,person1441,1,val,1576,1144
PNEUMONIA__person1441_virus_2454.png,person1441_virus_2454.jpeg,PNEUMONIA,virus,person1441,1,val,1760,1232
PNEUMONIA__person1441_virus_2457.png,person1441_virus_2457.jpeg,PNEUMONIA,virus,person1441,1,val,1760,1280
PNEUMONIA__person1442_bacteria_3726.png,person1442_bacteria_3726.jpeg,PNEUMONIA,bacteria,person1442,1,train,1136,760
PNEUMONIA__person1444_bacteria_3732.png,person1444_bacteria_3732.jpeg,PNEUMONIA,bacteria,person1444,1,train,1752,1480
PNEUMONIA__person1445_bacteria_3734.png,person1445_bacteria_3734.jpeg,PNEUMONIA,bacteria,person1445,1,test,1552,1544
PNEUMONIA__person1445_bacteria_3735.png,person1445_bacteria_3735.jpeg,PNEUMONIA,bacteria,person1445,1,test,1576,1544
PNEUMONIA__person1446_bacteria_3737.png,person1446_bacteria_3737.jpeg,PNEUMONIA,bacteria,person1446,1,train,1224,768
PNEUMONIA__person1446_bacteria_3739.png,person1446_bacteria_3739.jpeg,PNEUMONIA,bacteria,person1446,1,train,1248,712
PNEUMONIA__person1446_bacteria_3740.png,person1446_bacteria_3740.jpeg,PNEUMONIA,bacteria,person1446,1,train,1248,792
PNEUMONIA__person1447_bacteria_3741.png,person1447_bacteria_3741.jpeg,PNEUMONIA,bacteria,person1447,1,train,1552,1104
PNEUMONIA__person1448_virus_2468.png,person1448_virus_2468.jpeg,PNEUMONIA,virus,person1448,1,train,1408,839
PNEUMONIA__person1449_bacteria_3743.png,person1449_bacteria_3743.jpeg,PNEUMONIA,bacteria,person1449,1,train,1632,1400
PNEUMONIA__person1449_bacteria_3745.png,person1449_bacteria_3745.jpeg,PNEUMONIA,bacteria,person1449,1,train,1472,1168
PNEUMONIA__person1449_bacteria_3746.png,person1449_bacteria_3746.jpeg,PNEUMONIA,bacteria,person1449,1,train,1512,1136
PNEUMONIA__person1449_bacteria_3747.png,person1449_bacteria_3747.jpeg,PNEUMONIA,bacteria,person1449,1,train,1592,1152
PNEUMONIA__person1449_virus_2474.png,person1449_virus_2474.jpeg,PNEUMONIA,virus,person1449,1,train,896,600
PNEUMONIA__person1449_virus_2476.png,person1449_virus_2476.jpeg,PNEUMONIA,virus,person1449,1,train,1190,709
PNEUMONIA__person1450_bacteria_3753.png,person1450_bacteria_3753.jpeg,PNEUMONIA,bacteria,person1450,1,train,1192,888
PNEUMONIA__person1451_virus_2479.png,person1451_virus_2479.jpeg,PNEUMONIA,virus,person1451,1,train,880,560
PNEUMONIA__person1451_virus_2480.png,person1451_virus_2480.jpeg,PNEUMONIA,virus,person1451,1,train,912,584
PNEUMONIA__person1451_virus_2482.png,person1451_virus_2482.jpeg,PNEUMONIA,virus,person1451,1,train,912,528
PNEUMONIA__person1452_virus_2484.png,person1452_virus_2484.jpeg,PNEUMONIA,virus,person1452,1,train,1136,680
PNEUMONIA__person1453_bacteria_3770.png,person1453_bacteria_3770.jpeg,PNEUMONIA,bacteria,person1453,1,train,1208,1120
PNEUMONIA__person1453_bacteria_3771.png,person1453_bacteria_3771.jpeg,PNEUMONIA,bacteria,person1453,1,train,1360,832
PNEUMONIA__person1453_bacteria_3772.png,person1453_bacteria_3772.jpeg,PNEUMONIA,bacteria,person1453,1,train,1360,848
PNEUMONIA__person1453_virus_2485.png,person1453_virus_2485.jpeg,PNEUMONIA,virus,person1453,1,train,904,544
PNEUMONIA__person1454_bacteria_3774.png,person1454_bacteria_3774.jpeg,PNEUMONIA,bacteria,person1454,1,val,1344,848
PNEUMONIA__person1454_bacteria_3778.png,person1454_bacteria_3778.jpeg,PNEUMONIA,bacteria,person1454,1,val,1456,976
PNEUMONIA__person1454_bacteria_3779.png,person1454_bacteria_3779.jpeg,PNEUMONIA,bacteria,person1454,1,val,1440,1008
PNEUMONIA__person1454_bacteria_3780.png,person1454_bacteria_3780.jpeg,PNEUMONIA,bacteria,person1454,1,val,1456,1104
PNEUMONIA__person1454_bacteria_3781.png,person1454_bacteria_3781.jpeg,PNEUMONIA,bacteria,person1454,1,val,1408,856
PNEUMONIA__person1454_bacteria_3782.png,person1454_bacteria_3782.jpeg,PNEUMONIA,bacteria,person1454,1,val,1624,1016
PNEUMONIA__person1454_virus_2486.png,person1454_virus_2486.jpeg,PNEUMONIA,virus,person1454,1,val,1248,848
PNEUMONIA__person1455_bacteria_3784.png,person1455_bacteria_3784.jpeg,PNEUMONIA,bacteria,person1455,1,test,856,456
PNEUMONIA__person1455_virus_2487.png,person1455_virus_2487.jpeg,PNEUMONIA,virus,person1455,1,test,896,536
PNEUMONIA__person1455_virus_2488.png,person1455_virus_2488.jpeg,PNEUMONIA,virus,person1455,1,test,904,608
PNEUMONIA__person1455_virus_2489.png,person1455_virus_2489.jpeg,PNEUMONIA,virus,person1455,1,test,936,424
PNEUMONIA__person1455_virus_2490.png,person1455_virus_2490.jpeg,PNEUMONIA,virus,person1455,1,test,1040,736
PNEUMONIA__person1455_virus_2492.png,person1455_virus_2492.jpeg,PNEUMONIA,virus,person1455,1,test,832,512
PNEUMONIA__person1455_virus_2496.png,person1455_virus_2496.jpeg,PNEUMONIA,virus,person1455,1,test,1148,677
PNEUMONIA__person1457_virus_2498.png,person1457_virus_2498.jpeg,PNEUMONIA,virus,person1457,1,train,1592,1080
PNEUMONIA__person1458_virus_2501.png,person1458_virus_2501.jpeg,PNEUMONIA,virus,person1458,1,train,1160,960
PNEUMONIA__person1458_virus_2502.png,person1458_virus_2502.jpeg,PNEUMONIA,virus,person1458,1,train,1288,984
PNEUMONIA__person1458_virus_2503.png,person1458_virus_2503.jpeg,PNEUMONIA,virus,person1458,1,train,1192,800
PNEUMONIA__person1459_bacteria_3796.png,person1459_bacteria_3796.jpeg,PNEUMONIA,bacteria,person1459,1,train,1248,816
PNEUMONIA__person1459_bacteria_3797.png,person1459_bacteria_3797.jpeg,PNEUMONIA,bacteria,person1459,1,train,1336,824
PNEUMONIA__person1459_virus_2506.png,person1459_virus_2506.jpeg,PNEUMONIA,virus,person1459,1,train,1426,947
PNEUMONIA__person145_virus_294.png,person145_virus_294.jpeg,PNEUMONIA,virus,person145,1,train,904,600
PNEUMONIA__person145_virus_295.png,person145_virus_295.jpeg,PNEUMONIA,virus,person145,1,train,968,552
PNEUMONIA__person1460_bacteria_3801.png,person1460_bacteria_3801.jpeg,PNEUMONIA,bacteria,person1460,1,train,1392,920
PNEUMONIA__person1460_bacteria_3805.png,person1460_bacteria_3805.jpeg,PNEUMONIA,bacteria,person1460,1,train,1248,856
PNEUMONIA__person1460_virus_2507.png,person1460_virus_2507.jpeg,PNEUMONIA,virus,person1460,1,train,1280,920
PNEUMONIA__person1460_virus_2509.png,person1460_virus_2509.jpeg,PNEUMONIA,virus,person1460,1,train,1272,992
PNEUMONIA__person1461_virus_2510.png,person1461_virus_2510.jpeg,PNEUMONIA,virus,person1461,1,val,1500,1195
PNEUMONIA__person1462_virus_2512.png,person1462_virus_2512.jpeg,PNEUMONIA,virus,person1462,1,test,1816,1550
PNEUMONIA__person1463_bacteria_3808.png,person1463_bacteria_3808.jpeg,PNEUMONIA,bacteria,person1463,1,train,1432,736
PNEUMONIA__person1463_bacteria_3809.png,person1463_bacteria_3809.jpeg,PNEUMONIA,bacteria,person1463,1,train,1448,928
PNEUMONIA__person1463_bacteria_3811.png,person1463_bacteria_3811.jpeg,PNEUMONIA,bacteria,person1463,1,train,1328,800
PNEUMONIA__person1463_virus_2516.png,person1463_virus_2516.jpeg,PNEUMONIA,virus,person1463,1,train,1168,744
PNEUMONIA__person1465_virus_2530.png,person1465_virus_2530.jpeg,PNEUMONIA,virus,person1465,1,train,1008,560
PNEUMONIA__person1465_virus_2531.png,person1465_virus_2531.jpeg,PNEUMONIA,virus,person1465,1,train,1000,760
PNEUMONIA__person1465_virus_2532.png,person1465_virus_2532.jpeg,PNEUMONIA,virus,person1465,1,train,1152,920
PNEUMONIA__person1465_virus_2537.png,person1465_virus_2537.jpeg,PNEUMONIA,virus,person1465,1,train,1136,912
PNEUMONIA__person1466_virus_2541.png,person1466_virus_2541.jpeg,PNEUMONIA,virus,person1466,1,train,984,672
PNEUMONIA__person1466_virus_2542.png,person1466_virus_2542.jpeg,PNEUMONIA,virus,person1466,1,train,1112,704
PNEUMONIA__person1466_virus_2543.png,person1466_virus_2543.jpeg,PNEUMONIA,virus,person1466,1,train,1090,751
PNEUMONIA__person1467_virus_2544.png,person1467_virus_2544.jpeg,PNEUMONIA,virus,person1467,1,train,1056,544
PNEUMONIA__person1468_bacteria_3822.png,person1468_bacteria_3822.jpeg,PNEUMONIA,bacteria,person1468,1,train,1312,928
PNEUMONIA__person1468_virus_2545.png,person1468_virus_2545.jpeg,PNEUMONIA,virus,person1468,1,train,1708,1214
PNEUMONIA__person1468_virus_2546.png,person1468_virus_2546.jpeg,PNEUMONIA,virus,person1468,1,train,1670,1245
PNEUMONIA__person1469_bacteria_3824.png,person1469_bacteria_3824.jpeg,PNEUMONIA,bacteria,person1469,1,train,1272,712
PNEUMONIA__person1469_bacteria_3827.png,person1469_bacteria_3827.jpeg,PNEUMONIA,bacteria,person1469,1,train,1040,696
PNEUMONIA__person1469_virus_2547.png,person1469_virus_2547.jpeg,PNEUMONIA,virus,person1469,1,train,1686,1195
PNEUMONIA__person146_virus_296.png,person146_virus_296.jpeg,PNEUMONIA,virus,person146,1,train,1360,816
PNEUMONIA__person1470_bacteria_3829.png,person1470_bacteria_3829.jpeg,PNEUMONIA,bacteria,person1470,1,test,1040,640
PNEUMONIA__person1470_bacteria_3830.png,person1470_bacteria_3830.jpeg,PNEUMONIA,bacteria,person1470,1,test,904,528
PNEUMONIA__person1471_bacteria_3831.png,person1471_bacteria_3831.jpeg,PNEUMONIA,bacteria,person1471,1,train,1000,632
PNEUMONIA__person1471_virus_2549.png,person1471_virus_2549.jpeg,PNEUMONIA,virus,person1471,1,train,1448,1152
PNEUMONIA__person1472_bacteria_3833.png,person1472_bacteria_3833.jpeg,PNEUMONIA,bacteria,person1472,1,train,1456,1104
PNEUMONIA__person1472_bacteria_3834.png,person1472_bacteria_3834.jpeg,PNEUMONIA,bacteria,person1472,1,train,1368,936
PNEUMONIA__person1472_virus_2550.png,person1472_virus_2550.jpeg,PNEUMONIA,virus,person1472,1,train,1296,968
PNEUMONIA__person1473_bacteria_3836.png,person1473_bacteria_3836.jpeg,PNEUMONIA,bacteria,person1473,1,train,1048,680
PNEUMONIA__person1473_virus_2551.png,person1473_virus_2551.jpeg,PNEUMONIA,virus,person1473,1,train,2088,1840
PNEUMONIA__person1473_virus_2553.png,person1473_virus_2553.jpeg,PNEUMONIA,virus,person1473,1,train,1912,1768
PNEUMONIA__person1474_bacteria_3837.png,person1474_bacteria_3837.jpeg,PNEUMONIA,bacteria,person1474,1,train,872,552
PNEUMONIA__person1474_virus_2556.png,person1474_virus_2556.jpeg,PNEUMONIA,virus,person1474,1,train,1056,896
PNEUMONIA__person1474_virus_2557.png,person1474_virus_2557.jpeg,PNEUMONIA,virus,person1474,1,train,1088,688
PNEUMONIA__person1475_virus_2558.png,person1475_virus_2558.jpeg,PNEUMONIA,virus,person1475,1,test,1358,870
PNEUMONIA__person1476_bacteria_3842.png,person1476_bacteria_3842.jpeg,PNEUMONIA,bacteria,person1476,1,val,1152,736
PNEUMONIA__person1476_bacteria_3843.png,person1476_bacteria_3843.jpeg,PNEUMONIA,bacteria,person1476,1,val,1072,768
PNEUMONIA__person1476_virus_2560.png,person1476_virus_2560.jpeg,PNEUMONIA,virus,person1476,1,val,1580,805
PNEUMONIA__person1477_virus_2561.png,person1477_virus_2561.jpeg,PNEUMONIA,virus,person1477,1,train,1566,1222
PNEUMONIA__person1478_bacteria_3848.png,person1478_bacteria_3848.jpeg,PNEUMONIA,bacteria,person1478,1,train,647,329
PNEUMONIA__person147_virus_297.png,person147_virus_297.jpeg,PNEUMONIA,virus,person147,1,train,1168,688
PNEUMONIA__person1480_bacteria_3858.png,person1480_bacteria_3858.jpeg,PNEUMONIA,bacteria,person1480,1,train,1152,728
PNEUMONIA__person1480_bacteria_3859.png,person1480_bacteria_3859.jpeg,PNEUMONIA,bacteria,person1480,1,train,1320,824
PNEUMONIA__person1480_virus_2566.png,person1480_virus_2566.jpeg,PNEUMONIA,virus,person1480,1,train,1686,1160
PNEUMONIA__person1481_bacteria_3862.png,person1481_bacteria_3862.jpeg,PNEUMONIA,bacteria,person1481,1,train,1440,1168
PNEUMONIA__person1481_bacteria_3863.png,person1481_bacteria_3863.jpeg,PNEUMONIA,bacteria,person1481,1,train,1440,1168
PNEUMONIA__person1481_bacteria_3864.png,person1481_bacteria_3864.jpeg,PNEUMONIA,bacteria,person1481,1,train,1656,1200
PNEUMONIA__person1481_bacteria_3865.png,person1481_bacteria_3865.jpeg,PNEUMONIA,bacteria,person1481,1,train,1656,1200
PNEUMONIA__person1481_bacteria_3866.png,person1481_bacteria_3866.jpeg,PNEUMONIA,bacteria,person1481,1,train,1600,1176
PNEUMONIA__person1481_bacteria_3867.png,person1481_bacteria_3867.jpeg,PNEUMONIA,bacteria,person1481,1,train,1600,1176
PNEUMONIA__person1481_bacteria_3868.png,person1481_bacteria_3868.jpeg,PNEUMONIA,bacteria,person1481,1,train,1352,992
PNEUMONIA__person1481_virus_2567.png,person1481_virus_2567.jpeg,PNEUMONIA,virus,person1481,1,train,1716,1489
PNEUMONIA__person1482_bacteria_3870.png,person1482_bacteria_3870.jpeg,PNEUMONIA,bacteria,person1482,1,val,668,408
PNEUMONIA__person1482_bacteria_3874.png,person1482_bacteria_3874.jpeg,PNEUMONIA,bacteria,person1482,1,val,1192,832
PNEUMONIA__person1482_virus_2569.png,person1482_virus_2569.jpeg,PNEUMONIA,virus,person1482,1,val,1168,672
PNEUMONIA__person1482_virus_2570.png,person1482_virus_2570.jpeg,PNEUMONIA,virus,person1482,1,val,1088,656
PNEUMONIA__person1482_virus_2571.png,person1482_virus_2571.jpeg,PNEUMONIA,virus,person1482,1,val,1104,680
PNEUMONIA__person1482_virus_2572.png,person1482_virus_2572.jpeg,PNEUMONIA,virus,person1482,1,val,1056,664
PNEUMONIA__person1482_virus_2573.png,person1482_virus_2573.jpeg,PNEUMONIA,virus,person1482,1,val,1024,728
PNEUMONIA__person1483_bacteria_3876.png,person1483_bacteria_3876.jpeg,PNEUMONIA,bacteria,person1483,1,test,984,616
PNEUMONIA__person1483_virus_2574.png,person1483_virus_2574.jpeg,PNEUMONIA,virus,person1483,1,test,1642,1133
PNEUMONIA__person1484_bacteria_3878.png,person1484_bacteria_3878.jpeg,PNEUMONIA,bacteria,person1484,1,train,1152,760
PNEUMONIA__person1484_virus_2576.png,person1484_virus_2576.jpeg,PNEUMONIA,virus,person1484,1,train,1040,688
PNEUMONIA__person1484_virus_2577.png,person1484_virus_2577.jpeg,PNEUMONIA,virus,person1484,1,train,1104,736
PNEUMONIA__person1486_bacteria_3881.png,person1486_bacteria_3881.jpeg,PNEUMONIA,bacteria,person1486,1,train,1304,960
PNEUMONIA__person1486_bacteria_3883.png,person1486_bacteria_3883.jpeg,PNEUMONIA,bacteria,person1486,1,train,1240,904
PNEUMONIA__person1486_bacteria_3884.png,person1486_bacteria_3884.jpeg,PNEUMONIA,bacteria,person1486,1,train,663,431
PNEUMONIA__person1486_bacteria_3885.png,person1486_bacteria_3885.jpeg,PNEUMONIA,bacteria,person1486,1,train,1448,1032
PNEUMONIA__person1486_virus_2580.png,person1486_virus_2580.jpeg,PNEUMONIA,virus,person1486,1,train,1064,512
PNEUMONIA__person1488_bacteria_3887.png,person1488_bacteria_3887.jpeg,PNEUMONIA,bacteria,person1488,1,val,1400,1032
PNEUMONIA__person1488_virus_2585.png,person1488_virus_2585.jpeg,PNEUMONIA,virus,person1488,1,val,1472,1088
PNEUMONIA__person1488_virus_2587.png,person1488_virus_2587.jpeg,PNEUMONIA,virus,person1488,1,val,1552,1144
PNEUMONIA__person1488_virus_2589.png,person1488_virus_2589.jpeg,PNEUMONIA,virus,person1488,1,val,1520,904
PNEUMONIA__person1488_virus_2592.png,person1488_virus_2592.jpeg,PNEUMONIA,virus,person1488,1,val,1504,1096
PNEUMONIA__person1488_virus_2593.png,person1488_virus_2593.jpeg,PNEUMONIA,virus,person1488,1,val,1754,1395
PNEUMONIA__person1489_bacteria_3889.png,person1489_bacteria_3889.jpeg,PNEUMONIA,bacteria,person1489,1,train,1000,544
PNEUMONIA__person1489_virus_2594.png,person1489_virus_2594.jpeg,PNEUMONIA,virus,person1489,1,train,1878,1331
PNEUMONIA__person148_virus_298.png,person148_virus_298.jpeg,PNEUMONIA,virus,person148,1,train,1536,1104
PNEUMONIA__person1490_bacteria_3891.png,person1490_bacteria_3891.jpeg,PNEUMONIA,bacteria,person1490,1,test,1056,696
PNEUMONIA__person1490_virus_2596.png,person1490_virus_2596.jpeg,PNEUMONIA,virus,person1490,1,test,1094,829
PNEUMONIA__person1491_bacteria_3892.png,person1491_bacteria_3892.jpeg,PNEUMONIA,bacteria,person1491,1,train,1328,968
PNEUMONIA__person1491_bacteria_3893.png,person1491_bacteria_3893.jpeg,PNEUMONIA,bacteria,person1491,1,train,1576,1056
PNEUMONIA__person1491_virus_2597.png,person1491_virus_2597.jpeg,PNEUMONIA,virus,person1491,1,train,1272,824
PNEUMONIA__person1492_bacteria_3894.png,person1492_bacteria_3894.jpeg,PNEUMONIA,bacteria,person1492,1,test,864,520
PNEUMONIA__person1492_virus_2599.png,person1492_virus_2599.jpeg,PNEUMONIA,virus,person1492,1,test,1136,744
PNEUMONIA__person1493_bacteria_3895.png,person1493_bacteria_3895.jpeg,PNEUMONIA,bacteria,person1493,1,train,1272,952
PNEUMONIA__person1493_bacteria_3896.png,person1493_bacteria_3896.jpeg,PNEUMONIA,bacteria,person1493,1,train,1416,856
PNEUMONIA__person1493_bacteria_3897.png,person1493_bacteria_3897.jpeg,PNEUMONIA,bacteria,person1493,1,train,1304,1024
PNEUMONIA__person1493_bacteria_3898.png,person1493_bacteria_3898.jpeg,PNEUMONIA,bacteria,person1493,1,train,1296,728
PNEUMONIA__person1493_bacteria_3899.png,person1493_bacteria_3899.jpeg,PNEUMONIA,bacteria,person1493,1,train,1224,672
PNEUMONIA__person1494_bacteria_3901.png,person1494_bacteria_3901.jpeg,PNEUMONIA,bacteria,person1494,1,train,1080,728
PNEUMONIA__person1494_virus_2601.png,person1494_virus_2601.jpeg,PNEUMONIA,virus,person1494,1,train,1680,1232
PNEUMONIA__person1495_virus_2603.png,person1495_virus_2603.jpeg,PNEUMONIA,virus,person1495,1,train,1376,936
PNEUMONIA__person1496_bacteria_3905.png,person1496_bacteria_3905.jpeg,PNEUMONIA,bacteria,person1496,1,train,1304,1224
PNEUMONIA__person1496_bacteria_3906.png,person1496_bacteria_3906.jpeg,PNEUMONIA,bacteria,person1496,1,train,1288,968
PNEUMONIA__person1496_bacteria_3907.png,person1496_bacteria_3907.jpeg,PNEUMONIA,bacteria,person1496,1,train,1248,824
PNEUMONIA__person1496_bacteria_3908.png,person1496_bacteria_3908.jpeg,PNEUMONIA,bacteria,person1496,1,train,1336,912
PNEUMONIA__person1496_bacteria_3909.png,person1496_bacteria_3909.jpeg,PNEUMONIA,bacteria,person1496,1,train,1296,1000
PNEUMONIA__person1496_bacteria_3910.png,person1496_bacteria_3910.jpeg,PNEUMONIA,bacteria,person1496,1,train,1296,1000
PNEUMONIA__person1496_bacteria_3911.png,person1496_bacteria_3911.jpeg,PNEUMONIA,bacteria,person1496,1,train,1256,872
PNEUMONIA__person1496_virus_2605.png,person1496_virus_2605.jpeg,PNEUMONIA,virus,person1496,1,train,1192,688
PNEUMONIA__person1496_virus_2606.png,person1496_virus_2606.jpeg,PNEUMONIA,virus,person1496,1,train,888,704
PNEUMONIA__person1497_bacteria_3912.png,person1497_bacteria_3912.jpeg,PNEUMONIA,bacteria,person1497,1,train,856,472
PNEUMONIA__person1497_virus_2607.png,person1497_virus_2607.jpeg,PNEUMONIA,virus,person1497,1,train,1454,794
PNEUMONIA__person1499_bacteria_3915.png,person1499_bacteria_3915.jpeg,PNEUMONIA,bacteria,person1499,1,train,1120,744
PNEUMONIA__person1499_virus_2609.png,person1499_virus_2609.jpeg,PNEUMONIA,virus,person1499,1,train,1016,640
PNEUMONIA__person149_virus_299.png,person149_virus_299.jpeg,PNEUMONIA,virus,person149,1,train,1528,1032
PNEUMONIA__person14_bacteria_51.png,person14_bacteria_51.jpeg,PNEUMONIA,bacteria,person14,1,train,981,663
PNEUMONIA__person1500_bacteria_3916.png,person1500_bacteria_3916.jpeg,PNEUMONIA,bacteria,person1500,1,train,1736,1424
PNEUMONIA__person1500_virus_2610.png,person1500_virus_2610.jpeg,PNEUMONIA,virus,person1500,1,train,1560,1304
PNEUMONIA__person1501_virus_2611.png,person1501_virus_2611.jpeg,PNEUMONIA,virus,person1501,1,train,1024,640
PNEUMONIA__person1502_bacteria_3922.png,person1502_bacteria_3922.jpeg,PNEUMONIA,bacteria,person1502,1,train,1168,872
PNEUMONIA__person1502_bacteria_3923.png,person1502_bacteria_3923.jpeg,PNEUMONIA,bacteria,person1502,1,train,992,528
PNEUMONIA__person1502_bacteria_3924.png,person1502_bacteria_3924.jpeg,PNEUMONIA,bacteria,person1502,1,train,1008,536
PNEUMONIA__person1502_bacteria_3925.png,person1502_bacteria_3925.jpeg,PNEUMONIA,bacteria,person1502,1,train,1224,824
PNEUMONIA__person1502_bacteria_3927.png,person1502_bacteria_3927.jpeg,PNEUMONIA,bacteria,person1502,1,train,1008,600
PNEUMONIA__person1502_bacteria_3928.png,person1502_bacteria_3928.jpeg,PNEUMONIA,bacteria,person1502,1,train,1176,776
PNEUMONIA__person1502_bacteria_3929.png,person1502_bacteria_3929.jpeg,PNEUMONIA,bacteria,person1502,1,train,960,520
PNEUMONIA__person1502_virus_2612.png,person1502_virus_2612.jpeg,PNEUMONIA,virus,person1502,1,train,1656,1008
PNEUMONIA__person1503_virus_2613.png,person1503_virus_2613.jpeg,PNEUMONIA,virus,person1503,1,train,1232,768
PNEUMONIA__person1504_bacteria_3931.png,person1504_bacteria_3931.jpeg,PNEUMONIA,bacteria,person1504,1,test,1064,816
PNEUMONIA__person1504_virus_2614.png,person1504_virus_2614.jpeg,PNEUMONIA,virus,person1504,1,test,1088,776
PNEUMONIA__person1505_virus_2615.png,person1505_virus_2615.jpeg,PNEUMONIA,virus,person1505,1,train,1400,1072
PNEUMONIA__person1506_bacteria_3933.png,person1506_bacteria_3933.jpeg,PNEUMONIA,bacteria,person1506,1,val,1648,1208
PNEUMONIA__person1506_virus_2616.png,person1506_virus_2616.jpeg,PNEUMONIA,virus,person1506,1,val,1144,952
PNEUMONIA__person1507_bacteria_3935.png,person1507_bacteria_3935.jpeg,PNEUMONIA,bacteria,person1507,1,train,1776,1352
PNEUMONIA__person1507_bacteria_3942.png,person1507_bacteria_3942.jpeg,PNEUMONIA,bacteria,person1507,1,train,1752,1176
PNEUMONIA__person1507_bacteria_3943.png,person1507_bacteria_3943.jpeg,PNEUMONIA,bacteria,person1507,1,train,1592,1200
PNEUMONIA__person1507_bacteria_3944.png,person1507_bacteria_3944.jpeg,PNEUMONIA,bacteria,person1507,1,train,1648,1176
PNEUMONIA__person1507_bacteria_3945.png,person1507_bacteria_3945.jpeg,PNEUMONIA,bacteria,person1507,1,train,1664,1088
PNEUMONIA__person1507_bacteria_3946.png,person1507_bacteria_3946.jpeg,PNEUMONIA,bacteria,person1507,1,train,1416,1176
PNEUMONIA__person1507_bacteria_3947.png,person1507_bacteria_3947.jpeg,PNEUMONIA,bacteria,person1507,1,train,1568,1112
PNEUMONIA__person1507_bacteria_3948.png,person1507_bacteria_3948.jpeg,PNEUMONIA,bacteria,person1507,1,train,1552,1064
PNEUMONIA__person1508_bacteria_3949.png,person1508_bacteria_3949.jpeg,PNEUMONIA,bacteria,person1508,1,train,1760,1328
PNEUMONIA__person1509_bacteria_3951.png,person1509_bacteria_3951.jpeg,PNEUMONIA,bacteria,person1509,1,train,1704,1392
PNEUMONIA__person1509_virus_2621.png,person1509_virus_2621.jpeg,PNEUMONIA,virus,person1509,1,train,1656,1336
PNEUMONIA__person1510_virus_2628.png,person1510_virus_2628.jpeg,PNEUMONIA,virus,person1510,1,train,1264,880
PNEUMONIA__person1510_virus_2629.png,person1510_virus_2629.jpeg,PNEUMONIA,virus,person1510,1,train,1312,712
PNEUMONIA__person1511_bacteria_3955.png,person1511_bacteria_3955.jpeg,PNEUMONIA,bacteria,person1511,1,test,1192,808
PNEUMONIA__person1512_bacteria_3958.png,person1512_bacteria_3958.jpeg,PNEUMONIA,bacteria,person1512,1,train,1312,648
PNEUMONIA__person1512_virus_2631.png,person1512_virus_2631.jpeg,PNEUMONIA,virus,person1512,1,train,1360,1040
PNEUMONIA__person1513_bacteria_3962.png,person1513_bacteria_3962.jpeg,PNEUMONIA,bacteria,person1513,1,val,1304,800
PNEUMONIA__person1513_virus_2632.png,person1513_virus_2632.jpeg,PNEUMONIA,virus,person1513,1,val,1376,1208
PNEUMONIA__person1514_bacteria_3964.png,person1514_bacteria_3964.jpeg,PNEUMONIA,bacteria,person1514,1,test,1360,936
PNEUMONIA__person1514_virus_2633.png,person1514_virus_2633.jpeg,PNEUMONIA,virus,person1514,1,test,1200,784
PNEUMONIA__person1516_virus_2643.png,person1516_virus_2643.jpeg,PNEUMONIA,virus,person1516,1,train,1152,752
PNEUMONIA__person1517_bacteria_3968.png,person1517_bacteria_3968.jpeg,PNEUMONIA,bacteria,person1517,1,val,1328,984
PNEUMONIA__person1517_virus_2644.png,person1517_virus_2644.jpeg,PNEUMONIA,virus,person1517,1,val,1376,824
PNEUMONIA__person1518_bacteria_3969.png,person1518_bacteria_3969.jpeg,PNEUMONIA,bacteria,person1518,1,test,1896,1640
PNEUMONIA__person1518_virus_2645.png,person1518_virus_2645.jpeg,PNEUMONIA,virus,person1518,1,test,1464,1056
PNEUMONIA__person1519_bacteria_3970.png,person1519_bacteria_3970.jpeg,PNEUMONIA,bacteria,person1519,1,train,1256,984
PNEUMONIA__person1519_virus_2646.png,person1519_virus_2646.jpeg,PNEUMONIA,virus,person1519,1,train,1248,808
PNEUMONIA__person151_virus_301.png,person151_virus_301.jpeg,PNEUMONIA,virus,person151,1,train,1368,984
PNEUMONIA__person151_virus_302.png,person151_virus_302.jpeg,PNEUMONIA,virus,person151,1,train,1264,704
PNEUMONIA__person1520_bacteria_3971.png,person1520_bacteria_3971.jpeg,PNEUMONIA,bacteria,person1520,1,train,1008,776
PNEUMONIA__person1520_virus_2647.png,person1520_virus_2647.jpeg,PNEUMONIA,virus,person1520,1,train,1536,1208
PNEUMONIA__person1521_virus_2649.png,person1521_virus_2649.jpeg,PNEUMONIA,virus,person1521,1,train,1288,976
PNEUMONIA__person1522_bacteria_3977.png,person1522_bacteria_3977.jpeg,PNEUMONIA,bacteria,person1522,1,train,1232,904
PNEUMONIA__person1522_virus_2651.png,person1522_virus_2651.jpeg,PNEUMONIA,virus,person1522,1,train,1008,520
PNEUMONIA__person1523_bacteria_3979.png,person1523_bacteria_3979.jpeg,PNEUMONIA,bacteria,person1523,1,val,1248,784
PNEUMONIA__person1523_bacteria_3980.png,person1523_bacteria_3980.jpeg,PNEUMONIA,bacteria,person1523,1,val,1088,792
PNEUMONIA__person1524_bacteria_3983.png,person1524_bacteria_3983.jpeg,PNEUMONIA,bacteria,person1524,1,train,1632,1136
PNEUMONIA__person1524_bacteria_3984.png,person1524_bacteria_3984.jpeg,PNEUMONIA,bacteria,person1524,1,train,1664,1264
PNEUMONIA__person1524_virus_2658.png,person1524_virus_2658.jpeg,PNEUMONIA,virus,person1524,1,train,1320,992
PNEUMONIA__person1525_bacteria_3985.png,person1525_bacteria_3985.jpeg,PNEUMONIA,bacteria,person1525,1,train,1184,848
PNEUMONIA__person1525_virus_2659.png,person1525_virus_2659.jpeg,PNEUMONIA,virus,person1525,1,train,1216,816
PNEUMONIA__person1526_bacteria_3986.png,person1526_bacteria_3986.jpeg,PNEUMONIA,bacteria,person1526,1,train,1192,888
PNEUMONIA__person1526_virus_2660.png,person1526_virus_2660.jpeg,PNEUMONIA,virus,person1526,1,train,920,568
PNEUMONIA__person1527_bacteria_3988.png,person1527_bacteria_3988.jpeg,PNEUMONIA,bacteria,person1527,1,train,1216,792
PNEUMONIA__person1527_bacteria_3989.png,person1527_bacteria_3989.jpeg,PNEUMONIA,bacteria,person1527,1,train,1240,952
PNEUMONIA__person1527_bacteria_3990.png,person1527_bacteria_3990.jpeg,PNEUMONIA,bacteria,person1527,1,train,1184,712
PNEUMONIA__person1527_virus_2661.png,person1527_virus_2661.jpeg,PNEUMONIA,virus,person1527,1,train,1120,768
PNEUMONIA__person1528_bacteria_3991.png,person1528_bacteria_3991.jpeg,PNEUMONIA,bacteria,person1528,1,test,1080,760
PNEUMONIA__person1528_bacteria_3996.png,person1528_bacteria_3996.jpeg,PNEUMONIA,bacteria,person1528,1,test,1168,688
PNEUMONIA__person1528_virus_2662.png,person1528_virus_2662.jpeg,PNEUMONIA,virus,person1528,1,test,1352,840
PNEUMONIA__person1529_virus_2663.png,person1529_virus_2663.jpeg,PNEUMONIA,virus,person1529,1,train,1104,704
PNEUMONIA__person152_virus_303.png,person152_virus_303.jpeg,PNEUMONIA,virus,person152,1,test,1344,1032
PNEUMONIA__person1530_bacteria_4000.png,person1530_bacteria_4000.jpeg,PNEUMONIA,bacteria,person1530,1,val,1336,752
PNEUMONIA__person1530_virus_2664.png,person1530_virus_2664.jpeg,PNEUMONIA,virus,person1530,1,val,1080,632
PNEUMONIA__person1531_bacteria_4003.png,person1531_bacteria_4003.jpeg,PNEUMONIA,bacteria,person1531,1,train,1336,864
PNEUMONIA__person1531_virus_2666.png,person1531_virus_2666.jpeg,PNEUMONIA,virus,person1531,1,train,1336,936
PNEUMONIA__person1532_virus_2667.png,person1532_virus_2667.jpeg,PNEUMONIA,virus,person1532,1,train,1232,800
PNEUMONIA__person1534_virus_2670.png,person1534_virus_2670.jpeg,PNEUMONIA,virus,person1534,1,train,1336,1056
PNEUMONIA__person1535_bacteria_4015.png,person1535_bacteria_4015.jpeg,PNEUMONIA,bacteria,person1535,1,train,920,552
PNEUMONIA__person1535_bacteria_4016.png,person1535_bacteria_4016.jpeg,PNEUMONIA,bacteria,person1535,1,train,920,648
PNEUMONIA__person1535_bacteria_4017.png,person1535_bacteria_4017.jpeg,PNEUMONIA,bacteria,person1535,1,train,888,672
PNEUMONIA__person1535_virus_2672.png,person1535_virus_2672.jpeg,PNEUMONIA,virus,person1535,1,train,1304,896
PNEUMONIA__person1536_bacteria_4018.png,person1536_bacteria_4018.jpeg,PNEUMONIA,bacteria,person1536,1,train,1792,1600
PNEUMONIA__person1536_virus_2673.png,person1536_virus_2673.jpeg,PNEUMONIA,virus,person1536,1,train,992,464
PNEUMONIA__person1537_bacteria_4019.png,person1537_bacteria_4019.jpeg,PNEUMONIA,bacteria,person1537,1,val,1256,976
PNEUMONIA__person1537_bacteria_4020.png,person1537_bacteria_4020.jpeg,PNEUMONIA,bacteria,person1537,1,val,1336,928
PNEUMONIA__person1537_virus_2674.png,person1537_virus_2674.jpeg,PNEUMONIA,virus,person1537,1,val,1456,1312
PNEUMONIA__person1538_bacteria_4021.png,person1538_bacteria_4021.jpeg,PNEUMONIA,bacteria,person1538,1,train,1200,808
PNEUMONIA__person1539_bacteria_4022.png,person1539_bacteria_4022.jpeg,PNEUMONIA,bacteria,person1539,1,train,1392,864
PNEUMONIA__person1539_virus_2678.png,person1539_virus_2678.jpeg,PNEUMONIA,virus,person1539,1,train,1112,624
PNEUMONIA__person1539_virus_2679.png,person1539_virus_2679.jpeg,PNEUMONIA,virus,person1539,1,train,1152,584
PNEUMONIA__person153_virus_304.png,person153_virus_304.jpeg,PNEUMONIA,virus,person153,1,train,1160,752
PNEUMONIA__person1540_bacteria_4023.png,person1540_bacteria_4023.jpeg,PNEUMONIA,bacteria,person1540,1,train,1320,1000
PNEUMONIA__person1540_virus_2680.png,person1540_virus_2680.jpeg,PNEUMONIA,virus,person1540,1,train,1472,944
PNEUMONIA__person1541_virus_2681.png,person1541_virus_2681.jpeg,PNEUMONIA,virus,person1541,1,test,1400,1080
PNEUMONIA__person1542_bacteria_4029.png,person1542_bacteria_4029.jpeg,PNEUMONIA,bacteria,person1542,1,train,1144,760
PNEUMONIA__person1542_virus_2683.png,person1542_virus_2683.jpeg,PNEUMONIA,virus,person1542,1,train,1104,728
PNEUMONIA__person1543_virus_2684.png,person1543_virus_2684.jpeg,PNEUMONIA,virus,person1543,1,train,1128,704
PNEUMONIA__person1544_bacteria_4033.png,person1544_bacteria_4033.jpeg,PNEUMONIA,bacteria,person1544,1,val,2192,2272
PNEUMONIA__person1544_bacteria_4035.png,person1544_bacteria_4035.jpeg,PNEUMONIA,bacteria,person1544,1,val,2056,2104
PNEUMONIA__person1544_bacteria_4037.png,person1544_bacteria_4037.jpeg,PNEUMONIA,bacteria,person1544,1,val,1856,1496
PNEUMONIA__person1544_bacteria_4038.png,person1544_bacteria_4038.jpeg,PNEUMONIA,bacteria,person1544,1,val,2008,2096
PNEUMONIA__person1544_virus_2685.png,person1544_virus_2685.jpeg,PNEUMONIA,virus,person1544,1,val,1720,1152
PNEUMONIA__person1545_bacteria_4041.png,person1545_bacteria_4041.jpeg,PNEUMONIA,bacteria,person1545,1,test,912,536
PNEUMONIA__person1545_bacteria_4042.png,person1545_bacteria_4042.jpeg,PNEUMONIA,bacteria,person1545,1,test,920,544
PNEUMONIA__person1546_bacteria_4044.png,person1546_bacteria_4044.jpeg,PNEUMONIA,bacteria,person1546,1,train,1216,856
PNEUMONIA__person1546_bacteria_4045.png,person1546_bacteria_4045.jpeg,PNEUMONIA,bacteria,person1546,1,train,1288,776
PNEUMONIA__person1546_virus_2687.png,person1546_virus_2687.jpeg,PNEUMONIA,virus,person1546,1,train,976,504
PNEUMONIA__person1547_virus_2688.png,person1547_virus_2688.jpeg,PNEUMONIA,virus,person1547,1,train,1016,552
PNEUMONIA__person1548_bacteria_4048.png,person1548_bacteria_4048.jpeg,PNEUMONIA,bacteria,person1548,1,train,1088,696
PNEUMONIA__person1548_virus_2689.png,person1548_virus_2689.jpeg,PNEUMONIA,virus,person1548,1,train,1384,1048
PNEUMONIA__person1549_bacteria_4050.png,person1549_bacteria_4050.jpeg,PNEUMONIA,bacteria,person1549,1,test,1416,960
PNEUMONIA__person1549_virus_2690.png,person1549_virus_2690.jpeg,PNEUMONIA,virus,person1549,1,test,1320,1032
PNEUMONIA__person154_virus_305.png,person154_virus_305.jpeg,PNEUMONIA,virus,person154,1,train,1336,728
PNEUMONIA__person154_virus_306.png,person154_virus_306.jpeg,PNEUMONIA,virus,person154,1,train,1448,1176
PNEUMONIA__person1550_bacteria_4051.png,person1550_bacteria_4051.jpeg,PNEUMONIA,bacteria,person1550,1,train,1600,984
PNEUMONIA__person1550_virus_2691.png,person1550_virus_2691.jpeg,PNEUMONIA,virus,person1550,1,train,1000,640
PNEUMONIA__person1551_bacteria_4053.png,person1551_bacteria_4053.jpeg,PNEUMONIA,bacteria,person1551,1,val,1376,952
PNEUMONIA__person1551_bacteria_4054.png,person1551_bacteria_4054.jpeg,PNEUMONIA,bacteria,person1551,1,val,1424,1016
PNEUMONIA__person1551_virus_2692.png,person1551_virus_2692.jpeg,PNEUMONIA,virus,person1551,1,val,1120,816
PNEUMONIA__person1552_bacteria_4055.png,person1552_bacteria_4055.jpeg,PNEUMONIA,bacteria,person1552,1,train,1136,864
PNEUMONIA__person1554_bacteria_4057.png,person1554_bacteria_4057.jpeg,PNEUMONIA,bacteria,person1554,1,test,1248,824
PNEUMONIA__person1554_virus_2696.png,person1554_virus_2696.jpeg,PNEUMONIA,virus,person1554,1,test,1344,784
PNEUMONIA__person1555_bacteria_4058.png,person1555_bacteria_4058.jpeg,PNEUMONIA,bacteria,person1555,1,train,1112,568
PNEUMONIA__person1555_bacteria_4059.png,person1555_bacteria_4059.jpeg,PNEUMONIA,bacteria,person1555,1,train,1144,736
PNEUMONIA__person1555_bacteria_4060.png,person1555_bacteria_4060.jpeg,PNEUMONIA,bacteria,person1555,1,train,1000,624
PNEUMONIA__person1556_bacteria_4061.png,person1556_bacteria_4061.jpeg,PNEUMONIA,bacteria,person1556,1,train,1416,1216
PNEUMONIA__person1556_bacteria_4062.png,person1556_bacteria_4062.jpeg,PNEUMONIA,bacteria,person1556,1,train,1688,1136
PNEUMONIA__person1556_virus_2699.png,person1556_virus_2699.jpeg,PNEUMONIA,virus,person1556,1,train,1128,736
PNEUMONIA__person1557_bacteria_4063.png,person1557_bacteria_4063.jpeg,PNEUMONIA,bacteria,person1557,1,train,1696,1736
PNEUMONIA__person1557_bacteria_4065.png,person1557_bacteria_4065.jpeg,PNEUMONIA,bacteria,person1557,1,train,1592,1728
PNEUMONIA__person1558_bacteria_4066.png,person1558_bacteria_4066.jpeg,PNEUMONIA,bacteria,person1558,1,train,1408,1184
PNEUMONIA__person1559_bacteria_4067.png,person1559_bacteria_4067.jpeg,PNEUMONIA,bacteria,person1559,1,train,856,528
PNEUMONIA__person155_virus_307.png,person155_virus_307.jpeg,PNEUMONIA,virus,person155,1,train,1536,1064
PNEUMONIA__person1561_bacteria_4077.png,person1561_bacteria_4077.jpeg,PNEUMONIA,bacteria,person1561,1,train,1536,856
PNEUMONIA__person1562_bacteria_4078.png,person1562_bacteria_4078.jpeg,PNEUMONIA,bacteria,person1562,1,train,1448,1008
PNEUMONIA__person1562_bacteria_4081.png,person1562_bacteria_4081.jpeg,PNEUMONIA,bacteria,person1562,1,train,1656,1216
PNEUMONIA__person1562_bacteria_4087.png,person1562_bacteria_4087.jpeg,PNEUMONIA,bacteria,person1562,1,train,1624,1312
PNEUMONIA__person1562_bacteria_4089.png,person1562_bacteria_4089.jpeg,PNEUMONIA,bacteria,person1562,1,train,1568,1256
PNEUMONIA__person1563_bacteria_4092.png,person1563_bacteria_4092.jpeg,PNEUMONIA,bacteria,person1563,1,val,1272,872
PNEUMONIA__person1564_bacteria_4094.png,person1564_bacteria_4094.jpeg,PNEUMONIA,bacteria,person1564,1,train,1168,560
PNEUMONIA__person1564_virus_2719.png,person1564_virus_2719.jpeg,PNEUMONIA,virus,person1564,1,train,1064,560
PNEUMONIA__person1565_bacteria_4095.png,person1565_bacteria_4095.jpeg,PNEUMONIA,bacteria,person1565,1,val,1960,1600
PNEUMONIA__person1566_bacteria_4099.png,person1566_bacteria_4099.jpeg,PNEUMONIA,bacteria,person1566,1,train,888,440
PNEUMONIA__person1567_bacteria_4100.png,person1567_bacteria_4100.jpeg,PNEUMONIA,bacteria,person1567,1,test,1176,800
PNEUMONIA__person1567_virus_2722.png,person1567_virus_2722.jpeg,PNEUMONIA,virus,person1567,1,test,1528,1376
PNEUMONIA__person1568_virus_2723.png,person1568_virus_2723.jpeg,PNEUMONIA,virus,person1568,1,train,1400,1104
PNEUMONIA__person156_virus_308.png,person156_virus_308.jpeg,PNEUMONIA,virus,person156,1,val,1264,800
PNEUMONIA__person1571_bacteria_4108.png,person1571_bacteria_4108.jpeg,PNEUMONIA,bacteria,person1571,1,train,1352,928
PNEUMONIA__person1571_bacteria_4110.png,person1571_bacteria_4110.jpeg,PNEUMONIA,bacteria,person1571,1,train,1296,848
PNEUMONIA__person1571_virus_2728.png,person1571_virus_2728.jpeg,PNEUMONIA,virus,person1571,1,train,1304,712
PNEUMONIA__person1574_bacteria_4118.png,person1574_bacteria_4118.jpeg,PNEUMONIA,bacteria,person1574,1,train,1096,600
PNEUMONIA__person1575_bacteria_4119.png,person1575_bacteria_4119.jpeg,PNEUMONIA,bacteria,person1575,1,test,1360,888
PNEUMONIA__person1576_bacteria_4120.png,person1576_bacteria_4120.jpeg,PNEUMONIA,bacteria,person1576,1,train,1264,984
PNEUMONIA__person1576_bacteria_4121.png,person1576_bacteria_4121.jpeg,PNEUMONIA,bacteria,person1576,1,train,1280,1016
PNEUMONIA__person1576_bacteria_4122.png,person1576_bacteria_4122.jpeg,PNEUMONIA,bacteria,person1576,1,train,1440,992
PNEUMONIA__person1576_bacteria_4124.png,person1576_bacteria_4124.jpeg,PNEUMONIA,bacteria,person1576,1,train,1528,1080
PNEUMONIA__person1576_bacteria_4126.png,person1576_bacteria_4126.jpeg,PNEUMONIA,bacteria,person1576,1,train,1416,1056
PNEUMONIA__person1576_bacteria_4127.png,person1576_bacteria_4127.jpeg,PNEUMONIA,bacteria,person1576,1,train,1296,944
PNEUMONIA__person1576_bacteria_4128.png,person1576_bacteria_4128.jpeg,PNEUMONIA,bacteria,person1576,1,train,1536,1176
PNEUMONIA__person1576_bacteria_4129.png,person1576_bacteria_4129.jpeg,PNEUMONIA,bacteria,person1576,1,train,1384,1088
PNEUMONIA__person1576_virus_2734.png,person1576_virus_2734.jpeg,PNEUMONIA,virus,person1576,1,train,968,440
PNEUMONIA__person1577_virus_2735.png,person1577_virus_2735.jpeg,PNEUMONIA,virus,person1577,1,train,1392,712
PNEUMONIA__person1579_bacteria_4133.png,person1579_bacteria_4133.jpeg,PNEUMONIA,bacteria,person1579,1,train,936,632
PNEUMONIA__person157_virus_311.png,person157_virus_311.jpeg,PNEUMONIA,virus,person157,1,train,1768,1216
PNEUMONIA__person1580_virus_2739.png,person1580_virus_2739.jpeg,PNEUMONIA,virus,person1580,1,train,1616,1024
PNEUMONIA__person1581_bacteria_4135.png,person1581_bacteria_4135.jpeg,PNEUMONIA,bacteria,person1581,1,train,1024,592
PNEUMONIA__person1581_virus_2741.png,person1581_virus_2741.jpeg,PNEUMONIA,virus,person1581,1,train,1144,656
PNEUMONIA__person1582_bacteria_4136.png,person1582_bacteria_4136.jpeg,PNEUMONIA,bacteria,person1582,1,train,1304,1024
PNEUMONIA__person1582_bacteria_4137.png,person1582_bacteria_4137.jpeg,PNEUMONIA,bacteria,person1582,1,train,1248,1064
PNEUMONIA__person1582_bacteria_4140.png,person1582_bacteria_4140.jpeg,PNEUMONIA,bacteria,person1582,1,train,1144,736
PNEUMONIA__person1582_bacteria_4142.png,person1582_bacteria_4142.jpeg,PNEUMONIA,bacteria,person1582,1,train,1240,696
PNEUMONIA__person1582_bacteria_4143.png,person1582_bacteria_4143.jpeg,PNEUMONIA,bacteria,person1582,1,train,1352,864
PNEUMONIA__person1583_bacteria_4144.png,person1583_bacteria_4144.jpeg,PNEUMONIA,bacteria,person1583,1,val,1496,1024
PNEUMONIA__person1584_bacteria_4146.png,person1584_bacteria_4146.jpeg,PNEUMONIA,bacteria,person1584,1,train,1120,640
PNEUMONIA__person1584_bacteria_4148.png,person1584_bacteria_4148.jpeg,PNEUMONIA,bacteria,person1584,1,train,1064,656
PNEUMONIA__person1585_bacteria_4149.png,person1585_bacteria_4149.jpeg,PNEUMONIA,bacteria,person1585,1,val,1192,696
PNEUMONIA__person1585_bacteria_4151.png,person1585_bacteria_4151.jpeg,PNEUMONIA,bacteria,person1585,1,val,1336,808
PNEUMONIA__person1585_bacteria_4155.png,person1585_bacteria_4155.jpeg,PNEUMONIA,bacteria,person1585,1,val,1128,752
PNEUMONIA__person1588_virus_2762.png,person1588_virus_2762.jpeg,PNEUMONIA,virus,person1588,1,test,1376,832
PNEUMONIA__person1589_bacteria_4171.png,person1589_bacteria_4171.jpeg,PNEUMONIA,bacteria,person1589,1,val,1136,712
PNEUMONIA__person1589_bacteria_4172.png,person1589_bacteria_4172.jpeg,PNEUMONIA,bacteria,person1589,1,val,1032,840
PNEUMONIA__person1589_virus_2763.png,person1589_virus_2763.jpeg,PNEUMONIA,virus,person1589,1,val,1168,800
PNEUMONIA__person158_virus_312.png,person158_virus_312.jpeg,PNEUMONIA,virus,person158,1,train,1552,1176
PNEUMONIA__person1590_bacteria_4174.png,person1590_bacteria_4174.jpeg,PNEUMONIA,bacteria,person1590,1,val,1960,1992
PNEUMONIA__person1590_bacteria_4175.png,person1590_bacteria_4175.jpeg,PNEUMONIA,bacteria,person1590,1,val,2000,1896
PNEUMONIA__person1590_bacteria_4176.png,person1590_bacteria_4176.jpeg,PNEUMONIA,bacteria,person1590,1,val,1984,1840
PNEUMONIA__person1590_virus_2764.png,person1590_virus_2764.jpeg,PNEUMONIA,virus,person1590,1,val,1280,856
PNEUMONIA__person1591_bacteria_4177.png,person1591_bacteria_4177.jpeg,PNEUMONIA,bacteria,person1591,1,train,1160,664
PNEUMONIA__person1591_virus_2765.png,person1591_virus_2765.jpeg,PNEUMONIA,virus,person1591,1,train,1720,1240
PNEUMONIA__person1592_bacteria_4178.png,person1592_bacteria_4178.jpeg,PNEUMONIA,bacteria,person1592,1,train,952,736
PNEUMONIA__person1592_virus_2766.png,person1592_virus_2766.jpeg,PNEUMONIA,virus,person1592,1,train,1056,760
PNEUMONIA__person1593_virus_2767.png,person1593_virus_2767.jpeg,PNEUMONIA,virus,person1593,1,test,1176,760
PNEUMONIA__person1594_bacteria_4182.png,person1594_bacteria_4182.jpeg,PNEUMONIA,bacteria,person1594,1,train,1240,848
PNEUMONIA__person1594_virus_2768.png,person1594_virus_2768.jpeg,PNEUMONIA,virus,person1594,1,train,1272,776
PNEUMONIA__person1595_bacteria_4183.png,person1595_bacteria_4183.jpeg,PNEUMONIA,bacteria,person1595,1,train,1416,800
PNEUMONIA__person1595_virus_2771.png,person1595_virus_2771.jpeg,PNEUMONIA,virus,person1595,1,train,1336,832
PNEUMONIA__person1596_bacteria_4184.png,person1596_bacteria_4184.jpeg,PNEUMONIA,bacteria,person1596,1,train,1696,1224
PNEUMONIA__person1597_bacteria_4187.png,person1597_bacteria_4187.jpeg,PNEUMONIA,bacteria,person1597,1,train,1768,1488
PNEUMONIA__person1597_bacteria_4188.png,person1597_bacteria_4188.jpeg,PNEUMONIA,bacteria,person1597,1,train,1856,1536
PNEUMONIA__person1597_bacteria_4189.png,person1597_bacteria_4189.jpeg,PNEUMONIA,bacteria,person1597,1,train,1824,1776
PNEUMONIA__person1597_bacteria_4190.png,person1597_bacteria_4190.jpeg,PNEUMONIA,bacteria,person1597,1,train,1664,1456
PNEUMONIA__person1597_bacteria_4191.png,person1597_bacteria_4191.jpeg,PNEUMONIA,bacteria,person1597,1,train,1544,1336
PNEUMONIA__person1597_bacteria_4192.png,person1597_bacteria_4192.jpeg,PNEUMONIA,bacteria,person1597,1,train,1632,1144
PNEUMONIA__person1597_bacteria_4193.png,person1597_bacteria_4193.jpeg,PNEUMONIA,bacteria,person1597,1,train,1736,1368
PNEUMONIA__person1597_bacteria_4194.png,person1597_bacteria_4194.jpeg,PNEUMONIA,bacteria,person1597,1,train,1768,1560
PNEUMONIA__person1598_bacteria_4195.png,person1598_bacteria_4195.jpeg,PNEUMONIA,bacteria,person1598,1,train,1288,824
PNEUMONIA__person1598_bacteria_4197.png,person1598_bacteria_4197.jpeg,PNEUMONIA,bacteria,person1598,1,train,1264,920
PNEUMONIA__person1598_bacteria_4198.png,person1598_bacteria_4198.jpeg,PNEUMONIA,bacteria,person1598,1,train,1208,808
PNEUMONIA__person1599_bacteria_4200.png,person1599_bacteria_4200.jpeg,PNEUMONIA,bacteria,person1599,1,train,1624,864
PNEUMONIA__person1599_bacteria_4201.png,person1599_bacteria_4201.jpeg,PNEUMONIA,bacteria,person1599,1,train,1520,1152
PNEUMONIA__person1599_virus_2775.png,person1599_virus_2775.jpeg,PNEUMONIA,virus,person1599,1,train,1136,888
PNEUMONIA__person1599_virus_2776.png,person1599_virus_2776.jpeg,PNEUMONIA,virus,person1599,1,train,1112,832
PNEUMONIA__person15_bacteria_52.png,person15_bacteria_52.jpeg,PNEUMONIA,bacteria,person15,1,train,1280,751
PNEUMONIA__person1600_bacteria_4202.png,person1600_bacteria_4202.jpeg,PNEUMONIA,bacteria,person1600,1,train,1848,1488
PNEUMONIA__person1600_virus_2777.png,person1600_virus_2777.jpeg,PNEUMONIA,virus,person1600,1,train,1296,832
PNEUMONIA__person1601_bacteria_4209.png,person1601_bacteria_4209.jpeg,PNEUMONIA,bacteria,person1601,1,val,1256,840
PNEUMONIA__person1601_bacteria_4212.png,person1601_bacteria_4212.jpeg,PNEUMONIA,bacteria,person1601,1,val,1400,880
PNEUMONIA__person1602_bacteria_4218.png,person1602_bacteria_4218.jpeg,PNEUMONIA,bacteria,person1602,1,train,1568,992
PNEUMONIA__person1602_virus_2780.png,person1602_virus_2780.jpeg,PNEUMONIA,virus,person1602,1,train,1216,880
PNEUMONIA__person1603_virus_2781.png,person1603_virus_2781.jpeg,PNEUMONIA,virus,person1603,1,train,1616,1232
PNEUMONIA__person1604_virus_2782.png,person1604_virus_2782.jpeg,PNEUMONIA,virus,person1604,1,test,1016,656
PNEUMONIA__person1605_bacteria_4226.png,person1605_bacteria_4226.jpeg,PNEUMONIA,bacteria,person1605,1,train,1136,888
PNEUMONIA__person1607_bacteria_4232.png,person1607_bacteria_4232.jpeg,PNEUMONIA,bacteria,person1607,1,train,1064,624
PNEUMONIA__person1607_virus_2785.png,person1607_virus_2785.jpeg,PNEUMONIA,virus,person1607,1,train,1056,568
PNEUMONIA__person1608_bacteria_4235.png,person1608_bacteria_4235.jpeg,PNEUMONIA,bacteria,person1608,1,train,1168,640
PNEUMONIA__person1609_bacteria_4236.png,person1609_bacteria_4236.jpeg,PNEUMONIA,bacteria,person1609,1,train,1312,824
PNEUMONIA__person1609_bacteria_4237.png,person1609_bacteria_4237.jpeg,PNEUMONIA,bacteria,person1609,1,train,1560,1160
PNEUMONIA__person1609_bacteria_4239.png,person1609_bacteria_4239.jpeg,PNEUMONIA,bacteria,person1609,1,train,1480,1008
PNEUMONIA__person1609_virus_2790.png,person1609_virus_2790.jpeg,PNEUMONIA,virus,person1609,1,train,1416,824
PNEUMONIA__person1609_virus_2791.png,person1609_virus_2791.jpeg,PNEUMONIA,virus,person1609,1,train,1408,976
PNEUMONIA__person160_virus_316.png,person160_virus_316.jpeg,PNEUMONIA,virus,person160,1,val,1536,1120
PNEUMONIA__person1610_bacteria_4240.png,person1610_bacteria_4240.jpeg,PNEUMONIA,bacteria,person1610,1,train,1112,736
PNEUMONIA__person1611_bacteria_4241.png,person1611_bacteria_4241.jpeg,PNEUMONIA,bacteria,person1611,1,test,1144,632
PNEUMONIA__person1613_bacteria_4247.png,person1613_bacteria_4247.jpeg,PNEUMONIA,bacteria,person1613,1,val,1376,800
PNEUMONIA__person1614_bacteria_4248.png,person1614_bacteria_4248.jpeg,PNEUMONIA,bacteria,person1614,1,train,1392,824
PNEUMONIA__person1615_bacteria_4249.png,person1615_bacteria_4249.jpeg,PNEUMONIA,bacteria,person1615,1,train,1224,1072
PNEUMONIA__person1616_bacteria_4251.png,person1616_bacteria_4251.jpeg,PNEUMONIA,bacteria,person1616,1,train,1008,696
PNEUMONIA__person1617_bacteria_4254.png,person1617_bacteria_4254.jpeg,PNEUMONIA,bacteria,person1617,1,test,816,456
PNEUMONIA__person1617_bacteria_4255.png,person1617_bacteria_4255.jpeg,PNEUMONIA,bacteria,person1617,1,test,944,440
PNEUMONIA__person1617_bacteria_4256.png,person1617_bacteria_4256.jpeg,PNEUMONIA,bacteria,person1617,1,test,864,528
PNEUMONIA__person1618_bacteria_4258.png,person1618_bacteria_4258.jpeg,PNEUMONIA,bacteria,person1618,1,train,1248,760
PNEUMONIA__person1619_bacteria_4261.png,person1619_bacteria_4261.jpeg,PNEUMONIA,bacteria,person1619,1,val,1400,1040
PNEUMONIA__person1619_bacteria_4262.png,person1619_bacteria_4262.jpeg,PNEUMONIA,bacteria,person1619,1,val,1424,904
PNEUMONIA__person1619_bacteria_4266.png,person1619_bacteria_4266.jpeg,PNEUMONIA,bacteria,person1619,1,val,1352,968
PNEUMONIA__person1619_bacteria_4267.png,person1619_bacteria_4267.jpeg,PNEUMONIA,bacteria,person1619,1,val,1512,1272
PNEUMONIA__person1619_bacteria_4268.png,person1619_bacteria_4268.jpeg,PNEUMONIA,bacteria,person1619,1,val,1512,1272
PNEUMONIA__person1619_bacteria_4269.png,person1619_bacteria_4269.jpeg,PNEUMONIA,bacteria,person1619,1,val,1392,888
PNEUMONIA__person1619_bacteria_4270.png,person1619_bacteria_4270.jpeg,PNEUMONIA,bacteria,person1619,1,val,1352,880
PNEUMONIA__person1619_bacteria_4271.png,person1619_bacteria_4271.jpeg,PNEUMONIA,bacteria,person1619,1,val,1504,912
PNEUMONIA__person161_virus_317.png,person161_virus_317.jpeg,PNEUMONIA,virus,person161,1,train,1264,904
PNEUMONIA__person1620_bacteria_4272.png,person1620_bacteria_4272.jpeg,PNEUMONIA,bacteria,person1620,1,train,1224,656
PNEUMONIA__person1625_bacteria_4290.png,person1625_bacteria_4290.jpeg,PNEUMONIA,bacteria,person1625,1,test,1040,824
PNEUMONIA__person1626_bacteria_4291.png,person1626_bacteria_4291.jpeg,PNEUMONIA,bacteria,person1626,1,train,896,648
PNEUMONIA__person1628_bacteria_4293.png,person1628_bacteria_4293.jpeg,PNEUMONIA,bacteria,person1628,1,train,1144,896
PNEUMONIA__person1628_bacteria_4294.png,person1628_bacteria_4294.jpeg,PNEUMONIA,bacteria,person1628,1,train,1328,1000
PNEUMONIA__person1628_bacteria_4295.png,person1628_bacteria_4295.jpeg,PNEUMONIA,bacteria,person1628,1,train,1240,744
PNEUMONIA__person1628_bacteria_4296.png,person1628_bacteria_4296.jpeg,PNEUMONIA,bacteria,person1628,1,train,1280,848
PNEUMONIA__person1628_bacteria_4297.png,person1628_bacteria_4297.jpeg,PNEUMONIA,bacteria,person1628,1,train,1304,968
PNEUMONIA__person1628_bacteria_4298.png,person1628_bacteria_4298.jpeg,PNEUMONIA,bacteria,person1628,1,train,1304,968
PNEUMONIA__person1629_bacteria_4299.png,person1629_bacteria_4299.jpeg,PNEUMONIA,bacteria,person1629,1,train,1792,1216
PNEUMONIA__person162_virus_319.png,person162_virus_319.jpeg,PNEUMONIA,virus,person162,1,test,1576,1112
PNEUMONIA__person162_virus_320.png,person162_virus_320.jpeg,PNEUMONIA,virus,person162,1,test,1720,1128
PNEUMONIA__person162_virus_321.png,person162_virus_321.jpeg,PNEUMONIA,virus,person162,1,test,1424,1224
PNEUMONIA__person162_virus_322.png,person162_virus_322.jpeg,PNEUMONIA,virus,person162,1,test,1424,1224
PNEUMONIA__person1630_bacteria_4303.png,person1630_bacteria_4303.jpeg,PNEUMONIA,bacteria,person1630,1,train,1552,1096
PNEUMONIA__person1630_bacteria_4304.png,person1630_bacteria_4304.jpeg,PNEUMONIA,bacteria,person1630,1,train,1792,1232
PNEUMONIA__person1634_bacteria_4326.png,person1634_bacteria_4326.jpeg,PNEUMONIA,bacteria,person1634,1,train,1648,1096
PNEUMONIA__person1634_bacteria_4331.png,person1634_bacteria_4331.jpeg,PNEUMONIA,bacteria,person1634,1,train,1720,1112
PNEUMONIA__person1634_bacteria_4334.png,person1634_bacteria_4334.jpeg,PNEUMONIA,bacteria,person1634,1,train,1824,976
PNEUMONIA__person1635_bacteria_4335.png,person1635_bacteria_4335.jpeg,PNEUMONIA,bacteria,person1635,1,train,1224,848
PNEUMONIA__person1636_bacteria_4337.png,person1636_bacteria_4337.jpeg,PNEUMONIA,bacteria,person1636,1,train,1608,1024
PNEUMONIA__person1636_bacteria_4338.png,person1636_bacteria_4338.jpeg,PNEUMONIA,bacteria,person1636,1,train,1624,864
PNEUMONIA__person1637_bacteria_4339.png,person1637_bacteria_4339.jpeg,PNEUMONIA,bacteria,person1637,1,val,1936,1536
PNEUMONIA__person1638_bacteria_4340.png,person1638_bacteria_4340.jpeg,PNEUMONIA,bacteria,person1638,1,train,1976,1496
PNEUMONIA__person1638_bacteria_4341.png,person1638_bacteria_4341.jpeg,PNEUMONIA,bacteria,person1638,1,train,1736,1328
PNEUMONIA__person1638_bacteria_4342.png,person1638_bacteria_4342.jpeg,PNEUMONIA,bacteria,person1638,1,train,1656,1088
PNEUMONIA__person1639_bacteria_4343.png,person1639_bacteria_4343.jpeg,PNEUMONIA,bacteria,person1639,1,train,832,583
PNEUMONIA__person1639_bacteria_4344.png,person1639_bacteria_4344.jpeg,PNEUMONIA,bacteria,person1639,1,train,1248,688
PNEUMONIA__person1639_bacteria_4345.png,person1639_bacteria_4345.jpeg,PNEUMONIA,bacteria,person1639,1,train,781,476
PNEUMONIA__person1639_bacteria_4347.png,person1639_bacteria_4347.jpeg,PNEUMONIA,bacteria,person1639,1,train,809,476
PNEUMONIA__person1640_bacteria_4348.png,person1640_bacteria_4348.jpeg,PNEUMONIA,bacteria,person1640,1,train,855,507
PNEUMONIA__person1641_bacteria_4350.png,person1641_bacteria_4350.jpeg,PNEUMONIA,bacteria,person1641,1,val,1072,648
PNEUMONIA__person1642_bacteria_4352.png,person1642_bacteria_4352.jpeg,PNEUMONIA,bacteria,person1642,1,train,724,286
PNEUMONIA__person1642_bacteria_4353.png,person1642_bacteria_4353.jpeg,PNEUMONIA,bacteria,person1642,1,train,698,413
PNEUMONIA__person1643_bacteria_4354.png,person1643_bacteria_4354.jpeg,PNEUMONIA,bacteria,person1643,1,train,1088,664
PNEUMONIA__person1644_bacteria_4356.png,person1644_bacteria_4356.jpeg,PNEUMONIA,bacteria,person1644,1,test,741,421
PNEUMONIA__person1644_bacteria_4357.png,person1644_bacteria_4357.jpeg,PNEUMONIA,bacteria,person1644,1,test,645,329
PNEUMONIA__person1644_bacteria_4358.png,person1644_bacteria_4358.jpeg,PNEUMONIA,bacteria,person1644,1,test,1040,536
PNEUMONIA__person1644_bacteria_4360.png,person1644_bacteria_4360.jpeg,PNEUMONIA,bacteria,person1644,1,test,718,401
PNEUMONIA__person1644_bacteria_4361.png,person1644_bacteria_4361.jpeg,PNEUMONIA,bacteria,person1644,1,test,720,325
PNEUMONIA__person1644_bacteria_4362.png,person1644_bacteria_4362.jpeg,PNEUMONIA,bacteria,person1644,1,test,1048,680
PNEUMONIA__person1645_bacteria_4363.png,person1645_bacteria_4363.jpeg,PNEUMONIA,bacteria,person1645,1,train,1152,664
PNEUMONIA__person1646_bacteria_4368.png,person1646_bacteria_4368.jpeg,PNEUMONIA,bacteria,person1646,1,train,976,712
PNEUMONIA__person1647_bacteria_4372.png,person1647_bacteria_4372.jpeg,PNEUMONIA,bacteria,person1647,1,train,936,776
PNEUMONIA__person1648_bacteria_4373.png,person1648_bacteria_4373.jpeg,PNEUMONIA,bacteria,person1648,1,train,1056,720
PNEUMONIA__person1648_bacteria_4375.png,person1648_bacteria_4375.jpeg,PNEUMONIA,bacteria,person1648,1,train,1144,656
PNEUMONIA__person1648_bacteria_4376.png,person1648_bacteria_4376.jpeg,PNEUMONIA,bacteria,person1648,1,train,1144,824
PNEUMONIA__person1649_bacteria_4377.png,person1649_bacteria_4377.jpeg,PNEUMONIA,bacteria,person1649,1,val,1040,728
PNEUMONIA__person1649_bacteria_4378.png,person1649_bacteria_4378.jpeg,PNEUMONIA,bacteria,person1649,1,val,1032,888
PNEUMONIA__person1649_bacteria_4379.png,person1649_bacteria_4379.jpeg,PNEUMONIA,bacteria,person1649,1,val,1152,832
PNEUMONIA__person1651_bacteria_4381.png,person1651_bacteria_4381.jpeg,PNEUMONIA,bacteria,person1651,1,train,1176,816
PNEUMONIA__person1652_bacteria_4383.png,person1652_bacteria_4383.jpeg,PNEUMONIA,bacteria,person1652,1,train,1232,624
PNEUMONIA__person1657_bacteria_4398.png,person1657_bacteria_4398.jpeg,PNEUMONIA,bacteria,person1657,1,train,1552,1120
PNEUMONIA__person1657_bacteria_4399.png,person1657_bacteria_4399.jpeg,PNEUMONIA,bacteria,person1657,1,train,1456,1160
PNEUMONIA__person1657_bacteria_4400.png,person1657_bacteria_4400.jpeg,PNEUMONIA,bacteria,person1657,1,train,1504,1200
PNEUMONIA__person1658_bacteria_4402.png,person1658_bacteria_4402.jpeg,PNEUMONIA,bacteria,person1658,1,test,1680,1168
PNEUMONIA__person1660_bacteria_4404.png,person1660_bacteria_4404.jpeg,PNEUMONIA,bacteria,person1660,1,train,1032,552
PNEUMONIA__person1661_bacteria_4406.png,person1661_bacteria_4406.jpeg,PNEUMONIA,bacteria,person1661,1,train,607,347
PNEUMONIA__person1663_bacteria_4411.png,person1663_bacteria_4411.jpeg,PNEUMONIA,bacteria,person1663,1,train,1416,864
PNEUMONIA__person1663_bacteria_4412.png,person1663_bacteria_4412.jpeg,PNEUMONIA,bacteria,person1663,1,train,1272,952
PNEUMONIA__person1665_bacteria_4415.png,person1665_bacteria_4415.jpeg,PNEUMONIA,bacteria,person1665,1,train,1160,784
PNEUMONIA__person1666_bacteria_4416.png,person1666_bacteria_4416.jpeg,PNEUMONIA,bacteria,person1666,1,train,1824,1040
PNEUMONIA__person1667_bacteria_4417.png,person1667_bacteria_4417.jpeg,PNEUMONIA,bacteria,person1667,1,train,1024,648
PNEUMONIA__person1667_bacteria_4418.png,person1667_bacteria_4418.jpeg,PNEUMONIA,bacteria,person1667,1,train,1144,752
PNEUMONIA__person1668_bacteria_4420.png,person1668_bacteria_4420.jpeg,PNEUMONIA,bacteria,person1668,1,val,571,310
PNEUMONIA__person1668_bacteria_4421.png,person1668_bacteria_4421.jpeg,PNEUMONIA,bacteria,person1668,1,val,469,270
PNEUMONIA__person1669_bacteria_4422.png,person1669_bacteria_4422.jpeg,PNEUMONIA,bacteria,person1669,1,test,482,163
PNEUMONIA__person1669_bacteria_4423.png,person1669_bacteria_4423.jpeg,PNEUMONIA,bacteria,person1669,1,test,920,696
PNEUMONIA__person1669_bacteria_4424.png,person1669_bacteria_4424.jpeg,PNEUMONIA,bacteria,person1669,1,test,1032,680
PNEUMONIA__person1670_bacteria_4425.png,person1670_bacteria_4425.jpeg,PNEUMONIA,bacteria,person1670,1,train,1328,928
PNEUMONIA__person1670_bacteria_4426.png,person1670_bacteria_4426.jpeg,PNEUMONIA,bacteria,person1670,1,train,444,262
PNEUMONIA__person1670_bacteria_4427.png,person1670_bacteria_4427.jpeg,PNEUMONIA,bacteria,person1670,1,train,1488,1088
PNEUMONIA__person1670_bacteria_4428.png,person1670_bacteria_4428.jpeg,PNEUMONIA,bacteria,person1670,1,train,1352,816
PNEUMONIA__person1670_bacteria_4429.png,person1670_bacteria_4429.jpeg,PNEUMONIA,bacteria,person1670,1,train,1288,976
PNEUMONIA__person1670_bacteria_4430.png,person1670_bacteria_4430.jpeg,PNEUMONIA,bacteria,person1670,1,train,1464,1104
PNEUMONIA__person1670_bacteria_4431.png,person1670_bacteria_4431.jpeg,PNEUMONIA,bacteria,person1670,1,train,1568,832
PNEUMONIA__person1671_bacteria_4432.png,person1671_bacteria_4432.jpeg,PNEUMONIA,bacteria,person1671,1,train,1528,1024
PNEUMONIA__person1673_bacteria_4434.png,person1673_bacteria_4434.jpeg,PNEUMONIA,bacteria,person1673,1,train,896,624
PNEUMONIA__person1674_bacteria_4437.png,person1674_bacteria_4437.jpeg,PNEUMONIA,bacteria,person1674,1,val,1160,936
PNEUMONIA__person1676_bacteria_4441.png,person1676_bacteria_4441.jpeg,PNEUMONIA,bacteria,person1676,1,train,407,178
PNEUMONIA__person1677_bacteria_4443.png,person1677_bacteria_4443.jpeg,PNEUMONIA,bacteria,person1677,1,val,499,261
PNEUMONIA__person1677_bacteria_4444.png,person1677_bacteria_4444.jpeg,PNEUMONIA,bacteria,person1677,1,val,500,198
PNEUMONIA__person1678_bacteria_4446.png,person1678_bacteria_4446.jpeg,PNEUMONIA,bacteria,person1678,1,train,1144,928
PNEUMONIA__person1679_bacteria_4448.png,person1679_bacteria_4448.jpeg,PNEUMONIA,bacteria,person1679,1,train,480,167
PNEUMONIA__person1679_bacteria_4449.png,person1679_bacteria_4449.jpeg,PNEUMONIA,bacteria,person1679,1,train,438,168
PNEUMONIA__person1679_bacteria_4450.png,person1679_bacteria_4450.jpeg,PNEUMONIA,bacteria,person1679,1,train,549,229
PNEUMONIA__person1679_bacteria_4452.png,person1679_bacteria_4452.jpeg,PNEUMONIA,bacteria,person1679,1,train,1080,672
PNEUMONIA__person1679_bacteria_4453.png,person1679_bacteria_4453.jpeg,PNEUMONIA,bacteria,person1679,1,train,1160,632
PNEUMONIA__person1680_bacteria_4455.png,person1680_bacteria_4455.jpeg,PNEUMONIA,bacteria,person1680,1,train,984,544
PNEUMONIA__person1682_bacteria_4459.png,person1682_bacteria_4459.jpeg,PNEUMONIA,bacteria,person1682,1,test,1120,744
PNEUMONIA__person1683_bacteria_4460.png,person1683_bacteria_4460.jpeg,PNEUMONIA,bacteria,person1683,1,train,2072,1440
PNEUMONIA__person1684_bacteria_4461.png,person1684_bacteria_4461.jpeg,PNEUMONIA,bacteria,person1684,1,train,499,188
PNEUMONIA__person1684_bacteria_4462.png,person1684_bacteria_4462.jpeg,PNEUMONIA,bacteria,person1684,1,train,494,151
PNEUMONIA__person1684_bacteria_4463.png,person1684_bacteria_4463.jpeg,PNEUMONIA,bacteria,person1684,1,train,984,568
PNEUMONIA__person1685_bacteria_4465.png,person1685_bacteria_4465.jpeg,PNEUMONIA,bacteria,person1685,1,test,1248,744
PNEUMONIA__person1686_bacteria_4466.png,person1686_bacteria_4466.jpeg,PNEUMONIA,bacteria,person1686,1,train,503,260
PNEUMONIA__person1687_bacteria_4468.png,person1687_bacteria_4468.jpeg,PNEUMONIA,bacteria,person1687,1,val,1096,784
PNEUMONIA__person1689_bacteria_4472.png,person1689_bacteria_4472.jpeg,PNEUMONIA,bacteria,person1689,1,train,1024,632
PNEUMONIA__person1689_bacteria_4473.png,person1689_bacteria_4473.jpeg,PNEUMONIA,bacteria,person1689,1,train,567,258
PNEUMONIA__person1689_bacteria_4474.png,person1689_bacteria_4474.jpeg,PNEUMONIA,bacteria,person1689,1,train,437,144
PNEUMONIA__person1690_bacteria_4475.png,person1690_bacteria_4475.jpeg,PNEUMONIA,bacteria,person1690,1,train,1664,1472
PNEUMONIA__person1691_bacteria_4479.png,person1691_bacteria_4479.jpeg,PNEUMONIA,bacteria,person1691,1,test,1336,816
PNEUMONIA__person1691_bacteria_4481.png,person1691_bacteria_4481.jpeg,PNEUMONIA,bacteria,person1691,1,test,1320,1016
PNEUMONIA__person1693_bacteria_4485.png,person1693_bacteria_4485.jpeg,PNEUMONIA,bacteria,person1693,1,train,399,164
PNEUMONIA__person1695_bacteria_4492.png,person1695_bacteria_4492.jpeg,PNEUMONIA,bacteria,person1695,1,train,824,640
PNEUMONIA__person1696_bacteria_4495.png,person1696_bacteria_4495.jpeg,PNEUMONIA,bacteria,person1696,1,train,1072,648
PNEUMONIA__person1697_bacteria_4496.png,person1697_bacteria_4496.jpeg,PNEUMONIA,bacteria,person1697,1,train,1320,688
PNEUMONIA__person1698_bacteria_4497.png,person1698_bacteria_4497.jpeg,PNEUMONIA,bacteria,person1698,1,train,1152,696
PNEUMONIA__person1699_bacteria_4498.png,person1699_bacteria_4498.jpeg,PNEUMONIA,bacteria,person1699,1,train,1384,808
PNEUMONIA__person16_bacteria_53.png,person16_bacteria_53.jpeg,PNEUMONIA,bacteria,person16,1,train,1470,1033
PNEUMONIA__person16_bacteria_54.png,person16_bacteria_54.jpeg,PNEUMONIA,bacteria,person16,1,train,1460,924
PNEUMONIA__person16_bacteria_55.png,person16_bacteria_55.jpeg,PNEUMONIA,bacteria,person16,1,train,1488,936
PNEUMONIA__person1700_bacteria_4500.png,person1700_bacteria_4500.jpeg,PNEUMONIA,bacteria,person1700,1,test,1168,864
PNEUMONIA__person1700_bacteria_4502.png,person1700_bacteria_4502.jpeg,PNEUMONIA,bacteria,person1700,1,test,550,276
PNEUMONIA__person1701_bacteria_4504.png,person1701_bacteria_4504.jpeg,PNEUMONIA,bacteria,person1701,1,train,1408,864
PNEUMONIA__person1702_bacteria_4506.png,person1702_bacteria_4506.jpeg,PNEUMONIA,bacteria,person1702,1,train,438,179
PNEUMONIA__person1702_bacteria_4508.png,person1702_bacteria_4508.jpeg,PNEUMONIA,bacteria,person1702,1,train,1048,816
PNEUMONIA__person1702_bacteria_4509.png,person1702_bacteria_4509.jpeg,PNEUMONIA,bacteria,person1702,1,train,1064,648
PNEUMONIA__person1702_bacteria_4510.png,person1702_bacteria_4510.jpeg,PNEUMONIA,bacteria,person1702,1,train,968,656
PNEUMONIA__person1702_bacteria_4511.png,person1702_bacteria_4511.jpeg,PNEUMONIA,bacteria,person1702,1,train,1064,776
PNEUMONIA__person1705_bacteria_4515.png,person1705_bacteria_4515.jpeg,PNEUMONIA,bacteria,person1705,1,train,446,232
PNEUMONIA__person1706_bacteria_4516.png,person1706_bacteria_4516.jpeg,PNEUMONIA,bacteria,person1706,1,val,461,175
PNEUMONIA__person1707_bacteria_4520.png,person1707_bacteria_4520.jpeg,PNEUMONIA,bacteria,person1707,1,val,514,269
PNEUMONIA__person1708_bacteria_4521.png,person1708_bacteria_4521.jpeg,PNEUMONIA,bacteria,person1708,1,test,1616,1328
PNEUMONIA__person1709_bacteria_4522.png,person1709_bacteria_4522.jpeg,PNEUMONIA,bacteria,person1709,1,train,1288,848
PNEUMONIA__person1709_bacteria_4523.png,person1709_bacteria_4523.jpeg,PNEUMONIA,bacteria,person1709,1,train,441,255
PNEUMONIA__person1709_bacteria_4524.png,person1709_bacteria_4524.jpeg,PNEUMONIA,bacteria,person1709,1,train,1168,1016
PNEUMONIA__person1710_bacteria_4525.png,person1710_bacteria_4525.jpeg,PNEUMONIA,bacteria,person1710,1,train,968,584
PNEUMONIA__person1710_bacteria_4526.png,person1710_bacteria_4526.jpeg,PNEUMONIA,bacteria,person1710,1,train,450,230
PNEUMONIA__person1711_bacteria_4527.png,person1711_bacteria_4527.jpeg,PNEUMONIA,bacteria,person1711,1,train,1168,784
PNEUMONIA__person1712_bacteria_4529.png,person1712_bacteria_4529.jpeg,PNEUMONIA,bacteria,person1712,1,train,1328,1064
PNEUMONIA__person1713_bacteria_4530.png,person1713_bacteria_4530.jpeg,PNEUMONIA,bacteria,person1713,1,train,1104,744
PNEUMONIA__person1715_bacteria_4532.png,person1715_bacteria_4532.jpeg,PNEUMONIA,bacteria,person1715,1,val,1216,984
PNEUMONIA__person1716_bacteria_4533.png,person1716_bacteria_4533.jpeg,PNEUMONIA,bacteria,person1716,1,train,564,194
PNEUMONIA__person1717_bacteria_4534.png,person1717_bacteria_4534.jpeg,PNEUMONIA,bacteria,person1717,1,val,1184,816
PNEUMONIA__person1717_bacteria_4536.png,person1717_bacteria_4536.jpeg,PNEUMONIA,bacteria,person1717,1,val,1352,680
PNEUMONIA__person1718_bacteria_4538.png,person1718_bacteria_4538.jpeg,PNEUMONIA,bacteria,person1718,1,test,1664,1248
PNEUMONIA__person1718_bacteria_4540.png,person1718_bacteria_4540.jpeg,PNEUMONIA,bacteria,person1718,1,test,1800,1256
PNEUMONIA__person1719_bacteria_4541.png,person1719_bacteria_4541.jpeg,PNEUMONIA,bacteria,person1719,1,train,557,177
PNEUMONIA__person1719_bacteria_4542.png,person1719_bacteria_4542.jpeg,PNEUMONIA,bacteria,person1719,1,train,481,234
PNEUMONIA__person1719_bacteria_4544.png,person1719_bacteria_4544.jpeg,PNEUMONIA,bacteria,person1719,1,train,462,200
PNEUMONIA__person1720_bacteria_4545.png,person1720_bacteria_4545.jpeg,PNEUMONIA,bacteria,person1720,1,test,1152,648
PNEUMONIA__person1721_bacteria_4546.png,person1721_bacteria_4546.jpeg,PNEUMONIA,bacteria,person1721,1,train,1160,816
PNEUMONIA__person1722_bacteria_4547.png,person1722_bacteria_4547.jpeg,PNEUMONIA,bacteria,person1722,1,val,415,354
PNEUMONIA__person1723_bacteria_4548.png,person1723_bacteria_4548.jpeg,PNEUMONIA,bacteria,person1723,1,train,457,295
PNEUMONIA__person1724_bacteria_4549.png,person1724_bacteria_4549.jpeg,PNEUMONIA,bacteria,person1724,1,train,1160,736
PNEUMONIA__person1725_bacteria_4550.png,person1725_bacteria_4550.jpeg,PNEUMONIA,bacteria,person1725,1,train,514,275
PNEUMONIA__person1725_bacteria_4551.png,person1725_bacteria_4551.jpeg,PNEUMONIA,bacteria,person1725,1,train,450,250
PNEUMONIA__person1726_bacteria_4552.png,person1726_bacteria_4552.jpeg,PNEUMONIA,bacteria,person1726,1,train,1136,792
PNEUMONIA__person1728_bacteria_4555.png,person1728_bacteria_4555.jpeg,PNEUMONIA,bacteria,person1728,1,train,486,186
PNEUMONIA__person1728_bacteria_4556.png,person1728_bacteria_4556.jpeg,PNEUMONIA,bacteria,person1728,1,train,455,178
PNEUMONIA__person1729_bacteria_4557.png,person1729_bacteria_4557.jpeg,PNEUMONIA,bacteria,person1729,1,val,1168,728
PNEUMONIA__person1730_bacteria_4558.png,person1730_bacteria_4558.jpeg,PNEUMONIA,bacteria,person1730,1,train,872,560
PNEUMONIA__person1730_bacteria_4559.png,person1730_bacteria_4559.jpeg,PNEUMONIA,bacteria,person1730,1,train,808,552
PNEUMONIA__person1731_bacteria_4563.png,person1731_bacteria_4563.jpeg,PNEUMONIA,bacteria,person1731,1,train,1184,704
PNEUMONIA__person1732_bacteria_4564.png,person1732_bacteria_4564.jpeg,PNEUMONIA,bacteria,person1732,1,train,492,156
PNEUMONIA__person1733_bacteria_4566.png,person1733_bacteria_4566.jpeg,PNEUMONIA,bacteria,person1733,1,train,912,456
PNEUMONIA__person1735_bacteria_4570.png,person1735_bacteria_4570.jpeg,PNEUMONIA,bacteria,person1735,1,train,1656,1048
PNEUMONIA__person1737_bacteria_4573.png,person1737_bacteria_4573.jpeg,PNEUMONIA,bacteria,person1737,1,test,2072,1768
PNEUMONIA__person1739_bacteria_4576.png,person1739_bacteria_4576.jpeg,PNEUMONIA,bacteria,person1739,1,train,1016,672
PNEUMONIA__person1740_bacteria_4579.png,person1740_bacteria_4579.jpeg,PNEUMONIA,bacteria,person1740,1,train,1720,1328
PNEUMONIA__person1744_bacteria_4583.png,person1744_bacteria_4583.jpeg,PNEUMONIA,bacteria,person1744,1,train,1416,1208
PNEUMONIA__person1745_bacteria_4584.png,person1745_bacteria_4584.jpeg,PNEUMONIA,bacteria,person1745,1,val,1792,1280
PNEUMONIA__person1746_bacteria_4585.png,person1746_bacteria_4585.jpeg,PNEUMONIA,bacteria,person1746,1,train,2072,1440
PNEUMONIA__person1748_bacteria_4588.png,person1748_bacteria_4588.jpeg,PNEUMONIA,bacteria,person1748,1,train,1904,1744
PNEUMONIA__person1749_bacteria_4590.png,person1749_bacteria_4590.jpeg,PNEUMONIA,bacteria,person1749,1,test,493,289
PNEUMONIA__person1751_bacteria_4592.png,person1751_bacteria_4592.jpeg,PNEUMONIA,bacteria,person1751,1,train,462,241
PNEUMONIA__person1753_bacteria_4594.png,person1753_bacteria_4594.jpeg,PNEUMONIA,bacteria,person1753,1,train,1480,680
PNEUMONIA__person1756_bacteria_4598.png,person1756_bacteria_4598.jpeg,PNEUMONIA,bacteria,person1756,1,train,1424,1128
PNEUMONIA__person1757_bacteria_4599.png,person1757_bacteria_4599.jpeg,PNEUMONIA,bacteria,person1757,1,train,920,664
PNEUMONIA__person1758_bacteria_4600.png,person1758_bacteria_4600.jpeg,PNEUMONIA,bacteria,person1758,1,train,1728,1392
PNEUMONIA__person1760_bacteria_4602.png,person1760_bacteria_4602.jpeg,PNEUMONIA,bacteria,person1760,1,test,952,632
PNEUMONIA__person1761_bacteria_4603.png,person1761_bacteria_4603.jpeg,PNEUMONIA,bacteria,person1761,1,train,467,217
PNEUMONIA__person1763_bacteria_4606.png,person1763_bacteria_4606.jpeg,PNEUMONIA,bacteria,person1763,1,val,483,178
PNEUMONIA__person1764_bacteria_4607.png,person1764_bacteria_4607.jpeg,PNEUMONIA,bacteria,person1764,1,train,1120,632
PNEUMONIA__person1765_bacteria_4608.png,person1765_bacteria_4608.jpeg,PNEUMONIA,bacteria,person1765,1,train,1256,856
PNEUMONIA__person1770_bacteria_4613.png,person1770_bacteria_4613.jpeg,PNEUMONIA,bacteria,person1770,1,test,984,608
PNEUMONIA__person1770_bacteria_4614.png,person1770_bacteria_4614.jpeg,PNEUMONIA,bacteria,person1770,1,test,485,229
PNEUMONIA__person1771_bacteria_4615.png,person1771_bacteria_4615.jpeg,PNEUMONIA,bacteria,person1771,1,train,1760,1352
PNEUMONIA__person1777_bacteria_4622.png,person1777_bacteria_4622.jpeg,PNEUMONIA,bacteria,person1777,1,train,952,584
PNEUMONIA__person1779_bacteria_4626.png,person1779_bacteria_4626.jpeg,PNEUMONIA,bacteria,person1779,1,train,984,544
PNEUMONIA__person1784_bacteria_4631.png,person1784_bacteria_4631.jpeg,PNEUMONIA,bacteria,person1784,1,test,888,632
PNEUMONIA__person1787_bacteria_4634.png,person1787_bacteria_4634.jpeg,PNEUMONIA,bacteria,person1787,1,train,984,520
PNEUMONIA__person1790_bacteria_4638.png,person1790_bacteria_4638.jpeg,PNEUMONIA,bacteria,person1790,1,train,1016,624
PNEUMONIA__person1796_bacteria_4644.png,person1796_bacteria_4644.jpeg,PNEUMONIA,bacteria,person1796,1,val,1080,712
PNEUMONIA__person1799_bacteria_4647.png,person1799_bacteria_4647.jpeg,PNEUMONIA,bacteria,person1799,1,train,1192,520
PNEUMONIA__person17_bacteria_56.png,person17_bacteria_56.jpeg,PNEUMONIA,bacteria,person17,1,val,1256,932
PNEUMONIA__person1803_bacteria_4651.png,person1803_bacteria_4651.jpeg,PNEUMONIA,bacteria,person1803,1,train,1056,672
PNEUMONIA__person1803_bacteria_4652.png,person1803_bacteria_4652.jpeg,PNEUMONIA,bacteria,person1803,1,train,976,672
PNEUMONIA__person1810_bacteria_4664.png,person1810_bacteria_4664.jpeg,PNEUMONIA,bacteria,person1810,1,train,944,672
PNEUMONIA__person1812_bacteria_4667.png,person1812_bacteria_4667.jpeg,PNEUMONIA,bacteria,person1812,1,test,976,560
PNEUMONIA__person1814_bacteria_4669.png,person1814_bacteria_4669.jpeg,PNEUMONIA,bacteria,person1814,1,train,912,576
PNEUMONIA__person1816_bacteria_4673.png,person1816_bacteria_4673.jpeg,PNEUMONIA,bacteria,person1816,1,test,1272,592
PNEUMONIA__person1816_bacteria_4674.png,person1816_bacteria_4674.jpeg,PNEUMONIA,bacteria,person1816,1,test,1240,728
PNEUMONIA__person1817_bacteria_4675.png,person1817_bacteria_4675.jpeg,PNEUMONIA,bacteria,person1817,1,train,1184,792
PNEUMONIA__person1818_bacteria_4676.png,person1818_bacteria_4676.jpeg,PNEUMONIA,bacteria,person1818,1,train,1320,768
PNEUMONIA__person1819_bacteria_4677.png,person1819_bacteria_4677.jpeg,PNEUMONIA,bacteria,person1819,1,train,1576,848
PNEUMONIA__person1823_bacteria_4682.png,person1823_bacteria_4682.jpeg,PNEUMONIA,bacteria,person1823,1,test,1080,784
PNEUMONIA__person1830_bacteria_4693.png,person1830_bacteria_4693.jpeg,PNEUMONIA,bacteria,person1830,1,val,1584,1104
PNEUMONIA__person1835_bacteria_4699.png,person1835_bacteria_4699.jpeg,PNEUMONIA,bacteria,person1835,1,train,1064,672
PNEUMONIA__person1838_bacteria_4703.png,person1838_bacteria_4703.jpeg,PNEUMONIA,bacteria,person1838,1,train,1328,888
PNEUMONIA__person1839_bacteria_4705.png,person1839_bacteria_4705.jpeg,PNEUMONIA,bacteria,person1839,1,train,1056,736
PNEUMONIA__person1841_bacteria_4708.png,person1841_bacteria_4708.jpeg,PNEUMONIA,bacteria,person1841,1,val,1216,1040
PNEUMONIA__person1843_bacteria_4710.png,person1843_bacteria_4710.jpeg,PNEUMONIA,bacteria,person1843,1,train,888,784
PNEUMONIA__person1847_bacteria_4716.png,person1847_bacteria_4716.jpeg,PNEUMONIA,bacteria,person1847,1,test,1344,824
PNEUMONIA__person1848_bacteria_4719.png,person1848_bacteria_4719.jpeg,PNEUMONIA,bacteria,person1848,1,val,1312,792
PNEUMONIA__person1850_bacteria_4721.png,person1850_bacteria_4721.jpeg,PNEUMONIA,bacteria,person1850,1,train,880,520
PNEUMONIA__person1851_bacteria_4722.png,person1851_bacteria_4722.jpeg,PNEUMONIA,bacteria,person1851,1,train,1080,776
PNEUMONIA__person1852_bacteria_4724.png,person1852_bacteria_4724.jpeg,PNEUMONIA,bacteria,person1852,1,train,1712,1224
PNEUMONIA__person1855_bacteria_4727.png,person1855_bacteria_4727.jpeg,PNEUMONIA,bacteria,person1855,1,train,1048,664
PNEUMONIA__person1857_bacteria_4729.png,person1857_bacteria_4729.jpeg,PNEUMONIA,bacteria,person1857,1,train,1040,544
PNEUMONIA__person1858_bacteria_4730.png,person1858_bacteria_4730.jpeg,PNEUMONIA,bacteria,person1858,1,train,1416,800
PNEUMONIA__person1859_bacteria_4731.png,person1859_bacteria_4731.jpeg,PNEUMONIA,bacteria,person1859,1,val,1520,952
PNEUMONIA__person1860_bacteria_4732.png,person1860_bacteria_4732.jpeg,PNEUMONIA,bacteria,person1860,1,train,1112,640
PNEUMONIA__person1863_bacteria_4735.png,person1863_bacteria_4735.jpeg,PNEUMONIA,bacteria,person1863,1,train,1072,720
PNEUMONIA__person1864_bacteria_4736.png,person1864_bacteria_4736.jpeg,PNEUMONIA,bacteria,person1864,1,train,984,552
PNEUMONIA__person1865_bacteria_4737.png,person1865_bacteria_4737.jpeg,PNEUMONIA,bacteria,person1865,1,test,1688,1488
PNEUMONIA__person1865_bacteria_4739.png,person1865_bacteria_4739.jpeg,PNEUMONIA,bacteria,person1865,1,test,1824,1384
PNEUMONIA__person1866_bacteria_4740.png,person1866_bacteria_4740.jpeg,PNEUMONIA,bacteria,person1866,1,val,1864,1648
PNEUMONIA__person1867_bacteria_4741.png,person1867_bacteria_4741.jpeg,PNEUMONIA,bacteria,person1867,1,train,1592,1352
PNEUMONIA__person1868_bacteria_4743.png,person1868_bacteria_4743.jpeg,PNEUMONIA,bacteria,person1868,1,train,912,456
PNEUMONIA__person1869_bacteria_4745.png,person1869_bacteria_4745.jpeg,PNEUMONIA,bacteria,person1869,1,train,1184,808
PNEUMONIA__person1872_bacteria_4750.png,person1872_bacteria_4750.jpeg,PNEUMONIA,bacteria,person1872,1,train,1704,1616
PNEUMONIA__person1872_bacteria_4751.png,person1872_bacteria_4751.jpeg,PNEUMONIA,bacteria,person1872,1,train,1848,1392
PNEUMONIA__person1875_bacteria_4756.png,person1875_bacteria_4756.jpeg,PNEUMONIA,bacteria,person1875,1,val,1632,1208
PNEUMONIA__person1876_bacteria_4760.png,person1876_bacteria_4760.jpeg,PNEUMONIA,bacteria,person1876,1,train,1216,720
PNEUMONIA__person1877_bacteria_4761.png,person1877_bacteria_4761.jpeg,PNEUMONIA,bacteria,person1877,1,val,1544,1096
PNEUMONIA__person1879_bacteria_4764.png,person1879_bacteria_4764.jpeg,PNEUMONIA,bacteria,person1879,1,train,1312,848
PNEUMONIA__person1880_bacteria_4765.png,person1880_bacteria_4765.jpeg,PNEUMONIA,bacteria,person1880,1,train,1136,768
PNEUMONIA__person1881_bacteria_4767.png,person1881_bacteria_4767.jpeg,PNEUMONIA,bacteria,person1881,1,train,1224,776
PNEUMONIA__person1883_bacteria_4769.png,person1883_bacteria_4769.jpeg,PNEUMONIA,bacteria,person1883,1,test,1904,1560
PNEUMONIA__person1884_bacteria_4771.png,person1884_bacteria_4771.jpeg,PNEUMONIA,bacteria,person1884,1,val,1040,648
PNEUMONIA__person1885_bacteria_4772.png,person1885_bacteria_4772.jpeg,PNEUMONIA,bacteria,person1885,1,val,1152,832
PNEUMONIA__person1886_bacteria_4773.png,person1886_bacteria_4773.jpeg,PNEUMONIA,bacteria,person1886,1,train,1368,944
PNEUMONIA__person1888_bacteria_4775.png,person1888_bacteria_4775.jpeg,PNEUMONIA,bacteria,person1888,1,train,1568,1272
PNEUMONIA__person1893_bacteria_4781.png,person1893_bacteria_4781.jpeg,PNEUMONIA,bacteria,person1893,1,test,1008,568
PNEUMONIA__person1896_bacteria_4788.png,person1896_bacteria_4788.jpeg,PNEUMONIA,bacteria,person1896,1,train,1184,808
PNEUMONIA__person1897_bacteria_4789.png,person1897_bacteria_4789.jpeg,PNEUMONIA,bacteria,person1897,1,train,1192,728
PNEUMONIA__person18_bacteria_57.png,person18_bacteria_57.jpeg,PNEUMONIA,bacteria,person18,1,train,1504,1033
PNEUMONIA__person1901_bacteria_4795.png,person1901_bacteria_4795.jpeg,PNEUMONIA,bacteria,person1901,1,train,896,568
PNEUMONIA__person1903_bacteria_4797.png,person1903_bacteria_4797.jpeg,PNEUMONIA,bacteria,person1903,1,train,1640,936
PNEUMONIA__person1904_bacteria_4798.png,person1904_bacteria_4798.jpeg,PNEUMONIA,bacteria,person1904,1,train,1024,560
PNEUMONIA__person1905_bacteria_4801.png,person1905_bacteria_4801.jpeg,PNEUMONIA,bacteria,person1905,1,train,1512,1192
PNEUMONIA__person1906_bacteria_4803.png,person1906_bacteria_4803.jpeg,PNEUMONIA,bacteria,person1906,1,train,1256,680
PNEUMONIA__person1907_bacteria_4806.png,person1907_bacteria_4806.jpeg,PNEUMONIA,bacteria,person1907,1,train,984,656
PNEUMONIA__person1908_bacteria_4811.png,person1908_bacteria_4811.jpeg,PNEUMONIA,bacteria,person1908,1,train,1352,880
PNEUMONIA__person1910_bacteria_4814.png,person1910_bacteria_4814.jpeg,PNEUMONIA,bacteria,person1910,1,test,952,520
PNEUMONIA__person1911_bacteria_4815.png,person1911_bacteria_4815.jpeg,PNEUMONIA,bacteria,person1911,1,val,1272,664
PNEUMONIA__person1912_bacteria_4816.png,person1912_bacteria_4816.jpeg,PNEUMONIA,bacteria,person1912,1,train,1520,920
PNEUMONIA__person1912_bacteria_4817.png,person1912_bacteria_4817.jpeg,PNEUMONIA,bacteria,person1912,1,train,1720,992
PNEUMONIA__person1916_bacteria_4821.png,person1916_bacteria_4821.jpeg,PNEUMONIA,bacteria,person1916,1,train,1480,872
PNEUMONIA__person1917_bacteria_4823.png,person1917_bacteria_4823.jpeg,PNEUMONIA,bacteria,person1917,1,train,1360,856
PNEUMONIA__person1918_bacteria_4825.png,person1918_bacteria_4825.jpeg,PNEUMONIA,bacteria,person1918,1,train,1384,1024
PNEUMONIA__person1921_bacteria_4828.png,person1921_bacteria_4828.jpeg,PNEUMONIA,bacteria,person1921,1,val,1120,776
PNEUMONIA__person1922_bacteria_4830.png,person1922_bacteria_4830.jpeg,PNEUMONIA,bacteria,person1922,1,train,1160,800
PNEUMONIA__person1923_bacteria_4831.png,person1923_bacteria_4831.jpeg,PNEUMONIA,bacteria,person1923,1,train,1464,944
PNEUMONIA__person1924_bacteria_4832.png,person1924_bacteria_4832.jpeg,PNEUMONIA,bacteria,person1924,1,test,1160,920
PNEUMONIA__person1924_bacteria_4833.png,person1924_bacteria_4833.jpeg,PNEUMONIA,bacteria,person1924,1,test,1136,680
PNEUMONIA__person1926_bacteria_4835.png,person1926_bacteria_4835.jpeg,PNEUMONIA,bacteria,person1926,1,test,1096,784
PNEUMONIA__person1927_bacteria_4836.png,person1927_bacteria_4836.jpeg,PNEUMONIA,bacteria,person1927,1,train,1416,912
PNEUMONIA__person1927_bacteria_4837.png,person1927_bacteria_4837.jpeg,PNEUMONIA,bacteria,person1927,1,train,1288,792
PNEUMONIA__person1929_bacteria_4839.png,person1929_bacteria_4839.jpeg,PNEUMONIA,bacteria,person1929,1,train,976,672
PNEUMONIA__person1930_bacteria_4841.png,person1930_bacteria_4841.jpeg,PNEUMONIA,bacteria,person1930,1,train,1072,720
PNEUMONIA__person1931_bacteria_4842.png,person1931_bacteria_4842.jpeg,PNEUMONIA,bacteria,person1931,1,train,1544,848
PNEUMONIA__person1932_bacteria_4843.png,person1932_bacteria_4843.jpeg,PNEUMONIA,bacteria,person1932,1,test,1368,888
PNEUMONIA__person1933_bacteria_4844.png,person1933_bacteria_4844.jpeg,PNEUMONIA,bacteria,person1933,1,train,1728,1224
PNEUMONIA__person1934_bacteria_4846.png,person1934_bacteria_4846.jpeg,PNEUMONIA,bacteria,person1934,1,val,1552,1200
PNEUMONIA__person1935_bacteria_4847.png,person1935_bacteria_4847.jpeg,PNEUMONIA,bacteria,person1935,1,train,1464,1216
PNEUMONIA__person1935_bacteria_4848.png,person1935_bacteria_4848.jpeg,PNEUMONIA,bacteria,person1935,1,train,1736,1136
PNEUMONIA__person1935_bacteria_4849.png,person1935_bacteria_4849.jpeg,PNEUMONIA,bacteria,person1935,1,train,1504,1152
PNEUMONIA__person1935_bacteria_4850.png,person1935_bacteria_4850.jpeg,PNEUMONIA,bacteria,person1935,1,train,1648,1280
PNEUMONIA__person1936_bacteria_4852.png,person1936_bacteria_4852.jpeg,PNEUMONIA,bacteria,person1936,1,train,1064,552
PNEUMONIA__person1937_bacteria_4853.png,person1937_bacteria_4853.jpeg,PNEUMONIA,bacteria,person1937,1,train,1160,904
PNEUMONIA__person1938_bacteria_4854.png,person1938_bacteria_4854.jpeg,PNEUMONIA,bacteria,person1938,1,train,1392,912
PNEUMONIA__person1940_bacteria_4859.png,person1940_bacteria_4859.jpeg,PNEUMONIA,bacteria,person1940,1,train,1328,936
PNEUMONIA__person1940_bacteria_4861.png,person1940_bacteria_4861.jpeg,PNEUMONIA,bacteria,person1940,1,train,1560,1056
PNEUMONIA__person1940_bacteria_4862.png,person1940_bacteria_4862.jpeg,PNEUMONIA,bacteria,person1940,1,train,1416,984
PNEUMONIA__person1941_bacteria_4863.png,person1941_bacteria_4863.jpeg,PNEUMONIA,bacteria,person1941,1,val,1360,816
PNEUMONIA__person1942_bacteria_4865.png,person1942_bacteria_4865.jpeg,PNEUMONIA,bacteria,person1942,1,train,1192,928
PNEUMONIA__person1943_bacteria_4868.png,person1943_bacteria_4868.jpeg,PNEUMONIA,bacteria,person1943,1,train,1008,512
PNEUMONIA__person1944_bacteria_4869.png,person1944_bacteria_4869.jpeg,PNEUMONIA,bacteria,person1944,1,test,1352,824
PNEUMONIA__person1945_bacteria_4872.png,person1945_bacteria_4872.jpeg,PNEUMONIA,bacteria,person1945,1,train,1336,840
PNEUMONIA__person19_bacteria_58.png,person19_bacteria_58.jpeg,PNEUMONIA,bacteria,person19,1,train,840,456
PNEUMONIA__person19_bacteria_59.png,person19_bacteria_59.jpeg,PNEUMONIA,bacteria,person19,1,train,1024,736
PNEUMONIA__person19_bacteria_60.png,person19_bacteria_60.jpeg,PNEUMONIA,bacteria,person19,1,train,856,632
PNEUMONIA__person19_bacteria_61.png,person19_bacteria_61.jpeg,PNEUMONIA,bacteria,person19,1,train,832,504
PNEUMONIA__person19_bacteria_62.png,person19_bacteria_62.jpeg,PNEUMONIA,bacteria,person19,1,train,952,560
PNEUMONIA__person19_bacteria_63.png,person19_bacteria_63.jpeg,PNEUMONIA,bacteria,person19,1,train,1064,627
PNEUMONIA__person1_bacteria_1.png,person1_bacteria_1.jpeg,PNEUMONIA,bacteria,person1,1,train,712,439
PNEUMONIA__person1_bacteria_2.png,person1_bacteria_2.jpeg,PNEUMONIA,bacteria,person1,1,train,1240,840
PNEUMONIA__person20_bacteria_64.png,person20_bacteria_64.jpeg,PNEUMONIA,bacteria,person20,1,train,824,656
PNEUMONIA__person20_bacteria_66.png,person20_bacteria_66.jpeg,PNEUMONIA,bacteria,person20,1,train,1048,736
PNEUMONIA__person20_bacteria_67.png,person20_bacteria_67.jpeg,PNEUMONIA,bacteria,person20,1,train,1032,528
PNEUMONIA__person20_bacteria_69.png,person20_bacteria_69.jpeg,PNEUMONIA,bacteria,person20,1,train,1118,740
PNEUMONIA__person20_bacteria_70.png,person20_bacteria_70.jpeg,PNEUMONIA,bacteria,person20,1,train,880,464
PNEUMONIA__person21_bacteria_72.png,person21_bacteria_72.jpeg,PNEUMONIA,bacteria,person21,1,test,1848,1632
PNEUMONIA__person21_bacteria_73.png,person21_bacteria_73.jpeg,PNEUMONIA,bacteria,person21,1,test,1882,1608
PNEUMONIA__person22_bacteria_74.png,person22_bacteria_74.jpeg,PNEUMONIA,bacteria,person22,1,train,1232,968
PNEUMONIA__person22_bacteria_76.png,person22_bacteria_76.jpeg,PNEUMONIA,bacteria,person22,1,train,1128,1040
PNEUMONIA__person22_bacteria_77.png,person22_bacteria_77.jpeg,PNEUMONIA,bacteria,person22,1,train,1168,1072
PNEUMONIA__person23_bacteria_100.png,person23_bacteria_100.jpeg,PNEUMONIA,bacteria,person23,1,val,984,648
PNEUMONIA__person23_bacteria_101.png,person23_bacteria_101.jpeg,PNEUMONIA,bacteria,person23,1,val,1120,880
PNEUMONIA__person23_bacteria_102.png,person23_bacteria_102.jpeg,PNEUMONIA,bacteria,person23,1,val,1152,688
PNEUMONIA__person23_bacteria_103.png,person23_bacteria_103.jpeg,PNEUMONIA,bacteria,person23,1,val,1152,784
PNEUMONIA__person23_bacteria_104.png,person23_bacteria_104.jpeg,PNEUMONIA,bacteria,person23,1,val,1256,728
PNEUMONIA__person23_bacteria_105.png,person23_bacteria_105.jpeg,PNEUMONIA,bacteria,person23,1,val,1136,792
PNEUMONIA__person23_bacteria_106.png,person23_bacteria_106.jpeg,PNEUMONIA,bacteria,person23,1,val,1000,656
PNEUMONIA__person23_bacteria_107.png,person23_bacteria_107.jpeg,PNEUMONIA,bacteria,person23,1,val,1224,720
PNEUMONIA__person23_bacteria_78.png,person23_bacteria_78.jpeg,PNEUMONIA,bacteria,person23,1,val,1120,640
PNEUMONIA__person23_bacteria_79.png,person23_bacteria_79.jpeg,PNEUMONIA,bacteria,person23,1,val,1200,680
PNEUMONIA__person23_bacteria_80.png,person23_bacteria_80.jpeg,PNEUMONIA,bacteria,person23,1,val,1264,1072
PNEUMONIA__person23_bacteria_81.png,person23_bacteria_81.jpeg,PNEUMONIA,bacteria,person23,1,val,1056,656
PNEUMONIA__person23_bacteria_82.png,person23_bacteria_82.jpeg,PNEUMONIA,bacteria,person23,1,val,1272,896
PNEUMONIA__person23_bacteria_83.png,person23_bacteria_83.jpeg,PNEUMONIA,bacteria,person23,1,val,1016,824
PNEUMONIA__person23_bacteria_84.png,person23_bacteria_84.jpeg,PNEUMONIA,bacteria,person23,1,val,1136,824
PNEUMONIA__person23_bacteria_85.png,person23_bacteria_85.jpeg,PNEUMONIA,bacteria,person23,1,val,1024,656
PNEUMONIA__person23_bacteria_86.png,person23_bacteria_86.jpeg,PNEUMONIA,bacteria,person23,1,val,1144,856
PNEUMONIA__person23_bacteria_87.png,person23_bacteria_87.jpeg,PNEUMONIA,bacteria,person23,1,val,1272,736
PNEUMONIA__person23_bacteria_88.png,person23_bacteria_88.jpeg,PNEUMONIA,bacteria,person23,1,val,986,634
PNEUMONIA__person23_bacteria_89.png,person23_bacteria_89.jpeg,PNEUMONIA,bacteria,person23,1,val,944,632
PNEUMONIA__person23_bacteria_90.png,person23_bacteria_90.jpeg,PNEUMONIA,bacteria,person23,1,val,1160,736
PNEUMONIA__person23_bacteria_91.png,person23_bacteria_91.jpeg,PNEUMONIA,bacteria,person23,1,val,1008,640
PNEUMONIA__person23_bacteria_92.png,person23_bacteria_92.jpeg,PNEUMONIA,bacteria,person23,1,val,1080,712
PNEUMONIA__person23_bacteria_93.png,person23_bacteria_93.jpeg,PNEUMONIA,bacteria,person23,1,val,1064,632
PNEUMONIA__person23_bacteria_94.png,person23_bacteria_94.jpeg,PNEUMONIA,bacteria,person23,1,val,1208,728
PNEUMONIA__person23_bacteria_95.png,person23_bacteria_95.jpeg,PNEUMONIA,bacteria,person23,1,val,1104,704
PNEUMONIA__person23_bacteria_96.png,person23_bacteria_96.jpeg,PNEUMONIA,bacteria,person23,1,val,1072,848
PNEUMONIA__person23_bacteria_97.png,person23_bacteria_97.jpeg,PNEUMONIA,bacteria,person23,1,val,1064,760
PNEUMONIA__person23_bacteria_98.png,person23_bacteria_98.jpeg,PNEUMONIA,bacteria,person23,1,val,1152,736
PNEUMONIA__person23_bacteria_99.png,person23_bacteria_99.jpeg,PNEUMONIA,bacteria,person23,1,val,1152,816
PNEUMONIA__person24_bacteria_108.png,person24_bacteria_108.jpeg,PNEUMONIA,bacteria,person24,1,train,1184,792
PNEUMONIA__person24_bacteria_109.png,person24_bacteria_109.jpeg,PNEUMONIA,bacteria,person24,1,train,1304,872
PNEUMONIA__person24_bacteria_110.png,person24_bacteria_110.jpeg,PNEUMONIA,bacteria,person24,1,train,1056,680
PNEUMONIA__person24_bacteria_111.png,person24_bacteria_111.jpeg,PNEUMONIA,bacteria,person24,1,train,1048,856
PNEUMONIA__person24_bacteria_112.png,person24_bacteria_112.jpeg,PNEUMONIA,bacteria,person24,1,train,1510,1002
PNEUMONIA__person253_bacteria_1152.png,person253_bacteria_1152.jpeg,PNEUMONIA,bacteria,person253,1,train,920,544
PNEUMONIA__person253_bacteria_1153.png,person253_bacteria_1153.jpeg,PNEUMONIA,bacteria,person253,1,train,968,576
PNEUMONIA__person253_bacteria_1154.png,person253_bacteria_1154.jpeg,PNEUMONIA,bacteria,person253,1,train,936,552
PNEUMONIA__person253_bacteria_1155.png,person253_bacteria_1155.jpeg,PNEUMONIA,bacteria,person253,1,train,1032,592
PNEUMONIA__person253_bacteria_1156.png,person253_bacteria_1156.jpeg,PNEUMONIA,bacteria,person253,1,train,856,544
PNEUMONIA__person253_bacteria_1157.png,person253_bacteria_1157.jpeg,PNEUMONIA,bacteria,person253,1,train,1106,674
PNEUMONIA__person255_bacteria_1160.png,person255_bacteria_1160.jpeg,PNEUMONIA,bacteria,person255,1,val,888,552
PNEUMONIA__person255_bacteria_1161.png,person255_bacteria_1161.jpeg,PNEUMONIA,bacteria,person255,1,val,952,632
PNEUMONIA__person255_bacteria_1162.png,person255_bacteria_1162.jpeg,PNEUMONIA,bacteria,person255,1,val,920,544
PNEUMONIA__person255_bacteria_1165.png,person255_bacteria_1165.jpeg,PNEUMONIA,bacteria,person255,1,val,1096,560
PNEUMONIA__person255_bacteria_1175.png,person255_bacteria_1175.jpeg,PNEUMONIA,bacteria,person255,1,val,1088,616
PNEUMONIA__person255_bacteria_1182.png,person255_bacteria_1182.jpeg,PNEUMONIA,bacteria,person255,1,val,1056,632
PNEUMONIA__person255_bacteria_1188.png,person255_bacteria_1188.jpeg,PNEUMONIA,bacteria,person255,1,val,1256,792
PNEUMONIA__person255_virus_531.png,person255_virus_531.jpeg,PNEUMONIA,virus,person255,1,val,960,712
PNEUMONIA__person256_bacteria_1189.png,person256_bacteria_1189.jpeg,PNEUMONIA,bacteria,person256,1,train,1122,798
PNEUMONIA__person256_virus_537.png,person256_virus_537.jpeg,PNEUMONIA,virus,person256,1,train,1544,1288
PNEUMONIA__person257_bacteria_1191.png,person257_bacteria_1191.jpeg,PNEUMONIA,bacteria,person257,1,val,992,592
PNEUMONIA__person257_bacteria_1193.png,person257_bacteria_1193.jpeg,PNEUMONIA,bacteria,person257,1,val,896,560
PNEUMONIA__person257_bacteria_1194.png,person257_bacteria_1194.jpeg,PNEUMONIA,bacteria,person257,1,val,1008,720
PNEUMONIA__person257_bacteria_1195.png,person257_bacteria_1195.jpeg,PNEUMONIA,bacteria,person257,1,val,1016,768
PNEUMONIA__person257_bacteria_1196.png,person257_bacteria_1196.jpeg,PNEUMONIA,bacteria,person257,1,val,928,656
PNEUMONIA__person257_bacteria_1197.png,person257_bacteria_1197.jpeg,PNEUMONIA,bacteria,person257,1,val,1000,704
PNEUMONIA__person257_bacteria_1199.png,person257_bacteria_1199.jpeg,PNEUMONIA,bacteria,person257,1,val,992,760
PNEUMONIA__person257_bacteria_1200.png,person257_bacteria_1200.jpeg,PNEUMONIA,bacteria,person257,1,val,928,608
PNEUMONIA__person257_virus_538.png,person257_virus_538.jpeg,PNEUMONIA,virus,person257,1,val,1360,952
PNEUMONIA__person258_bacteria_1205.png,person258_bacteria_1205.jpeg,PNEUMONIA,bacteria,person258,1,train,1200,1008
PNEUMONIA__person258_bacteria_1206.png,person258_bacteria_1206.jpeg,PNEUMONIA,bacteria,person258,1,train,1072,928
PNEUMONIA__person258_bacteria_1207.png,person258_bacteria_1207.jpeg,PNEUMONIA,bacteria,person258,1,train,1056,856
PNEUMONIA__person258_bacteria_1208.png,person258_bacteria_1208.jpeg,PNEUMONIA,bacteria,person258,1,train,1056,856
PNEUMONIA__person258_bacteria_1209.png,person258_bacteria_1209.jpeg,PNEUMONIA,bacteria,person258,1,train,1056,856
PNEUMONIA__person258_bacteria_1210.png,person258_bacteria_1210.jpeg,PNEUMONIA,bacteria,person258,1,train,1056,776
PNEUMONIA__person258_bacteria_1212.png,person258_bacteria_1212.jpeg,PNEUMONIA,bacteria,person258,1,train,1216,872
PNEUMONIA__person258_bacteria_1214.png,person258_bacteria_1214.jpeg,PNEUMONIA,bacteria,person258,1,train,1088,840
PNEUMONIA__person258_bacteria_1215.png,person258_bacteria_1215.jpeg,PNEUMONIA,bacteria,person258,1,train,1072,800
PNEUMONIA__person258_bacteria_1216.png,person258_bacteria_1216.jpeg,PNEUMONIA,bacteria,person258,1,train,1202,882
PNEUMONIA__person258_virus_539.png,person258_virus_539.jpeg,PNEUMONIA,virus,person258,1,train,904,664
PNEUMONIA__person259_bacteria_1217.png,person259_bacteria_1217.jpeg,PNEUMONIA,bacteria,person259,1,train,936,496
PNEUMONIA__person259_bacteria_1219.png,person259_bacteria_1219.jpeg,PNEUMONIA,bacteria,person259,1,train,864,672
PNEUMONIA__person259_bacteria_1220.png,person259_bacteria_1220.jpeg,PNEUMONIA,bacteria,person259,1,train,760,488
PNEUMONIA__person259_virus_540.png,person259_virus_540.jpeg,PNEUMONIA,virus,person259,1,train,1272,752
PNEUMONIA__person25_bacteria_113.png,person25_bacteria_113.jpeg,PNEUMONIA,bacteria,person25,1,train,1024,712
PNEUMONIA__person25_bacteria_114.png,person25_bacteria_114.jpeg,PNEUMONIA,bacteria,person25,1,train,1040,664
PNEUMONIA__person25_bacteria_115.png,person25_bacteria_115.jpeg,PNEUMONIA,bacteria,person25,1,train,1112,856
PNEUMONIA__person25_bacteria_116.png,person25_bacteria_116.jpeg,PNEUMONIA,bacteria,person25,1,train,1224,1000
PNEUMONIA__person25_bacteria_117.png,person25_bacteria_117.jpeg,PNEUMONIA,bacteria,person25,1,train,1184,832
PNEUMONIA__person25_bacteria_118.png,person25_bacteria_118.jpeg,PNEUMONIA,bacteria,person25,1,train,1136,856
PNEUMONIA__person25_bacteria_119.png,person25_bacteria_119.jpeg,PNEUMONIA,bacteria,person25,1,train,928,608
PNEUMONIA__person25_bacteria_120.png,person25_bacteria_120.jpeg,PNEUMONIA,bacteria,person25,1,train,1152,760
PNEUMONIA__person25_bacteria_121.png,person25_bacteria_121.jpeg,PNEUMONIA,bacteria,person25,1,train,1210,948
PNEUMONIA__person260_bacteria_1222.png,person260_bacteria_1222.jpeg,PNEUMONIA,bacteria,person260,1,test,1048,872
PNEUMONIA__person260_bacteria_1223.png,person260_bacteria_1223.jpeg,PNEUMONIA,bacteria,person260,1,test,1056,808
PNEUMONIA__person260_bacteria_1224.png,person260_bacteria_1224.jpeg,PNEUMONIA,bacteria,person260,1,test,1072,760
PNEUMONIA__person260_virus_541.png,person260_virus_541.jpeg,PNEUMONIA,virus,person260,1,test,1024,552
PNEUMONIA__person261_bacteria_1225.png,person261_bacteria_1225.jpeg,PNEUMONIA,bacteria,person261,1,val,1102,585
PNEUMONIA__person261_virus_543.png,person261_virus_543.jpeg,PNEUMONIA,virus,person261,1,val,1192,568
PNEUMONIA__person262_bacteria_1226.png,person262_bacteria_1226.jpeg,PNEUMONIA,bacteria,person262,1,train,1218,840
PNEUMONIA__person262_virus_544.png,person262_virus_544.jpeg,PNEUMONIA,virus,person262,1,train,1416,1288
PNEUMONIA__person262_virus_545.png,person262_virus_545.jpeg,PNEUMONIA,virus,person262,1,train,1712,1256
PNEUMONIA__person263_bacteria_1227.png,person263_bacteria_1227.jpeg,PNEUMONIA,bacteria,person263,1,test,1364,998
PNEUMONIA__person263_virus_546.png,person263_virus_546.jpeg,PNEUMONIA,virus,person263,1,test,1168,768
PNEUMONIA__person264_bacteria_1228.png,person264_bacteria_1228.jpeg,PNEUMONIA,bacteria,person264,1,train,1088,760
PNEUMONIA__person264_bacteria_1229.png,person264_bacteria_1229.jpeg,PNEUMONIA,bacteria,person264,1,train,1088,712
PNEUMONIA__person264_bacteria_1230.png,person264_bacteria_1230.jpeg,PNEUMONIA,bacteria,person264,1,train,1248,688
PNEUMONIA__person264_bacteria_1231.png,person264_bacteria_1231.jpeg,PNEUMONIA,bacteria,person264,1,train,1248,688
PNEUMONIA__person264_bacteria_1232.png,person264_bacteria_1232.jpeg,PNEUMONIA,bacteria,person264,1,train,1240,784
PNEUMONIA__person264_bacteria_1233.png,person264_bacteria_1233.jpeg,PNEUMONIA,bacteria,person264,1,train,1064,696
PNEUMONIA__person264_bacteria_1234.png,person264_bacteria_1234.jpeg,PNEUMONIA,bacteria,person264,1,train,1214,1069
PNEUMONIA__person264_virus_547.png,person264_virus_547.jpeg,PNEUMONIA,virus,person264,1,train,1216,728
PNEUMONIA__person265_bacteria_1235.png,person265_bacteria_1235.jpeg,PNEUMONIA,bacteria,person265,1,val,1128,728
PNEUMONIA__person265_bacteria_1236.png,person265_bacteria_1236.jpeg,PNEUMONIA,bacteria,person265,1,val,1272,825
PNEUMONIA__person265_virus_548.png,person265_virus_548.jpeg,PNEUMONIA,virus,person265,1,val,1232,864
PNEUMONIA__person266_bacteria_1237.png,person266_bacteria_1237.jpeg,PNEUMONIA,bacteria,person266,1,val,952,688
PNEUMONIA__person266_bacteria_1238.png,person266_bacteria_1238.jpeg,PNEUMONIA,bacteria,person266,1,val,952,688
PNEUMONIA__person266_bacteria_1239.png,person266_bacteria_1239.jpeg,PNEUMONIA,bacteria,person266,1,val,992,664
PNEUMONIA__person266_bacteria_1240.png,person266_bacteria_1240.jpeg,PNEUMONIA,bacteria,person266,1,val,984,560
PNEUMONIA__person266_bacteria_1241.png,person266_bacteria_1241.jpeg,PNEUMONIA,bacteria,person266,1,val,1072,720
PNEUMONIA__person266_bacteria_1242.png,person266_bacteria_1242.jpeg,PNEUMONIA,bacteria,person266,1,val,1008,728
PNEUMONIA__person266_bacteria_1244.png,person266_bacteria_1244.jpeg,PNEUMONIA,bacteria,person266,1,val,992,672
PNEUMONIA__person266_bacteria_1245.png,person266_bacteria_1245.jpeg,PNEUMONIA,bacteria,person266,1,val,1080,680
PNEUMONIA__person266_bacteria_1247.png,person266_bacteria_1247.jpeg,PNEUMONIA,bacteria,person266,1,val,1024,600
PNEUMONIA__person266_bacteria_1248.png,person266_bacteria_1248.jpeg,PNEUMONIA,bacteria,person266,1,val,1008,600
PNEUMONIA__person266_bacteria_1249.png,person266_bacteria_1249.jpeg,PNEUMONIA,bacteria,person266,1,val,992,616
PNEUMONIA__person266_virus_549.png,person266_virus_549.jpeg,PNEUMONIA,virus,person266,1,val,1632,800
PNEUMONIA__person267_bacteria_1250.png,person267_bacteria_1250.jpeg,PNEUMONIA,bacteria,person267,1,train,1280,1016
PNEUMONIA__person267_bacteria_1251.png,person267_bacteria_1251.jpeg,PNEUMONIA,bacteria,person267,1,train,1032,696
PNEUMONIA__person267_bacteria_1252.png,person267_bacteria_1252.jpeg,PNEUMONIA,bacteria,person267,1,train,1300,890
PNEUMONIA__person267_bacteria_1253.png,person267_bacteria_1253.jpeg,PNEUMONIA,bacteria,person267,1,train,1260,971
PNEUMONIA__person267_virus_552.png,person267_virus_552.jpeg,PNEUMONIA,virus,person267,1,train,1400,768
PNEUMONIA__person268_virus_553.png,person268_virus_553.jpeg,PNEUMONIA,virus,person268,1,train,1176,736
PNEUMONIA__person269_virus_554.png,person269_virus_554.jpeg,PNEUMONIA,virus,person269,1,train,1472,1176
PNEUMONIA__person26_bacteria_122.png,person26_bacteria_122.jpeg,PNEUMONIA,bacteria,person26,1,train,1200,552
PNEUMONIA__person26_bacteria_123.png,person26_bacteria_123.jpeg,PNEUMONIA,bacteria,person26,1,train,920,680
PNEUMONIA__person26_bacteria_124.png,person26_bacteria_124.jpeg,PNEUMONIA,bacteria,person26,1,train,1136,872
PNEUMONIA__person26_bacteria_126.png,person26_bacteria_126.jpeg,PNEUMONIA,bacteria,person26,1,train,1024,704
PNEUMONIA__person26_bacteria_127.png,person26_bacteria_127.jpeg,PNEUMONIA,bacteria,person26,1,train,880,584
PNEUMONIA__person26_bacteria_128.png,person26_bacteria_128.jpeg,PNEUMONIA,bacteria,person26,1,train,960,648
PNEUMONIA__person26_bacteria_129.png,person26_bacteria_129.jpeg,PNEUMONIA,bacteria,person26,1,train,952,624
PNEUMONIA__person26_bacteria_130.png,person26_bacteria_130.jpeg,PNEUMONIA,bacteria,person26,1,train,968,512
PNEUMONIA__person26_bacteria_131.png,person26_bacteria_131.jpeg,PNEUMONIA,bacteria,person26,1,train,1024,568
PNEUMONIA__person26_bacteria_132.png,person26_bacteria_132.jpeg,PNEUMONIA,bacteria,person26,1,train,1072,632
PNEUMONIA__person26_bacteria_133.png,person26_bacteria_133.jpeg,PNEUMONIA,bacteria,person26,1,train,1068,620
PNEUMONIA__person270_virus_555.png,person270_virus_555.jpeg,PNEUMONIA,virus,person270,1,train,1624,1264
PNEUMONIA__person271_virus_556.png,person271_virus_556.jpeg,PNEUMONIA,virus,person271,1,train,1064,712
PNEUMONIA__person272_virus_559.png,person272_virus_559.jpeg,PNEUMONIA,virus,person272,1,train,1704,1256
PNEUMONIA__person273_virus_561.png,person273_virus_561.jpeg,PNEUMONIA,virus,person273,1,test,1272,994
PNEUMONIA__person273_virus_562.png,person273_virus_562.jpeg,PNEUMONIA,virus,person273,1,test,1458,951
PNEUMONIA__person274_bacteria_1288.png,person274_bacteria_1288.jpeg,PNEUMONIA,bacteria,person274,1,test,1280,1088
PNEUMONIA__person274_bacteria_1289.png,person274_bacteria_1289.jpeg,PNEUMONIA,bacteria,person274,1,test,1344,1072
PNEUMONIA__person274_bacteria_1290.png,person274_bacteria_1290.jpeg,PNEUMONIA,bacteria,person274,1,test,1686,1133
PNEUMONIA__person274_virus_563.png,person274_virus_563.jpeg,PNEUMONIA,virus,person274,1,test,468,242
PNEUMONIA__person275_bacteria_1291.png,person275_bacteria_1291.jpeg,PNEUMONIA,bacteria,person275,1,train,1396,1099
PNEUMONIA__person275_bacteria_1293.png,person275_bacteria_1293.jpeg,PNEUMONIA,bacteria,person275,1,train,1136,920
PNEUMONIA__person275_bacteria_1294.png,person275_bacteria_1294.jpeg,PNEUMONIA,bacteria,person275,1,train,1292,1076
PNEUMONIA__person275_virus_565.png,person275_virus_565.jpeg,PNEUMONIA,virus,person275,1,train,1748,1377
PNEUMONIA__person276_bacteria_1295.png,person276_bacteria_1295.jpeg,PNEUMONIA,bacteria,person276,1,val,848,600
PNEUMONIA__person276_bacteria_1296.png,person276_bacteria_1296.jpeg,PNEUMONIA,bacteria,person276,1,val,944,584
PNEUMONIA__person276_bacteria_1297.png,person276_bacteria_1297.jpeg,PNEUMONIA,bacteria,person276,1,val,824,512
PNEUMONIA__person276_bacteria_1298.png,person276_bacteria_1298.jpeg,PNEUMONIA,bacteria,person276,1,val,872,536
PNEUMONIA__person276_bacteria_1299.png,person276_bacteria_1299.jpeg,PNEUMONIA,bacteria,person276,1,val,1064,712
PNEUMONIA__person276_virus_569.png,person276_virus_569.jpeg,PNEUMONIA,virus,person276,1,val,546,219
PNEUMONIA__person277_bacteria_1300.png,person277_bacteria_1300.jpeg,PNEUMONIA,bacteria,person277,1,train,968,472
PNEUMONIA__person277_bacteria_1301.png,person277_bacteria_1301.jpeg,PNEUMONIA,bacteria,person277,1,train,1000,496
PNEUMONIA__person277_bacteria_1302.png,person277_bacteria_1302.jpeg,PNEUMONIA,bacteria,person277,1,train,1008,576
PNEUMONIA__person277_bacteria_1303.png,person277_bacteria_1303.jpeg,PNEUMONIA,bacteria,person277,1,train,1008,648
PNEUMONIA__person277_bacteria_1304.png,person277_bacteria_1304.jpeg,PNEUMONIA,bacteria,person277,1,train,896,576
PNEUMONIA__person277_bacteria_1305.png,person277_bacteria_1305.jpeg,PNEUMONIA,bacteria,person277,1,train,1224,688
PNEUMONIA__person277_bacteria_1306.png,person277_bacteria_1306.jpeg,PNEUMONIA,bacteria,person277,1,train,896,528
PNEUMONIA__person277_bacteria_1307.png,person277_bacteria_1307.jpeg,PNEUMONIA,bacteria,person277,1,train,1024,624
PNEUMONIA__person277_virus_571.png,person277_virus_571.jpeg,PNEUMONIA,virus,person277,1,train,2080,1731
PNEUMONIA__person278_bacteria_1309.png,person278_bacteria_1309.jpeg,PNEUMONIA,bacteria,person278,1,train,1298,812
PNEUMONIA__person278_bacteria_1311.png,person278_bacteria_1311.jpeg,PNEUMONIA,bacteria,person278,1,train,1040,712
PNEUMONIA__person278_bacteria_1313.png,person278_bacteria_1313.jpeg,PNEUMONIA,bacteria,person278,1,train,1096,624
PNEUMONIA__person278_bacteria_1314.png,person278_bacteria_1314.jpeg,PNEUMONIA,bacteria,person278,1,train,1172,778
PNEUMONIA__person278_virus_572.png,person278_virus_572.jpeg,PNEUMONIA,virus,person278,1,train,1448,1040
PNEUMONIA__person278_virus_573.png,person278_virus_573.jpeg,PNEUMONIA,virus,person278,1,train,1296,1072
PNEUMONIA__person278_virus_574.png,person278_virus_574.jpeg,PNEUMONIA,virus,person278,1,train,1208,1104
PNEUMONIA__person278_virus_575.png,person278_virus_575.jpeg,PNEUMONIA,virus,person278,1,train,1384,1016
PNEUMONIA__person279_bacteria_1315.png,person279_bacteria_1315.jpeg,PNEUMONIA,bacteria,person279,1,test,2772,2098
PNEUMONIA__person279_bacteria_1316.png,person279_bacteria_1316.jpeg,PNEUMONIA,bacteria,person279,1,test,2637,1905
PNEUMONIA__person279_virus_576.png,person279_virus_576.jpeg,PNEUMONIA,virus,person279,1,test,1848,1500
PNEUMONIA__person27_bacteria_135.png,person27_bacteria_135.jpeg,PNEUMONIA,bacteria,person27,1,val,1088,656
PNEUMONIA__person27_bacteria_136.png,person27_bacteria_136.jpeg,PNEUMONIA,bacteria,person27,1,val,1088,560
PNEUMONIA__person27_bacteria_137.png,person27_bacteria_137.jpeg,PNEUMONIA,bacteria,person27,1,val,840,544
PNEUMONIA__person27_bacteria_138.png,person27_bacteria_138.jpeg,PNEUMONIA,bacteria,person27,1,val,1020,647
PNEUMONIA__person280_bacteria_1318.png,person280_bacteria_1318.jpeg,PNEUMONIA,bacteria,person280,1,train,1256,840
PNEUMONIA__person280_bacteria_1320.png,person280_bacteria_1320.jpeg,PNEUMONIA,bacteria,person280,1,train,1048,856
PNEUMONIA__person280_bacteria_1321.png,person280_bacteria_1321.jpeg,PNEUMONIA,bacteria,person280,1,train,1040,696
PNEUMONIA__person280_bacteria_1322.png,person280_bacteria_1322.jpeg,PNEUMONIA,bacteria,person280,1,train,1330,936
PNEUMONIA__person280_virus_577.png,person280_virus_577.jpeg,PNEUMONIA,virus,person280,1,train,1708,1400
PNEUMONIA__person281_bacteria_1323.png,person281_bacteria_1323.jpeg,PNEUMONIA,bacteria,person281,1,train,1072,770
PNEUMONIA__person281_bacteria_1324.png,person281_bacteria_1324.jpeg,PNEUMONIA,bacteria,person281,1,train,928,664
PNEUMONIA__person281_bacteria_1325.png,person281_bacteria_1325.jpeg,PNEUMONIA,bacteria,person281,1,train,920,632
PNEUMONIA__person281_bacteria_1326.png,person281_bacteria_1326.jpeg,PNEUMONIA,bacteria,person281,1,train,936,616
PNEUMONIA__person281_bacteria_1327.png,person281_bacteria_1327.jpeg,PNEUMONIA,bacteria,person281,1,train,904,648
PNEUMONIA__person281_bacteria_1328.png,person281_bacteria_1328.jpeg,PNEUMONIA,bacteria,person281,1,train,920,720
PNEUMONIA__person281_bacteria_1329.png,person281_bacteria_1329.jpeg,PNEUMONIA,bacteria,person281,1,train,976,600
PNEUMONIA__person281_bacteria_1330.png,person281_bacteria_1330.jpeg,PNEUMONIA,bacteria,person281,1,train,1008,632
PNEUMONIA__person281_bacteria_1331.png,person281_bacteria_1331.jpeg,PNEUMONIA,bacteria,person281,1,train,1000,680
PNEUMONIA__person281_bacteria_1332.png,person281_bacteria_1332.jpeg,PNEUMONIA,bacteria,person281,1,train,992,616
PNEUMONIA__person281_bacteria_1333.png,person281_bacteria_1333.jpeg,PNEUMONIA,bacteria,person281,1,train,1016,728
PNEUMONIA__person281_virus_578.png,person281_virus_578.jpeg,PNEUMONIA,virus,person281,1,train,500,250
PNEUMONIA__person282_virus_579.png,person282_virus_579.jpeg,PNEUMONIA,virus,person282,1,train,428,256
PNEUMONIA__person284_virus_582.png,person284_virus_582.jpeg,PNEUMONIA,virus,person284,1,train,1290,809
PNEUMONIA__person286_virus_585.png,person286_virus_585.jpeg,PNEUMONIA,virus,person286,1,train,1338,1079
PNEUMONIA__person287_bacteria_1354.png,person287_bacteria_1354.jpeg,PNEUMONIA,bacteria,person287,1,train,1120,616
PNEUMONIA__person287_bacteria_1355.png,person287_bacteria_1355.jpeg,PNEUMONIA,bacteria,person287,1,train,1234,782
PNEUMONIA__person287_virus_586.png,person287_virus_586.jpeg,PNEUMONIA,virus,person287,1,train,1646,1156
PNEUMONIA__person288_virus_587.png,person288_virus_587.jpeg,PNEUMONIA,virus,person288,1,test,904,560
PNEUMONIA__person289_virus_593.png,person289_virus_593.jpeg,PNEUMONIA,virus,person289,1,train,1304,789
PNEUMONIA__person28_bacteria_139.png,person28_bacteria_139.jpeg,PNEUMONIA,bacteria,person28,1,train,976,648
PNEUMONIA__person28_bacteria_141.png,person28_bacteria_141.jpeg,PNEUMONIA,bacteria,person28,1,train,848,544
PNEUMONIA__person28_bacteria_142.png,person28_bacteria_142.jpeg,PNEUMONIA,bacteria,person28,1,train,1024,576
PNEUMONIA__person28_bacteria_143.png,person28_bacteria_143.jpeg,PNEUMONIA,bacteria,person28,1,train,1176,662
PNEUMONIA__person290_bacteria_1372.png,person290_bacteria_1372.jpeg,PNEUMONIA,bacteria,person290,1,train,1008,512
PNEUMONIA__person290_virus_594.png,person290_virus_594.jpeg,PNEUMONIA,virus,person290,1,train,1768,1712
PNEUMONIA__person291_bacteria_1374.png,person291_bacteria_1374.jpeg,PNEUMONIA,bacteria,person291,1,train,1200,960
PNEUMONIA__person291_bacteria_1376.png,person291_bacteria_1376.jpeg,PNEUMONIA,bacteria,person291,1,train,1264,936
PNEUMONIA__person291_bacteria_1377.png,person291_bacteria_1377.jpeg,PNEUMONIA,bacteria,person291,1,train,1546,1064
PNEUMONIA__person291_virus_596.png,person291_virus_596.jpeg,PNEUMONIA,virus,person291,1,train,525,282
PNEUMONIA__person292_bacteria_1378.png,person292_bacteria_1378.jpeg,PNEUMONIA,bacteria,person292,1,train,1176,616
PNEUMONIA__person292_virus_597.png,person292_virus_597.jpeg,PNEUMONIA,virus,person292,1,train,1512,1216
PNEUMONIA__person292_virus_598.png,person292_virus_598.jpeg,PNEUMONIA,virus,person292,1,train,1456,1232
PNEUMONIA__person292_virus_599.png,person292_virus_599.jpeg,PNEUMONIA,virus,person292,1,train,1520,1192
PNEUMONIA__person292_virus_600.png,person292_virus_600.jpeg,PNEUMONIA,virus,person292,1,train,1440,1104
PNEUMONIA__person292_virus_602.png,person292_virus_602.jpeg,PNEUMONIA,virus,person292,1,train,1504,1336
PNEUMONIA__person293_bacteria_1379.png,person293_bacteria_1379.jpeg,PNEUMONIA,bacteria,person293,1,train,1770,1306
PNEUMONIA__person293_virus_604.png,person293_virus_604.jpeg,PNEUMONIA,virus,person293,1,train,570,305
PNEUMONIA__person293_virus_605.png,person293_virus_605.jpeg,PNEUMONIA,virus,person293,1,train,1216,744
PNEUMONIA__person294_bacteria_1380.png,person294_bacteria_1380.jpeg,PNEUMONIA,bacteria,person294,1,val,1000,680
PNEUMONIA__person294_bacteria_1381.png,person294_bacteria_1381.jpeg,PNEUMONIA,bacteria,person294,1,val,1336,768
PNEUMONIA__person294_bacteria_1382.png,person294_bacteria_1382.jpeg,PNEUMONIA,bacteria,person294,1,val,984,696
PNEUMONIA__person294_bacteria_1383.png,person294_bacteria_1383.jpeg,PNEUMONIA,bacteria,person294,1,val,1224,816
PNEUMONIA__person294_bacteria_1384.png,person294_bacteria_1384.jpeg,PNEUMONIA,bacteria,person294,1,val,1024,688
PNEUMONIA__person294_bacteria_1385.png,person294_bacteria_1385.jpeg,PNEUMONIA,bacteria,person294,1,val,992,664
PNEUMONIA__person294_bacteria_1386.png,person294_bacteria_1386.jpeg,PNEUMONIA,bacteria,person294,1,val,1306,821
PNEUMONIA__person294_bacteria_1388.png,person294_bacteria_1388.jpeg,PNEUMONIA,bacteria,person294,1,val,1234,778
PNEUMONIA__person294_virus_606.png,person294_virus_606.jpeg,PNEUMONIA,virus,person294,1,val,1024,751
PNEUMONIA__person294_virus_610.png,person294_virus_610.jpeg,PNEUMONIA,virus,person294,1,val,920,600
PNEUMONIA__person294_virus_611.png,person294_virus_611.jpeg,PNEUMONIA,virus,person294,1,val,952,576
PNEUMONIA__person295_bacteria_1389.png,person295_bacteria_1389.jpeg,PNEUMONIA,bacteria,person295,1,train,1168,696
PNEUMONIA__person295_bacteria_1390.png,person295_bacteria_1390.jpeg,PNEUMONIA,bacteria,person295,1,train,1354,759
PNEUMONIA__person295_virus_612.png,person295_virus_612.jpeg,PNEUMONIA,virus,person295,1,train,1546,1230
PNEUMONIA__person1000_bacteria_2931.png,person1000_bacteria_2931.jpeg,PNEUMONIA,bacteria,person1000,1,train,1152,760
PNEUMONIA__person1000_virus_1681.png,person1000_virus_1681.jpeg,PNEUMONIA,virus,person1000,1,train,1072,768
PNEUMONIA__person1001_bacteria_2932.png,person1001_bacteria_2932.jpeg,PNEUMONIA,bacteria,person1001,1,train,1244,863
PNEUMONIA__person1002_bacteria_2933.png,person1002_bacteria_2933.jpeg,PNEUMONIA,bacteria,person1002,1,train,1242,940
PNEUMONIA__person1003_bacteria_2934.png,person1003_bacteria_2934.jpeg,PNEUMONIA,bacteria,person1003,1,test,1488,1280
PNEUMONIA__person1003_virus_1685.png,person1003_virus_1685.jpeg,PNEUMONIA,virus,person1003,1,test,1008,616
PNEUMONIA__person1004_bacteria_2935.png,person1004_bacteria_2935.jpeg,PNEUMONIA,bacteria,person1004,1,train,1184,816
PNEUMONIA__person1004_virus_1686.png,person1004_virus_1686.jpeg,PNEUMONIA,virus,person1004,1,train,856,480
PNEUMONIA__person1005_bacteria_2936.png,person1005_bacteria_2936.jpeg,PNEUMONIA,bacteria,person1005,1,test,1048,888
PNEUMONIA__person1005_virus_1688.png,person1005_virus_1688.jpeg,PNEUMONIA,virus,person1005,1,test,1216,792
PNEUMONIA__person1006_bacteria_2937.png,person1006_bacteria_2937.jpeg,PNEUMONIA,bacteria,person1006,1,train,1553,1044
PNEUMONIA__person1007_bacteria_2938.png,person1007_bacteria_2938.jpeg,PNEUMONIA,bacteria,person1007,1,train,992,776
PNEUMONIA__person1007_virus_1690.png,person1007_virus_1690.jpeg,PNEUMONIA,virus,person1007,1,train,1048,664
PNEUMONIA__person1008_bacteria_2939.png,person1008_bacteria_2939.jpeg,PNEUMONIA,bacteria,person1008,1,test,1240,792
PNEUMONIA__person1008_virus_1691.png,person1008_virus_1691.jpeg,PNEUMONIA,virus,person1008,1,test,1576,1328
PNEUMONIA__person1009_virus_1694.png,person1009_virus_1694.jpeg,PNEUMONIA,virus,person1009,1,train,1520,936
PNEUMONIA__person100_virus_184.png,person100_virus_184.jpeg,PNEUMONIA,virus,person100,1,val,1104,792
PNEUMONIA__person1010_bacteria_2941.png,person1010_bacteria_2941.jpeg,PNEUMONIA,bacteria,person1010,1,train,1328,1368
PNEUMONIA__person1010_virus_1695.png,person1010_virus_1695.jpeg,PNEUMONIA,virus,person1010,1,train,502,307
PNEUMONIA__person1011_bacteria_2942.png,person1011_bacteria_2942.jpeg,PNEUMONIA,bacteria,person1011,1,train,1128,520
PNEUMONIA__person1012_bacteria_2943.png,person1012_bacteria_2943.jpeg,PNEUMONIA,bacteria,person1012,1,val,992,680
PNEUMONIA__person1014_bacteria_2945.png,person1014_bacteria_2945.jpeg,PNEUMONIA,bacteria,person1014,1,test,1366,1044
PNEUMONIA__person1015_virus_1701.png,person1015_virus_1701.jpeg,PNEUMONIA,virus,person1015,1,train,1664,1496
PNEUMONIA__person1015_virus_1702.png,person1015_virus_1702.jpeg,PNEUMONIA,virus,person1015,1,train,1680,1600
PNEUMONIA__person1016_bacteria_2947.png,person1016_bacteria_2947.jpeg,PNEUMONIA,bacteria,person1016,1,train,968,656
PNEUMONIA__person1016_virus_1704.png,person1016_virus_1704.jpeg,PNEUMONIA,virus,person1016,1,train,1336,944
PNEUMONIA__person1017_bacteria_2948.png,person1017_bacteria_2948.jpeg,PNEUMONIA,bacteria,person1017,1,train,1048,716
PNEUMONIA__person1018_bacteria_2949.png,person1018_bacteria_2949.jpeg,PNEUMONIA,bacteria,person1018,1,train,992,760
PNEUMONIA__person1018_virus_1706.png,person1018_virus_1706.jpeg,PNEUMONIA,virus,person1018,1,train,1280,784
PNEUMONIA__person1019_bacteria_2950.png,person1019_bacteria_2950.jpeg,PNEUMONIA,bacteria,person1019,1,train,904,624
PNEUMONIA__person1019_virus_1707.png,person1019_virus_1707.jpeg,PNEUMONIA,virus,person1019,1,train,1752,1408
PNEUMONIA__person1019_virus_1708.png,person1019_virus_1708.jpeg,PNEUMONIA,virus,person1019,1,train,1848,1448
PNEUMONIA__person101_virus_187.png,person101_virus_187.jpeg,PNEUMONIA,virus,person101,1,train,1592,1312
PNEUMONIA__person101_virus_188.png,person101_virus_188.jpeg,PNEUMONIA,virus,person101,1,train,1736,1752
PNEUMONIA__person1020_bacteria_2951.png,person1020_bacteria_2951.jpeg,PNEUMONIA,bacteria,person1020,1,train,1136,712
PNEUMONIA__person1020_virus_1710.png,person1020_virus_1710.jpeg,PNEUMONIA,virus,person1020,1,train,1272,728
PNEUMONIA__person1021_virus_1711.png,person1021_virus_1711.jpeg,PNEUMONIA,virus,person1021,1,train,1184,752
PNEUMONIA__person1022_bacteria_2953.png,person1022_bacteria_2953.jpeg,PNEUMONIA,bacteria,person1022,1,train,1080,984
PNEUMONIA__person1022_virus_1712.png,person1022_virus_1712.jpeg,PNEUMONIA,virus,person1022,1,train,1584,1328
PNEUMONIA__person1023_bacteria_2954.png,person1023_bacteria_2954.jpeg,PNEUMONIA,bacteria,person1023,1,train,1538,1299
PNEUMONIA__person1023_virus_1714.png,person1023_virus_1714.jpeg,PNEUMONIA,virus,person1023,1,train,1232,720
PNEUMONIA__person1024_bacteria_2955.png,person1024_bacteria_2955.jpeg,PNEUMONIA,bacteria,person1024,1,train,1136,704
PNEUMONIA__person1024_virus_1716.png,person1024_virus_1716.jpeg,PNEUMONIA,virus,person1024,1,train,1288,816
PNEUMONIA__person1026_bacteria_2957.png,person1026_bacteria_2957.jpeg,PNEUMONIA,bacteria,person1026,1,val,1128,832
PNEUMONIA__person1026_virus_1718.png,person1026_virus_1718.jpeg,PNEUMONIA,virus,person1026,1,val,1368,872
PNEUMONIA__person1028_bacteria_2959.png,person1028_bacteria_2959.jpeg,PNEUMONIA,bacteria,person1028,1,val,1008,728
PNEUMONIA__person1028_bacteria_2960.png,person1028_bacteria_2960.jpeg,PNEUMONIA,bacteria,person1028,1,val,912,480
PNEUMONIA__person1029_bacteria_2961.png,person1029_bacteria_2961.jpeg,PNEUMONIA,bacteria,person1029,1,val,1056,656
PNEUMONIA__person1029_virus_1721.png,person1029_virus_1721.jpeg,PNEUMONIA,virus,person1029,1,val,1296,696
PNEUMONIA__person102_virus_189.png,person102_virus_189.jpeg,PNEUMONIA,virus,person102,1,train,1612,1086
PNEUMONIA__person1030_virus_1722.png,person1030_virus_1722.jpeg,PNEUMONIA,virus,person1030,1,train,1784,1184
PNEUMONIA__person1031_bacteria_2963.png,person1031_bacteria_2963.jpeg,PNEUMONIA,bacteria,person1031,1,train,1096,744
PNEUMONIA__person1031_bacteria_2964.png,person1031_bacteria_2964.jpeg,PNEUMONIA,bacteria,person1031,1,train,1032,680
PNEUMONIA__person1031_virus_1723.png,person1031_virus_1723.jpeg,PNEUMONIA,virus,person1031,1,train,1504,1296
PNEUMONIA__person1033_bacteria_2966.png,person1033_bacteria_2966.jpeg,PNEUMONIA,bacteria,person1033,1,test,848,704
PNEUMONIA__person1034_bacteria_2968.png,person1034_bacteria_2968.jpeg,PNEUMONIA,bacteria,person1034,1,train,1088,712
PNEUMONIA__person1034_virus_1728.png,person1034_virus_1728.jpeg,PNEUMONIA,virus,person1034,1,train,1144,928
PNEUMONIA__person1035_bacteria_2969.png,person1035_bacteria_2969.jpeg,PNEUMONIA,bacteria,person1035,1,train,860,500
PNEUMONIA__person1035_virus_1729.png,person1035_virus_1729.jpeg,PNEUMONIA,virus,person1035,1,train,1248,840
PNEUMONIA__person1036_bacteria_2970.png,person1036_bacteria_2970.jpeg,PNEUMONIA,bacteria,person1036,1,train,920,736
PNEUMONIA__person1036_virus_1730.png,person1036_virus_1730.jpeg,PNEUMONIA,virus,person1036,1,train,1136,840
PNEUMONIA__person1037_bacteria_2971.png,person1037_bacteria_2971.jpeg,PNEUMONIA,bacteria,person1037,1,train,1152,672
PNEUMONIA__person1038_bacteria_2972.png,person1038_bacteria_2972.jpeg,PNEUMONIA,bacteria,person1038,1,test,2093,1404
PNEUMONIA__person1038_virus_1733.png,person1038_virus_1733.jpeg,PNEUMONIA,virus,person1038,1,test,1368,928
PNEUMONIA__person1039_bacteria_2973.png,person1039_bacteria_2973.jpeg,PNEUMONIA,bacteria,person1039,1,train,1532,1066
PNEUMONIA__person103_virus_190.png,person103_virus_190.jpeg,PNEUMONIA,virus,person103,1,train,1328,912
PNEUMONIA__person1040_bacteria_2974.png,person1040_bacteria_2974.jpeg,PNEUMONIA,bacteria,person1040,1,train,1467,1044
PNEUMONIA__person1040_virus_1735.png,person1040_virus_1735.jpeg,PNEUMONIA,virus,person1040,1,train,1040,520
PNEUMONIA__person1041_bacteria_2975.png,person1041_bacteria_2975.jpeg,PNEUMONIA,bacteria,person1041,1,train,1000,728
PNEUMONIA__person1041_virus_1736.png,person1041_virus_1736.jpeg,PNEUMONIA,virus,person1041,1,train,1304,760
PNEUMONIA__person1042_virus_1737.png,person1042_virus_1737.jpeg,PNEUMONIA,virus,person1042,1,train,1408,1056
PNEUMONIA__person1043_bacteria_2977.png,person1043_bacteria_2977.jpeg,PNEUMONIA,bacteria,person1043,1,train,1336,896
PNEUMONIA__person1043_virus_1738.png,person1043_virus_1738.jpeg,PNEUMONIA,virus,person1043,1,train,1160,768
PNEUMONIA__person1044_bacteria_2978.png,person1044_bacteria_2978.jpeg,PNEUMONIA,bacteria,person1044,1,train,1168,828
PNEUMONIA__person1044_virus_1740.png,person1044_virus_1740.jpeg,PNEUMONIA,virus,person1044,1,train,1488,1088
PNEUMONIA__person1045_bacteria_2979.png,person1045_bacteria_2979.jpeg,PNEUMONIA,bacteria,person1045,1,train,1008,760
PNEUMONIA__person1045_virus_1741.png,person1045_virus_1741.jpeg,PNEUMONIA,virus,person1045,1,train,1120,872
PNEUMONIA__person1046_bacteria_2980.png,person1046_bacteria_2980.jpeg,PNEUMONIA,bacteria,person1046,1,train,1088,872
PNEUMONIA__person1046_virus_1742.png,person1046_virus_1742.jpeg,PNEUMONIA,virus,person1046,1,train,1128,648
PNEUMONIA__person1048_bacteria_2982.png,person1048_bacteria_2982.jpeg,PNEUMONIA,bacteria,person1048,1,val,976,608
PNEUMONIA__person1048_virus_1744.png,person1048_virus_1744.jpeg,PNEUMONIA,virus,person1048,1,val,1344,1040
PNEUMONIA__person1049_bacteria_2983.png,person1049_bacteria_2983.jpeg,PNEUMONIA,bacteria,person1049,1,train,1464,967
PNEUMONIA__person1049_virus_1746.png,person1049_virus_1746.jpeg,PNEUMONIA,virus,person1049,1,train,1016,704
PNEUMONIA__person104_virus_191.png,person104_virus_191.jpeg,PNEUMONIA,virus,person104,1,train,1644,1138
PNEUMONIA__person1050_bacteria_2984.png,person1050_bacteria_2984.jpeg,PNEUMONIA,bacteria,person1050,1,val,944,616
PNEUMONIA__person1051_bacteria_2985.png,person1051_bacteria_2985.jpeg,PNEUMONIA,bacteria,person1051,1,train,1088,728
PNEUMONIA__person1051_virus_1750.png,person1051_virus_1750.jpeg,PNEUMONIA,virus,person1051,1,train,1616,1352
PNEUMONIA__person1052_bacteria_2986.png,person1052_bacteria_2986.jpeg,PNEUMONIA,bacteria,person1052,1,train,1048,856
PNEUMONIA__person1052_virus_1751.png,person1052_virus_1751.jpeg,PNEUMONIA,virus,person1052,1,train,836,521
PNEUMONIA__person1053_bacteria_2987.png,person1053_bacteria_2987.jpeg,PNEUMONIA,bacteria,person1053,1,val,1016,696
PNEUMONIA__person1054_bacteria_2988.png,person1054_bacteria_2988.jpeg,PNEUMONIA,bacteria,person1054,1,train,1344,1072
PNEUMONIA__person1055_bacteria_2989.png,person1055_bacteria_2989.jpeg,PNEUMONIA,bacteria,person1055,1,test,1064,880
PNEUMONIA__person1056_bacteria_2990.png,person1056_bacteria_2990.jpeg,PNEUMONIA,bacteria,person1056,1,train,1016,664
PNEUMONIA__person1056_virus_1755.png,person1056_virus_1755.jpeg,PNEUMONIA,virus,person1056,1,train,1816,1184
PNEUMONIA__person1057_bacteria_2991.png,person1057_bacteria_2991.jpeg,PNEUMONIA,bacteria,person1057,1,train,1400,910
PNEUMONIA__person1057_virus_1756.png,person1057_virus_1756.jpeg,PNEUMONIA,virus,person1057,1,train,1016,664
PNEUMONIA__person1058_bacteria_2992.png,person1058_bacteria_2992.jpeg,PNEUMONIA,bacteria,person1058,1,train,1112,728
PNEUMONIA__person1058_virus_1757.png,person1058_virus_1757.jpeg,PNEUMONIA,virus,person1058,1,train,1376,952
PNEUMONIA__person1059_bacteria_2993.png,person1059_bacteria_2993.jpeg,PNEUMONIA,bacteria,person1059,1,test,1088,688
PNEUMONIA__person1059_virus_1758.png,person1059_virus_1758.jpeg,PNEUMONIA,virus,person1059,1,test,936,568
PNEUMONIA__person105_virus_192.png,person105_virus_192.jpeg,PNEUMONIA,virus,person105,1,test,1096,650
PNEUMONIA__person105_virus_193.png,person105_virus_193.jpeg,PNEUMONIA,virus,person105,1,test,1101,823
PNEUMONIA__person1060_virus_1760.png,person1060_virus_1760.jpeg,PNEUMONIA,virus,person1060,1,train,1312,920
PNEUMONIA__person1062_bacteria_2996.png,person1062_bacteria_2996.jpeg,PNEUMONIA,bacteria,person1062,1,val,952,800
PNEUMONIA__person1062_virus_1762.png,person1062_virus_1762.jpeg,PNEUMONIA,virus,person1062,1,val,1104,632
PNEUMONIA__person1063_bacteria_2997.png,person1063_bacteria_2997.jpeg,PNEUMONIA,bacteria,person1063,1,val,1232,976
PNEUMONIA__person1063_virus_1765.png,person1063_virus_1765.jpeg,PNEUMONIA,virus,person1063,1,val,1072,728
PNEUMONIA__person1065_bacteria_2999.png,person1065_bacteria_2999.jpeg,PNEUMONIA,bacteria,person1065,1,val,1000,720
PNEUMONIA__person1065_virus_1768.png,person1065_virus_1768.jpeg,PNEUMONIA,virus,person1065,1,val,1344,912
PNEUMONIA__person1066_bacteria_3000.png,person1066_bacteria_3000.jpeg,PNEUMONIA,bacteria,person1066,1,test,1272,1128
PNEUMONIA__person1066_virus_1769.png,person1066_virus_1769.jpeg,PNEUMONIA,virus,person1066,1,test,1392,904
PNEUMONIA__person1067_bacteria_3001.png,person1067_bacteria_3001.jpeg,PNEUMONIA,bacteria,person1067,1,train,1136,904
PNEUMONIA__person1067_virus_1770.png,person1067_virus_1770.jpeg,PNEUMONIA,virus,person1067,1,train,992,624
PNEUMONIA__person1068_bacteria_3002.png,person1068_bacteria_3002.jpeg,PNEUMONIA,bacteria,person1068,1,train,1368,1120
PNEUMONIA__person1068_virus_1771.png,person1068_virus_1771.jpeg,PNEUMONIA,virus,person1068,1,train,952,560
PNEUMONIA__person1069_bacteria_3003.png,person1069_bacteria_3003.jpeg,PNEUMONIA,bacteria,person1069,1,train,1248,1016
PNEUMONIA__person1069_virus_1772.png,person1069_virus_1772.jpeg,PNEUMONIA,virus,person1069,1,train,1408,792
PNEUMONIA__person106_virus_194.png,person106_virus_194.jpeg,PNEUMONIA,virus,person106,1,train,1541,881
PNEUMONIA__person1070_virus_1773.png,person1070_virus_1773.jpeg,PNEUMONIA,virus,person1070,1,test,1376,752
PNEUMONIA__person1071_bacteria_3005.png,person1071_bacteria_3005.jpeg,PNEUMONIA,bacteria,person1071,1,train,1056,840
PNEUMONIA__person1071_virus_1774.png,person1071_virus_1774.jpeg,PNEUMONIA,virus,person1071,1,train,1024,640
PNEUMONIA__person1072_bacteria_3006.png,person1072_bacteria_3006.jpeg,PNEUMONIA,bacteria,person1072,1,test,1008,680
PNEUMONIA__person1072_bacteria_3007.png,person1072_bacteria_3007.jpeg,PNEUMONIA,bacteria,person1072,1,test,1072,664
PNEUMONIA__person1072_virus_1775.png,person1072_virus_1775.jpeg,PNEUMONIA,virus,person1072,1,test,1288,760
PNEUMONIA__person1073_bacteria_3008.png,person1073_bacteria_3008.jpeg,PNEUMONIA,bacteria,person1073,1,train,978,626
PNEUMONIA__person1073_bacteria_3011.png,person1073_bacteria_3011.jpeg,PNEUMONIA,bacteria,person1073,1,train,1016,680
PNEUMONIA__person1073_virus_1776.png,person1073_virus_1776.jpeg,PNEUMONIA,virus,person1073,1,train,1152,736
PNEUMONIA__person1074_bacteria_3012.png,person1074_bacteria_3012.jpeg,PNEUMONIA,bacteria,person1074,1,train,1338,1044
PNEUMONIA__person1074_bacteria_3014.png,person1074_bacteria_3014.jpeg,PNEUMONIA,bacteria,person1074,1,train,992,520
PNEUMONIA__person1075_bacteria_3015.png,person1075_bacteria_3015.jpeg,PNEUMONIA,bacteria,person1075,1,train,1690,1267
PNEUMONIA__person1076_bacteria_3016.png,person1076_bacteria_3016.jpeg,PNEUMONIA,bacteria,person1076,1,val,1292,867
PNEUMONIA__person1077_bacteria_3017.png,person1077_bacteria_3017.jpeg,PNEUMONIA,bacteria,person1077,1,val,1048,640
PNEUMONIA__person1077_virus_1787.png,person1077_virus_1787.jpeg,PNEUMONIA,virus,person1077,1,val,1696,1320
PNEUMONIA__person1078_bacteria_3018.png,person1078_bacteria_3018.jpeg,PNEUMONIA,bacteria,person1078,1,train,1072,840
PNEUMONIA__person1078_virus_1788.png,person1078_virus_1788.jpeg,PNEUMONIA,virus,person1078,1,train,1176,704
PNEUMONIA__person1079_bacteria_3019.png,person1079_bacteria_3019.jpeg,PNEUMONIA,bacteria,person1079,1,train,1248,832
PNEUMONIA__person1079_virus_1789.png,person1079_virus_1789.jpeg,PNEUMONIA,virus,person1079,1,train,1568,1152
PNEUMONIA__person107_virus_197.png,person107_virus_197.jpeg,PNEUMONIA,virus,person107,1,train,1616,1024
PNEUMONIA__person1080_bacteria_3020.png,person1080_bacteria_3020.jpeg,PNEUMONIA,bacteria,person1080,1,train,1432,800
PNEUMONIA__person1080_virus_1791.png,person1080_virus_1791.jpeg,PNEUMONIA,virus,person1080,1,train,1568,1016
PNEUMONIA__person1081_bacteria_3021.png,person1081_bacteria_3021.jpeg,PNEUMONIA,bacteria,person1081,1,train,944,560
PNEUMONIA__person1081_virus_1793.png,person1081_virus_1793.jpeg,PNEUMONIA,virus,person1081,1,train,976,576
PNEUMONIA__person1082_bacteria_3022.png,person1082_bacteria_3022.jpeg,PNEUMONIA,bacteria,person1082,1,train,1280,984
PNEUMONIA__person1082_virus_1794.png,person1082_virus_1794.jpeg,PNEUMONIA,virus,person1082,1,train,1232,688
PNEUMONIA__person1083_bacteria_3023.png,person1083_bacteria_3023.jpeg,PNEUMONIA,bacteria,person1083,1,test,1104,752
PNEUMONIA__person1083_virus_1795.png,person1083_virus_1795.jpeg,PNEUMONIA,virus,person1083,1,test,1152,696
PNEUMONIA__person1084_bacteria_3024.png,person1084_bacteria_3024.jpeg,PNEUMONIA,bacteria,person1084,1,val,1096,776
PNEUMONIA__person1084_virus_1796.png,person1084_virus_1796.jpeg,PNEUMONIA,virus,person1084,1,val,1544,1080
PNEUMONIA__person1085_bacteria_3025.png,person1085_bacteria_3025.jpeg,PNEUMONIA,bacteria,person1085,1,train,1080,752
PNEUMONIA__person1085_virus_1797.png,person1085_virus_1797.jpeg,PNEUMONIA,virus,person1085,1,train,1320,776
PNEUMONIA__person1086_bacteria_3026.png,person1086_bacteria_3026.jpeg,PNEUMONIA,bacteria,person1086,1,train,1468,821
PNEUMONIA__person1086_virus_1798.png,person1086_virus_1798.jpeg,PNEUMONIA,virus,person1086,1,train,1128,728
PNEUMONIA__person1087_bacteria_3027.png,person1087_bacteria_3027.jpeg,PNEUMONIA,bacteria,person1087,1,train,1160,752
PNEUMONIA__person1087_virus_1799.png,person1087_virus_1799.jpeg,PNEUMONIA,virus,person1087,1,train,904,472
PNEUMONIA__person1088_bacteria_3028.png,person1088_bacteria_3028.jpeg,PNEUMONIA,bacteria,person1088,1,train,1000,824
PNEUMONIA__person1088_virus_1800.png,person1088_virus_1800.jpeg,PNEUMONIA,virus,person1088,1,train,2080,1736
PNEUMONIA__person1089_bacteria_3029.png,person1089_bacteria_3029.jpeg,PNEUMONIA,bacteria,person1089,1,train,1136,688
PNEUMONIA__person1089_virus_1808.png,person1089_virus_1808.jpeg,PNEUMONIA,virus,person1089,1,train,1064,576
PNEUMONIA__person108_virus_199.png,person108_virus_199.jpeg,PNEUMONIA,virus,person108,1,train,2064,1632
PNEUMONIA__person108_virus_200.png,person108_virus_200.jpeg,PNEUMONIA,virus,person108,1,train,2048,1448
PNEUMONIA__person108_virus_201.png,person108_virus_201.jpeg,PNEUMONIA,virus,person108,1,train,1968,1688
PNEUMONIA__person1090_virus_1809.png,person1090_virus_1809.jpeg,PNEUMONIA,virus,person1090,1,train,1136,656
PNEUMONIA__person1091_bacteria_3031.png,person1091_bacteria_3031.jpeg,PNEUMONIA,bacteria,person1091,1,test,1112,784
PNEUMONIA__person1091_virus_1810.png,person1091_virus_1810.jpeg,PNEUMONIA,virus,person1091,1,test,976,512
PNEUMONIA__person1092_bacteria_3032.png,person1092_bacteria_3032.jpeg,PNEUMONIA,bacteria,person1092,1,train,1216,760
PNEUMONIA__person1092_virus_1811.png,person1092_virus_1811.jpeg,PNEUMONIA,virus,person1092,1,train,1352,960
PNEUMONIA__person1093_bacteria_3033.png,person1093_bacteria_3033.jpeg,PNEUMONIA,bacteria,person1093,1,train,1208,856
PNEUMONIA__person1094_virus_1814.png,person1094_virus_1814.jpeg,PNEUMONIA,virus,person1094,1,train,952,584
PNEUMONIA__person1095_virus_1815.png,person1095_virus_1815.jpeg,PNEUMONIA,virus,person1095,1,train,1088,712
PNEUMONIA__person1096_bacteria_3037.png,person1096_bacteria_3037.jpeg,PNEUMONIA,bacteria,person1096,1,train,1088,672
PNEUMONIA__person1096_virus_1816.png,person1096_virus_1816.jpeg,PNEUMONIA,virus,person1096,1,train,1000,608
PNEUMONIA__person1097_bacteria_3038.png,person1097_bacteria_3038.jpeg,PNEUMONIA,bacteria,person1097,1,train,936,792
PNEUMONIA__person1097_virus_1817.png,person1097_virus_1817.jpeg,PNEUMONIA,virus,person1097,1,train,1288,840
PNEUMONIA__person1098_bacteria_3039.png,person1098_bacteria_3039.jpeg,PNEUMONIA,bacteria,person1098,1,train,1480,1137
PNEUMONIA__person1098_virus_1818.png,person1098_virus_1818.jpeg,PNEUMONIA,virus,person1098,1,train,1000,488
PNEUMONIA__person1099_bacteria_3040.png,person1099_bacteria_3040.jpeg,PNEUMONIA,bacteria,person1099,1,test,1662,1099
PNEUMONIA__person1099_virus_1819.png,person1099_virus_1819.jpeg,PNEUMONIA,virus,person1099,1,test,759,504
PNEUMONIA__person109_virus_203.png,person109_virus_203.jpeg,PNEUMONIA,virus,person109,1,train,1380,844
PNEUMONIA__person10_bacteria_43.png,person10_bacteria_43.jpeg,PNEUMONIA,bacteria,person10,1,train,1028,650
PNEUMONIA__person1100_bacteria_3041.png,person1100_bacteria_3041.jpeg,PNEUMONIA,bacteria,person1100,1,train,1256,816
PNEUMONIA__person1100_virus_1820.png,person1100_virus_1820.jpeg,PNEUMONIA,virus,person1100,1,train,1152,616
PNEUMONIA__person1101_bacteria_3042.png,person1101_bacteria_3042.jpeg,PNEUMONIA,bacteria,person1101,1,train,1072,624
PNEUMONIA__person1102_bacteria_3043.png,person1102_bacteria_3043.jpeg,PNEUMONIA,bacteria,person1102,1,val,976,616
PNEUMONIA__person1102_virus_1822.png,person1102_virus_1822.jpeg,PNEUMONIA,virus,person1102,1,val,1096,664
PNEUMONIA__person1103_bacteria_3044.png,person1103_bacteria_3044.jpeg,PNEUMONIA,bacteria,person1103,1,train,1336,848
PNEUMONIA__person1103_virus_1825.png,person1103_virus_1825.jpeg,PNEUMONIA,virus,person1103,1,train,1616,872
PNEUMONIA__person1104_virus_1826.png,person1104_virus_1826.jpeg,PNEUMONIA,virus,person1104,1,train,858,522
PNEUMONIA__person1105_bacteria_3046.png,person1105_bacteria_3046.jpeg,PNEUMONIA,bacteria,person1105,1,val,1136,760
PNEUMONIA__person1106_virus_1829.png,person1106_virus_1829.jpeg,PNEUMONIA,virus,person1106,1,train,1624,1208
PNEUMONIA__person1107_bacteria_3048.png,person1107_bacteria_3048.jpeg,PNEUMONIA,bacteria,person1107,1,train,1482,1044
PNEUMONIA__person1107_virus_1831.png,person1107_virus_1831.jpeg,PNEUMONIA,virus,person1107,1,train,1024,744
PNEUMONIA__person1107_virus_1832.png,person1107_virus_1832.jpeg,PNEUMONIA,virus,person1107,1,train,1392,832
PNEUMONIA__person1108_bacteria_3049.png,person1108_bacteria_3049.jpeg,PNEUMONIA,bacteria,person1108,1,train,1467,1044
PNEUMONIA__person1108_virus_1833.png,person1108_virus_1833.jpeg,PNEUMONIA,virus,person1108,1,train,869,563
PNEUMONIA__person1109_bacteria_3050.png,person1109_bacteria_3050.jpeg,PNEUMONIA,bacteria,person1109,1,test,1128,752
PNEUMONIA__person110_virus_205.png,person110_virus_205.jpeg,PNEUMONIA,virus,person110,1,train,1192,864
PNEUMONIA__person110_virus_206.png,person110_virus_206.jpeg,PNEUMONIA,virus,person110,1,train,1192,840
PNEUMONIA__person110_virus_207.png,person110_virus_207.jpeg,PNEUMONIA,virus,person110,1,train,1168,784
PNEUMONIA__person110_virus_208.png,person110_virus_208.jpeg,PNEUMONIA,virus,person110,1,train,1353,835
PNEUMONIA__person1110_bacteria_3051.png,person1110_bacteria_3051.jpeg,PNEUMONIA,bacteria,person1110,1,train,1232,952
PNEUMONIA__person1110_virus_1835.png,person1110_virus_1835.jpeg,PNEUMONIA,virus,person1110,1,train,1328,784
PNEUMONIA__person1111_bacteria_3052.png,person1111_bacteria_3052.jpeg,PNEUMONIA,bacteria,person1111,1,train,1192,752
PNEUMONIA__person1111_virus_1836.png,person1111_virus_1836.jpeg,PNEUMONIA,virus,person1111,1,train,1072,664
PNEUMONIA__person1112_bacteria_3053.png,person1112_bacteria_3053.jpeg,PNEUMONIA,bacteria,person1112,1,test,1224,792
PNEUMONIA__person1112_virus_1837.png,person1112_virus_1837.jpeg,PNEUMONIA,virus,person1112,1,test,1352,792
PNEUMONIA__person1113_virus_1838.png,person1113_virus_1838.jpeg,PNEUMONIA,virus,person1113,1,train,1232,712
PNEUMONIA__person1114_bacteria_3055.png,person1114_bacteria_3055.jpeg,PNEUMONIA,bacteria,person1114,1,train,1218,739
PNEUMONIA__person1115_bacteria_3056.png,person1115_bacteria_3056.jpeg,PNEUMONIA,bacteria,person1115,1,train,1312,888
PNEUMONIA__person1115_virus_1840.png,person1115_virus_1840.jpeg,PNEUMONIA,virus,person1115,1,train,1072,520
PNEUMONIA__person1116_virus_1841.png,person1116_virus_1841.jpeg,PNEUMONIA,virus,person1116,1,val,1160,760
PNEUMONIA__person1118_bacteria_3059.png,person1118_bacteria_3059.jpeg,PNEUMONIA,bacteria,person1118,1,train,1056,960
PNEUMONIA__person1119_virus_1844.png,person1119_virus_1844.jpeg,PNEUMONIA,virus,person1119,1,test,1232,808
PNEUMONIA__person111_virus_209.png,person111_virus_209.jpeg,PNEUMONIA,virus,person111,1,train,1520,1376
PNEUMONIA__person111_virus_210.png,person111_virus_210.jpeg,PNEUMONIA,virus,person111,1,train,1568,1504
PNEUMONIA__person111_virus_212.png,person111_virus_212.jpeg,PNEUMONIA,virus,person111,1,train,1693,1456
PNEUMONIA__person1120_virus_1845.png,person1120_virus_1845.jpeg,PNEUMONIA,virus,person1120,1,test,1104,536
PNEUMONIA__person1121_virus_1846.png,person1121_virus_1846.jpeg,PNEUMONIA,virus,person1121,1,train,1320,736
PNEUMONIA__person1122_bacteria_3063.png,person1122_bacteria_3063.jpeg,PNEUMONIA,bacteria,person1122,1,train,1820,1153
PNEUMONIA__person1122_virus_1847.png,person1122_virus_1847.jpeg,PNEUMONIA,virus,person1122,1,train,1304,848
PNEUMONIA__person1123_virus_1848.png,person1123_virus_1848.jpeg,PNEUMONIA,virus,person1123,1,train,1208,864
PNEUMONIA__person1124_bacteria_3065.png,person1124_bacteria_3065.jpeg,PNEUMONIA,bacteria,person1124,1,test,1546,1231
PNEUMONIA__person1124_virus_1851.png,person1124_virus_1851.jpeg,PNEUMONIA,virus,person1124,1,test,1520,960
PNEUMONIA__person1125_bacteria_3066.png,person1125_bacteria_3066.jpeg,PNEUMONIA,bacteria,person1125,1,train,1294,1138
PNEUMONIA__person1125_virus_1852.png,person1125_virus_1852.jpeg,PNEUMONIA,virus,person1125,1,train,1272,952
PNEUMONIA__person1126_virus_1853.png,person1126_virus_1853.jpeg,PNEUMONIA,virus,person1126,1,test,1016,512
PNEUMONIA__person1127_bacteria_3068.png,person1127_bacteria_3068.jpeg,PNEUMONIA,bacteria,person1127,1,train,861,543
PNEUMONIA__person1127_virus_1854.png,person1127_virus_1854.jpeg,PNEUMONIA,virus,person1127,1,train,1072,712
PNEUMONIA__person1128_bacteria_3069.png,person1128_bacteria_3069.jpeg,PNEUMONIA,bacteria,person1128,1,train,920,760
PNEUMONIA__person1129_bacteria_3070.png,person1129_bacteria_3070.jpeg,PNEUMONIA,bacteria,person1129,1,train,1296,784
PNEUMONIA__person1129_virus_1857.png,person1129_virus_1857.jpeg,PNEUMONIA,virus,person1129,1,train,926,628
PNEUMONIA__person112_virus_213.png,person112_virus_213.jpeg,PNEUMONIA,virus,person112,1,train,1746,1270
PNEUMONIA__person1130_bacteria_3072.png,person1130_bacteria_3072.jpeg,PNEUMONIA,bacteria,person1130,1,val,1616,1208
PNEUMONIA__person1130_virus_1860.png,person1130_virus_1860.jpeg,PNEUMONIA,virus,person1130,1,val,992,496
PNEUMONIA__person1131_bacteria_3073.png,person1131_bacteria_3073.jpeg,PNEUMONIA,bacteria,person1131,1,train,720,441
PNEUMONIA__person1132_virus_1863.png,person1132_virus_1863.jpeg,PNEUMONIA,virus,person1132,1,test,790,472
PNEUMONIA__person1133_bacteria_3075.png,person1133_bacteria_3075.jpeg,PNEUMONIA,bacteria,person1133,1,train,1048,528
PNEUMONIA__person1133_virus_1865.png,person1133_virus_1865.jpeg,PNEUMONIA,virus,person1133,1,train,722,427
PNEUMONIA__person1134_bacteria_3076.png,person1134_bacteria_3076.jpeg,PNEUMONIA,bacteria,person1134,1,train,1008,656
PNEUMONIA__person1135_bacteria_3077.png,person1135_bacteria_3077.jpeg,PNEUMONIA,bacteria,person1135,1,val,1597,1231
PNEUMONIA__person1136_bacteria_3078.png,person1136_bacteria_3078.jpeg,PNEUMONIA,bacteria,person1136,1,train,896,680
PNEUMONIA__person1137_virus_1876.png,person1137_virus_1876.jpeg,PNEUMONIA,virus,person1137,1,val,1804,1396
PNEUMONIA__person1138_bacteria_3080.png,person1138_bacteria_3080.jpeg,PNEUMONIA,bacteria,person1138,1,test,1280,792
PNEUMONIA__person1138_virus_1877.png,person1138_virus_1877.jpeg,PNEUMONIA,virus,person1138,1,test,1928,964
PNEUMONIA__person1138_virus_1879.png,person1138_virus_1879.jpeg,PNEUMONIA,virus,person1138,1,test,1560,792
PNEUMONIA__person1139_bacteria_3081.png,person1139_bacteria_3081.jpeg,PNEUMONIA,bacteria,person1139,1,train,904,600
PNEUMONIA__person1139_bacteria_3082.png,person1139_bacteria_3082.jpeg,PNEUMONIA,bacteria,person1139,1,train,856,624
PNEUMONIA__person1139_virus_1882.png,person1139_virus_1882.jpeg,PNEUMONIA,virus,person1139,1,train,1364,805
PNEUMONIA__person113_virus_215.png,person113_virus_215.jpeg,PNEUMONIA,virus,person113,1,train,960,672
PNEUMONIA__person113_virus_216.png,person113_virus_216.jpeg,PNEUMONIA,virus,person113,1,train,1072,592
PNEUMONIA__person1140_bacteria_3083.png,person1140_bacteria_3083.jpeg,PNEUMONIA,bacteria,person1140,1,train,1152,784
PNEUMONIA__person1140_virus_1885.png,person1140_virus_1885.jpeg,PNEUMONIA,virus,person1140,1,train,1330,844
PNEUMONIA__person1141_bacteria_3084.png,person1141_bacteria_3084.jpeg,PNEUMONIA,bacteria,person1141,1,test,992,528
PNEUMONIA__person1141_bacteria_3085.png,person1141_bacteria_3085.jpeg,PNEUMONIA,bacteria,person1141,1,test,952,440
PNEUMONIA__person1141_virus_1886.png,person1141_virus_1886.jpeg,PNEUMONIA,virus,person1141,1,test,1152,712
PNEUMONIA__person1141_virus_1890.png,person1141_virus_1890.jpeg,PNEUMONIA,virus,person1141,1,test,1164,735
PNEUMONIA__person1142_bacteria_3086.png,person1142_bacteria_3086.jpeg,PNEUMONIA,bacteria,person1142,1,train,1870,1605
PNEUMONIA__person1142_virus_1892.png,person1142_virus_1892.jpeg,PNEUMONIA,virus,person1142,1,train,941,609
PNEUMONIA__person1143_virus_1896.png,person1143_virus_1896.jpeg,PNEUMONIA,virus,person1143,1,train,928,720
PNEUMONIA__person1143_virus_1897.png,person1143_virus_1897.jpeg,PNEUMONIA,virus,person1143,1,train,1168,880
PNEUMONIA__person1144_bacteria_3089.png,person1144_bacteria_3089.jpeg,PNEUMONIA,bacteria,person1144,1,train,750,440
PNEUMONIA__person1145_bacteria_3090.png,person1145_bacteria_3090.jpeg,PNEUMONIA,bacteria,person1145,1,train,976,672
PNEUMONIA__person1145_virus_1902.png,person1145_virus_1902.jpeg,PNEUMONIA,virus,person1145,1,train,1128,720
PNEUMONIA__person1145_virus_1905.png,person1145_virus_1905.jpeg,PNEUMONIA,virus,person1145,1,train,1056,672
PNEUMONIA__person1145_virus_1906.png,person1145_virus_1906.jpeg,PNEUMONIA,virus,person1145,1,train,1136,840
PNEUMONIA__person1146_bacteria_3091.png,person1146_bacteria_3091.jpeg,PNEUMONIA,bacteria,person1146,1,test,832,584
PNEUMONIA__person1147_virus_1917.png,person1147_virus_1917.jpeg,PNEUMONIA,virus,person1147,1,train,1624,1944
PNEUMONIA__person1147_virus_1919.png,person1147_virus_1919.jpeg,PNEUMONIA,virus,person1147,1,train,1632,1064
PNEUMONIA__person1147_virus_1920.png,person1147_virus_1920.jpeg,PNEUMONIA,virus,person1147,1,train,1664,832
PNEUMONIA__person1149_bacteria_3094.png,person1149_bacteria_3094.jpeg,PNEUMONIA,bacteria,person1149,1,val,1008,712
PNEUMONIA__person1149_virus_1924.png,person1149_virus_1924.jpeg,PNEUMONIA,virus,person1149,1,val,1432,1024
PNEUMONIA__person1149_virus_1925.png,person1149_virus_1925.jpeg,PNEUMONIA,virus,person1149,1,val,1272,882
PNEUMONIA__person114_virus_217.png,person114_virus_217.jpeg,PNEUMONIA,virus,person114,1,train,1456,896
PNEUMONIA__person1150_bacteria_3095.png,person1150_bacteria_3095.jpeg,PNEUMONIA,bacteria,person1150,1,train,1697,1159
PNEUMONIA__person1151_virus_1928.png,person1151_virus_1928.jpeg,PNEUMONIA,virus,person1151,1,train,1604,1462
PNEUMONIA__person1152_virus_1930.png,person1152_virus_1930.jpeg,PNEUMONIA,virus,person1152,1,train,1430,933
PNEUMONIA__person1153_virus_1932.png,person1153_virus_1932.jpeg,PNEUMONIA,virus,person1153,1,train,1118,712
PNEUMONIA__person1154_bacteria_3099.png,person1154_bacteria_3099.jpeg,PNEUMONIA,bacteria,person1154,1,train,1404,1072
PNEUMONIA__person1154_virus_1933.png,person1154_virus_1933.jpeg,PNEUMONIA,virus,person1154,1,train,1574,1164
PNEUMONIA__person1155_bacteria_3100.png,person1155_bacteria_3100.jpeg,PNEUMONIA,bacteria,person1155,1,train,1192,728
PNEUMONIA__person1155_virus_1934.png,person1155_virus_1934.jpeg,PNEUMONIA,virus,person1155,1,train,1078,639
PNEUMONIA__person1156_bacteria_3101.png,person1156_bacteria_3101.jpeg,PNEUMONIA,bacteria,person1156,1,train,1312,912
PNEUMONIA__person1156_virus_1935.png,person1156_virus_1935.jpeg,PNEUMONIA,virus,person1156,1,train,1458,944
PNEUMONIA__person1156_virus_1936.png,person1156_virus_1936.jpeg,PNEUMONIA,virus,person1156,1,train,1492,990
PNEUMONIA__person1157_bacteria_3102.png,person1157_bacteria_3102.jpeg,PNEUMONIA,bacteria,person1157,1,val,1176,800
PNEUMONIA__person1157_virus_1937.png,person1157_virus_1937.jpeg,PNEUMONIA,virus,person1157,1,val,1152,720
PNEUMONIA__person1158_bacteria_3103.png,person1158_bacteria_3103.jpeg,PNEUMONIA,bacteria,person1158,1,train,1596,1148
PNEUMONIA__person1158_virus_1938.png,person1158_virus_1938.jpeg,PNEUMONIA,virus,person1158,1,train,1334,1006
PNEUMONIA__person1158_virus_1940.png,person1158_virus_1940.jpeg,PNEUMONIA,virus,person1158,1,train,1136,688
PNEUMONIA__person1158_virus_1941.png,person1158_virus_1941.jpeg,PNEUMONIA,virus,person1158,1,train,1234,906
PNEUMONIA__person1158_virus_1942.png,person1158_virus_1942.jpeg,PNEUMONIA,virus,person1158,1,train,1024,672
PNEUMONIA__person1158_virus_1943.png,person1158_virus_1943.jpeg,PNEUMONIA,virus,person1158,1,train,1184,728
PNEUMONIA__person1159_bacteria_3104.png,person1159_bacteria_3104.jpeg,PNEUMONIA,bacteria,person1159,1,train,968,664
PNEUMONIA__person1159_virus_1944.png,person1159_virus_1944.jpeg,PNEUMONIA,virus,person1159,1,train,1360,920
PNEUMONIA__person1159_virus_1945.png,person1159_virus_1945.jpeg,PNEUMONIA,virus,person1159,1,train,1360,920
PNEUMONIA__person1159_virus_1946.png,person1159_virus_1946.jpeg,PNEUMONIA,virus,person1159,1,train,620,359
PNEUMONIA__person115_virus_218.png,person115_virus_218.jpeg,PNEUMONIA,virus,person115,1,train,1568,1192
PNEUMONIA__person115_virus_219.png,person115_virus_219.jpeg,PNEUMONIA,virus,person115,1,train,1712,1048
PNEUMONIA__person1160_bacteria_3105.png,person1160_bacteria_3105.jpeg,PNEUMONIA,bacteria,person1160,1,train,912,480
PNEUMONIA__person1160_virus_1947.png,person1160_virus_1947.jpeg,PNEUMONIA,virus,person1160,1,train,1056,643
PNEUMONIA__person1161_virus_1948.png,person1161_virus_1948.jpeg,PNEUMONIA,virus,person1161,1,train,1418,1010
PNEUMONIA__person1162_bacteria_3107.png,person1162_bacteria_3107.jpeg,PNEUMONIA,bacteria,person1162,1,test,1218,767
PNEUMONIA__person1162_virus_1949.png,person1162_virus_1949.jpeg,PNEUMONIA,virus,person1162,1,test,1148,689
PNEUMONIA__person1162_virus_1950.png,person1162_virus_1950.jpeg,PNEUMONIA,virus,person1162,1,test,1056,642
PNEUMONIA__person1163_virus_1951.png,person1163_virus_1951.jpeg,PNEUMONIA,virus,person1163,1,train,1468,913
PNEUMONIA__person1164_bacteria_3110.png,person1164_bacteria_3110.jpeg,PNEUMONIA,bacteria,person1164,1,train,1362,844
PNEUMONIA__person1164_virus_1952.png,person1164_virus_1952.jpeg,PNEUMONIA,virus,person1164,1,train,1472,960
PNEUMONIA__person1164_virus_1955.png,person1164_virus_1955.jpeg,PNEUMONIA,virus,person1164,1,train,1392,1016
PNEUMONIA__person1164_virus_1956.png,person1164_virus_1956.jpeg,PNEUMONIA,virus,person1164,1,train,1480,1392
PNEUMONIA__person1164_virus_1957.png,person1164_virus_1957.jpeg,PNEUMONIA,virus,person1164,1,train,1512,1088
PNEUMONIA__person1164_virus_1958.png,person1164_virus_1958.jpeg,PNEUMONIA,virus,person1164,1,train,1778,1380
PNEUMONIA__person1165_bacteria_3111.png,person1165_bacteria_3111.jpeg,PNEUMONIA,bacteria,person1165,1,train,1478,928
PNEUMONIA__person1165_virus_1959.png,person1165_virus_1959.jpeg,PNEUMONIA,virus,person1165,1,train,923,586
PNEUMONIA__person1167_bacteria_3113.png,person1167_bacteria_3113.jpeg,PNEUMONIA,bacteria,person1167,1,train,790,519
PNEUMONIA__person1168_bacteria_3114.png,person1168_bacteria_3114.jpeg,PNEUMONIA,bacteria,person1168,1,test,1216,872
PNEUMONIA__person1168_bacteria_3115.png,person1168_bacteria_3115.jpeg,PNEUMONIA,bacteria,person1168,1,test,1104,744
PNEUMONIA__person1168_virus_1965.png,person1168_virus_1965.jpeg,PNEUMONIA,virus,person1168,1,test,1015,607
PNEUMONIA__person1168_virus_1966.png,person1168_virus_1966.jpeg,PNEUMONIA,virus,person1168,1,test,960,664
PNEUMONIA__person1169_virus_1968.png,person1169_virus_1968.jpeg,PNEUMONIA,virus,person1169,1,train,1192,856
PNEUMONIA__person116_virus_221.png,person116_virus_221.jpeg,PNEUMONIA,virus,person116,1,train,1728,1168
PNEUMONIA__person1170_bacteria_3117.png,person1170_bacteria_3117.jpeg,PNEUMONIA,bacteria,person1170,1,train,1064,952
PNEUMONIA__person1170_virus_1969.png,person1170_virus_1969.jpeg,PNEUMONIA,virus,person1170,1,train,937,515
PNEUMONIA__person1170_virus_1970.png,person1170_virus_1970.jpeg,PNEUMONIA,virus,person1170,1,train,828,525
PNEUMONIA__person1171_bacteria_3118.png,person1171_bacteria_3118.jpeg,PNEUMONIA,bacteria,person1171,1,train,1040,627
PNEUMONIA__person1172_bacteria_3119.png,person1172_bacteria_3119.jpeg,PNEUMONIA,bacteria,person1172,1,val,1456,1112
PNEUMONIA__person1172_virus_1977.png,person1172_virus_1977.jpeg,PNEUMONIA,virus,person1172,1,val,1592,1384
PNEUMONIA__person1173_virus_1978.png,person1173_virus_1978.jpeg,PNEUMONIA,virus,person1173,1,test,1650,978
PNEUMONIA__person1174_virus_1980.png,person1174_virus_1980.jpeg,PNEUMONIA,virus,person1174,1,val,1272,848
PNEUMONIA__person1175_bacteria_3122.png,person1175_bacteria_3122.jpeg,PNEUMONIA,bacteria,person1175,1,train,1310,928
PNEUMONIA__person1175_virus_1981.png,person1175_virus_1981.jpeg,PNEUMONIA,virus,person1175,1,train,1794,1176
PNEUMONIA__person1176_bacteria_3123.png,person1176_bacteria_3123.jpeg,PNEUMONIA,bacteria,person1176,1,train,1064,856
PNEUMONIA__person1176_bacteria_3124.png,person1176_bacteria_3124.jpeg,PNEUMONIA,bacteria,person1176,1,train,1096,832
PNEUMONIA__person1176_virus_1996.png,person1176_virus_1996.jpeg,PNEUMONIA,virus,person1176,1,train,1032,768
PNEUMONIA__person1176_virus_1997.png,person1176_virus_1997.jpeg,PNEUMONIA,virus,person1176,1,train,1080,752
PNEUMONIA__person1176_virus_1998.png,person1176_virus_1998.jpeg,PNEUMONIA,virus,person1176,1,train,952,664
PNEUMONIA__person1177_bacteria_3125.png,person1177_bacteria_3125.jpeg,PNEUMONIA,bacteria,person1177,1,train,1032,744
PNEUMONIA__person1177_virus_1999.png,person1177_virus_1999.jpeg,PNEUMONIA,virus,person1177,1,train,763,440
PNEUMONIA__person1177_virus_2000.png,person1177_virus_2000.jpeg,PNEUMONIA,virus,person1177,1,train,1088,608
PNEUMONIA__person1177_virus_2001.png,person1177_virus_2001.jpeg,PNEUMONIA,virus,person1177,1,train,862,528
PNEUMONIA__person1177_virus_2002.png,person1177_virus_2002.jpeg,PNEUMONIA,virus,person1177,1,train,692,383
PNEUMONIA__person1178_bacteria_3126.png,person1178_bacteria_3126.jpeg,PNEUMONIA,bacteria,person1178,1,train,1152,720
PNEUMONIA__person1178_virus_2004.png,person1178_virus_2004.jpeg,PNEUMONIA,virus,person1178,1,train,1516,910
PNEUMONIA__person1179_bacteria_3127.png,person1179_bacteria_3127.jpeg,PNEUMONIA,bacteria,person1179,1,train,1430,963
PNEUMONIA__person1179_virus_2006.png,person1179_virus_2006.jpeg,PNEUMONIA,virus,person1179,1,train,1226,624
PNEUMONIA__person117_virus_223.png,person117_virus_223.jpeg,PNEUMONIA,virus,person117,1,val,1568,968
PNEUMONIA__person1180_bacteria_3128.png,person1180_bacteria_3128.jpeg,PNEUMONIA,bacteria,person1180,1,val,960,696
PNEUMONIA__person1180_virus_2007.png,person1180_virus_2007.jpeg,PNEUMONIA,virus,person1180,1,val,1048,696
PNEUMONIA__person1180_virus_2008.png,person1180_virus_2008.jpeg,PNEUMONIA,virus,person1180,1,val,952,544
PNEUMONIA__person1180_virus_2009.png,person1180_virus_2009.jpeg,PNEUMONIA,virus,person1180,1,val,928,584
PNEUMONIA__person1180_virus_2010.png,person1180_virus_2010.jpeg,PNEUMONIA,virus,person1180,1,val,1024,712
PNEUMONIA__person1180_virus_2011.png,person1180_virus_2011.jpeg,PNEUMONIA,virus,person1180,1,val,936,592
PNEUMONIA__person1180_virus_2012.png,person1180_virus_2012.jpeg,PNEUMONIA,virus,person1180,1,val,968,744
PNEUMONIA__person1180_virus_2013.png,person1180_virus_2013.jpeg,PNEUMONIA,virus,person1180,1,val,920,744
PNEUMONIA__person1180_virus_2014.png,person1180_virus_2014.jpeg,PNEUMONIA,virus,person1180,1,val,952,672
PNEUMONIA__person1180_virus_2015.png,person1180_virus_2015.jpeg,PNEUMONIA,virus,person1180,1,val,1086,898
PNEUMONIA__person1181_bacteria_3129.png,person1181_bacteria_3129.jpeg,PNEUMONIA,bacteria,person1181,1,train,1928,1349
PNEUMONIA__person1181_virus_2016.png,person1181_virus_2016.jpeg,PNEUMONIA,virus,person1181,1,train,1664,1096
PNEUMONIA__person1182_virus_2017.png,person1182_virus_2017.jpeg,PNEUMONIA,virus,person1182,1,train,1098,863
PNEUMONIA__person1183_bacteria_3131.png,person1183_bacteria_3131.jpeg,PNEUMONIA,bacteria,person1183,1,train,1550,955
PNEUMONIA__person1183_virus_2018.png,person1183_virus_2018.jpeg,PNEUMONIA,virus,person1183,1,train,1574,1071
PNEUMONIA__person1184_bacteria_3132.png,person1184_bacteria_3132.jpeg,PNEUMONIA,bacteria,person1184,1,train,1016,608
PNEUMONIA__person1184_virus_2019.png,person1184_virus_2019.jpeg,PNEUMONIA,virus,person1184,1,train,1592,1481
PNEUMONIA__person1185_bacteria_3133.png,person1185_bacteria_3133.jpeg,PNEUMONIA,bacteria,person1185,1,train,1160,800
PNEUMONIA__person1186_bacteria_3134.png,person1186_bacteria_3134.jpeg,PNEUMONIA,bacteria,person1186,1,test,1666,1276
PNEUMONIA__person1186_bacteria_3135.png,person1186_bacteria_3135.jpeg,PNEUMONIA,bacteria,person1186,1,test,1168,808
PNEUMONIA__person1186_virus_2021.png,person1186_virus_2021.jpeg,PNEUMONIA,virus,person1186,1,test,925,635
PNEUMONIA__person1186_virus_2022.png,person1186_virus_2022.jpeg,PNEUMONIA,virus,person1186,1,test,1072,640
PNEUMONIA__person1187_bacteria_3136.png,person1187_bacteria_3136.jpeg,PNEUMONIA,bacteria,person1187,1,train,992,736
PNEUMONIA__person1187_virus_2023.png,person1187_virus_2023.jpeg,PNEUMONIA,virus,person1187,1,train,1832,1048
PNEUMONIA__person1188_bacteria_3137.png,person1188_bacteria_3137.jpeg,PNEUMONIA,bacteria,person1188,1,train,976,624
PNEUMONIA__person1188_virus_2024.png,person1188_virus_2024.jpeg,PNEUMONIA,virus,person1188,1,train,1248,1048
PNEUMONIA__person118_virus_224.png,person118_virus_224.jpeg,PNEUMONIA,virus,person118,1,train,1256,784
PNEUMONIA__person1190_virus_2031.png,person1190_virus_2031.jpeg,PNEUMONIA,virus,person1190,1,train,2206,1720
PNEUMONIA__person1191_virus_2032.png,person1191_virus_2032.jpeg,PNEUMONIA,virus,person1191,1,train,1704,1234
PNEUMONIA__person1192_bacteria_3141.png,person1192_bacteria_3141.jpeg,PNEUMONIA,bacteria,person1192,1,test,1160,929
PNEUMONIA__person1193_virus_2034.png,person1193_virus_2034.jpeg,PNEUMONIA,virus,person1193,1,train,989,651
PNEUMONIA__person1194_bacteria_3143.png,person1194_bacteria_3143.jpeg,PNEUMONIA,bacteria,person1194,1,train,1008,584
PNEUMONIA__person1195_bacteria_3144.png,person1195_bacteria_3144.jpeg,PNEUMONIA,bacteria,person1195,1,train,1096,680
PNEUMONIA__person1196_bacteria_3146.png,person1196_bacteria_3146.jpeg,PNEUMONIA,bacteria,person1196,1,train,1832,1224
PNEUMONIA__person1197_bacteria_3147.png,person1197_bacteria_3147.jpeg,PNEUMONIA,bacteria,person1197,1,val,1216,768
PNEUMONIA__person1197_virus_2039.png,person1197_virus_2039.jpeg,PNEUMONIA,virus,person1197,1,val,1010,562
PNEUMONIA__person1198_bacteria_3148.png,person1198_bacteria_3148.jpeg,PNEUMONIA,bacteria,person1198,1,train,1128,704
PNEUMONIA__person1199_bacteria_3149.png,person1199_bacteria_3149.jpeg,PNEUMONIA,bacteria,person1199,1,val,1628,1442
PNEUMONIA__person119_virus_225.png,person119_virus_225.jpeg,PNEUMONIA,virus,person119,1,val,920,512
PNEUMONIA__person11_bacteria_45.png,person11_bacteria_45.jpeg,PNEUMONIA,bacteria,person11,1,val,856,485
PNEUMONIA__person1200_virus_2042.png,person1200_virus_2042.jpeg,PNEUMONIA,virus,person1200,1,train,1576,1176
PNEUMONIA__person1201_bacteria_3151.png,person1201_bacteria_3151.jpeg,PNEUMONIA,bacteria,person1201,1,train,846,539
PNEUMONIA__person1202_bacteria_3152.png,person1202_bacteria_3152.jpeg,PNEUMONIA,bacteria,person1202,1,train,1008,800
PNEUMONIA__person1202_bacteria_3153.png,person1202_bacteria_3153.jpeg,PNEUMONIA,bacteria,person1202,1,train,920,640
PNEUMONIA__person1202_virus_2045.png,person1202_virus_2045.jpeg,PNEUMONIA,virus,person1202,1,train,1408,968
PNEUMONIA__person1203_bacteria_3154.png,person1203_bacteria_3154.jpeg,PNEUMONIA,bacteria,person1203,1,train,1040,720
PNEUMONIA__person1203_bacteria_3155.png,person1203_bacteria_3155.jpeg,PNEUMONIA,bacteria,person1203,1,train,713,353
PNEUMONIA__person1204_bacteria_3156.png,person1204_bacteria_3156.jpeg,PNEUMONIA,bacteria,person1204,1,train,1280,808
PNEUMONIA__person1205_bacteria_3157.png,person1205_bacteria_3157.jpeg,PNEUMONIA,bacteria,person1205,1,train,1508,933
PNEUMONIA__person1206_bacteria_3158.png,person1206_bacteria_3158.jpeg,PNEUMONIA,bacteria,person1206,1,train,1096,656
PNEUMONIA__person1206_virus_2051.png,person1206_virus_2051.jpeg,PNEUMONIA,virus,person1206,1,train,1160,1024
PNEUMONIA__person1207_bacteria_3159.png,person1207_bacteria_3159.jpeg,PNEUMONIA,bacteria,person1207,1,test,1008,688
PNEUMONIA__person1208_bacteria_3160.png,person1208_bacteria_3160.jpeg,PNEUMONIA,bacteria,person1208,1,train,1750,1334
PNEUMONIA__person1209_bacteria_3161.png,person1209_bacteria_3161.jpeg,PNEUMONIA,bacteria,person1209,1,test,1576,1376
PNEUMONIA__person120_virus_226.png,person120_virus_226.jpeg,PNEUMONIA,virus,person120,1,train,1680,1336
PNEUMONIA__person1211_bacteria_3163.png,person1211_bacteria_3163.jpeg,PNEUMONIA,bacteria,person1211,1,test,1368,1141
PNEUMONIA__person1211_virus_2056.png,person1211_virus_2056.jpeg,PNEUMONIA,virus,person1211,1,test,1525,1073
PNEUMONIA__person1212_bacteria_3164.png,person1212_bacteria_3164.jpeg,PNEUMONIA,bacteria,person1212,1,train,1000,624
PNEUMONIA__person1212_virus_2057.png,person1212_virus_2057.jpeg,PNEUMONIA,virus,person1212,1,train,1368,912
PNEUMONIA__person1213_virus_2058.png,person1213_virus_2058.jpeg,PNEUMONIA,virus,person1213,1,val,1208,656
PNEUMONIA__person1214_bacteria_3166.png,person1214_bacteria_3166.jpeg,PNEUMONIA,bacteria,person1214,1,train,1816,1110
PNEUMONIA__person1214_virus_2059.png,person1214_virus_2059.jpeg,PNEUMONIA,virus,person1214,1,train,1160,856
PNEUMONIA__person1215_bacteria_3167.png,person1215_bacteria_3167.jpeg,PNEUMONIA,bacteria,person1215,1,train,1264,848
PNEUMONIA__person1216_bacteria_3168.png,person1216_bacteria_3168.jpeg,PNEUMONIA,bacteria,person1216,1,train,1827,1044
PNEUMONIA__person1216_virus_2062.png,person1216_virus_2062.jpeg,PNEUMONIA,virus,person1216,1,train,1216,880
PNEUMONIA__person1217_bacteria_3169.png,person1217_bacteria_3169.jpeg,PNEUMONIA,bacteria,person1217,1,train,880,576
PNEUMONIA__person1217_virus_2063.png,person1217_virus_2063.jpeg,PNEUMONIA,virus,person1217,1,train,1080,728
PNEUMONIA__person1218_bacteria_3171.png,person1218_bacteria_3171.jpeg,PNEUMONIA,bacteria,person1218,1,train,1280,768
PNEUMONIA__person1218_virus_2066.png,person1218_virus_2066.jpeg,PNEUMONIA,virus,person1218,1,train,1392,888
PNEUMONIA__person1219_bacteria_3172.png,person1219_bacteria_3172.jpeg,PNEUMONIA,bacteria,person1219,1,train,1132,825
PNEUMONIA__person1219_virus_2067.png,person1219_virus_2067.jpeg,PNEUMONIA,virus,person1219,1,train,1288,768
PNEUMONIA__person1220_bacteria_3173.png,person1220_bacteria_3173.jpeg,PNEUMONIA,bacteria,person1220,1,test,976,728
PNEUMONIA__person1220_bacteria_3174.png,person1220_bacteria_3174.jpeg,PNEUMONIA,bacteria,person1220,1,test,984,520
PNEUMONIA__person1220_virus_2068.png,person1220_virus_2068.jpeg,PNEUMONIA,virus,person1220,1,test,877,531
PNEUMONIA__person1222_bacteria_3177.png,person1222_bacteria_3177.jpeg,PNEUMONIA,bacteria,person1222,1,val,1192,712
PNEUMONIA__person1222_virus_2071.png,person1222_virus_2071.jpeg,PNEUMONIA,virus,person1222,1,val,1288,728
PNEUMONIA__person1223_bacteria_3178.png,person1223_bacteria_3178.jpeg,PNEUMONIA,bacteria,person1223,1,train,1272,936
PNEUMONIA__person1223_virus_2073.png,person1223_virus_2073.jpeg,PNEUMONIA,virus,person1223,1,train,1024,584
PNEUMONIA__person1224_virus_2074.png,person1224_virus_2074.jpeg,PNEUMONIA,virus,person1224,1,val,1320,752
PNEUMONIA__person1225_bacteria_3180.png,person1225_bacteria_3180.jpeg,PNEUMONIA,bacteria,person1225,1,train,1350,855
PNEUMONIA__person1225_virus_2076.png,person1225_virus_2076.jpeg,PNEUMONIA,virus,person1225,1,train,1232,728
PNEUMONIA__person1226_virus_2077.png,person1226_virus_2077.jpeg,PNEUMONIA,virus,person1226,1,train,1152,672
PNEUMONIA__person1227_bacteria_3182.png,person1227_bacteria_3182.jpeg,PNEUMONIA,bacteria,person1227,1,val,1798,1130
PNEUMONIA__person1227_virus_2078.png,person1227_virus_2078.jpeg,PNEUMONIA,virus,person1227,1,val,1640,1304
PNEUMONIA__person1228_bacteria_3183.png,person1228_bacteria_3183.jpeg,PNEUMONIA,bacteria,person1228,1,val,1136,648
PNEUMONIA__person1228_virus_2079.png,person1228_virus_2079.jpeg,PNEUMONIA,virus,person1228,1,val,1000,600
PNEUMONIA__person1229_virus_2080.png,person1229_virus_2080.jpeg,PNEUMONIA,virus,person1229,1,train,1160,824
PNEUMONIA__person122_virus_229.png,person122_virus_229.jpeg,PNEUMONIA,virus,person122,1,train,1080,752
PNEUMONIA__person1230_bacteria_3185.png,person1230_bacteria_3185.jpeg,PNEUMONIA,bacteria,person1230,1,train,880,584
PNEUMONIA__person1230_virus_2081.png,person1230_virus_2081.jpeg,PNEUMONIA,virus,person1230,1,train,1424,1016
PNEUMONIA__person1231_bacteria_3186.png,person1231_bacteria_3186.jpeg,PNEUMONIA,bacteria,person1231,1,train,992,592
PNEUMONIA__person1231_virus_2088.png,person1231_virus_2088.jpeg,PNEUMONIA,virus,person1231,1,train,1704,1288
PNEUMONIA__person1232_virus_2089.png,person1232_virus_2089.jpeg,PNEUMONIA,virus,person1232,1,test,1192,776
PNEUMONIA__person1233_bacteria_3188.png,person1233_bacteria_3188.jpeg,PNEUMONIA,bacteria,person1233,1,test,1320,1016
PNEUMONIA__person1233_virus_2090.png,person1233_virus_2090.jpeg,PNEUMONIA,virus,person1233,1,test,1224,656
PNEUMONIA__person1234_bacteria_3189.png,person1234_bacteria_3189.jpeg,PNEUMONIA,bacteria,person1234,1,train,1040,680
PNEUMONIA__person1234_bacteria_3190.png,person1234_bacteria_3190.jpeg,PNEUMONIA,bacteria,person1234,1,train,936,584
PNEUMONIA__person1234_virus_2093.png,person1234_virus_2093.jpeg,PNEUMONIA,virus,person1234,1,train,1576,944
PNEUMONIA__person1235_bacteria_3191.png,person1235_bacteria_3191.jpeg,PNEUMONIA,bacteria,person1235,1,test,1232,1088
PNEUMONIA__person1235_virus_2095.png,person1235_virus_2095.jpeg,PNEUMONIA,virus,person1235,1,test,1216,680
PNEUMONIA__person1236_bacteria_3192.png,person1236_bacteria_3192.jpeg,PNEUMONIA,bacteria,person1236,1,val,888,584
PNEUMONIA__person1236_virus_2096.png,person1236_virus_2096.jpeg,PNEUMONIA,virus,person1236,1,val,1360,952
PNEUMONIA__person1237_bacteria_3193.png,person1237_bacteria_3193.jpeg,PNEUMONIA,bacteria,person1237,1,train,904,576
PNEUMONIA__person1237_virus_2097.png,person1237_virus_2097.jpeg,PNEUMONIA,virus,person1237,1,train,1224,584
PNEUMONIA__person1238_bacteria_3194.png,person1238_bacteria_3194.jpeg,PNEUMONIA,bacteria,person1238,1,val,904,608
PNEUMONIA__person1238_virus_2098.png,person1238_virus_2098.jpeg,PNEUMONIA,virus,person1238,1,val,1168,608
PNEUMONIA__person1239_bacteria_3195.png,person1239_bacteria_3195.jpeg,PNEUMONIA,bacteria,person1239,1,train,848,648
PNEUMONIA__person1239_virus_2099.png,person1239_virus_2099.jpeg,PNEUMONIA,virus,person1239,1,train,1440,928
PNEUMONIA__person123_virus_230.png,person123_virus_230.jpeg,PNEUMONIA,virus,person123,1,train,1216,752
PNEUMONIA__person1240_bacteria_3196.png,person1240_bacteria_3196.jpeg,PNEUMONIA,bacteria,person1240,1,test,869,553
PNEUMONIA__person1241_bacteria_3197.png,person1241_bacteria_3197.jpeg,PNEUMONIA,bacteria,person1241,1,train,992,592
PNEUMONIA__person1241_virus_2106.png,person1241_virus_2106.jpeg,PNEUMONIA,virus,person1241,1,train,1056,632
PNEUMONIA__person1242_bacteria_3198.png,person1242_bacteria_3198.jpeg,PNEUMONIA,bacteria,person1242,1,val,1546,1210
PNEUMONIA__person1242_virus_2108.png,person1242_virus_2108.jpeg,PNEUMONIA,virus,person1242,1,val,1168,608
PNEUMONIA__person1242_virus_2109.png,person1242_virus_2109.jpeg,PNEUMONIA,virus,person1242,1,val,1120,592
PNEUMONIA__person1243_bacteria_3199.png,person1243_bacteria_3199.jpeg,PNEUMONIA,bacteria,person1243,1,test,1633,1080
PNEUMONIA__person1243_virus_2110.png,person1243_virus_2110.jpeg,PNEUMONIA,virus,person1243,1,test,1312,1024
PNEUMONIA__person1244_bacteria_3200.png,person1244_bacteria_3200.jpeg,PNEUMONIA,bacteria,person1244,1,train,1260,770
PNEUMONIA__person1244_virus_2111.png,person1244_virus_2111.jpeg,PNEUMONIA,virus,person1244,1,train,1248,816
PNEUMONIA__person1246_bacteria_3202.png,person1246_bacteria_3202.jpeg,PNEUMONIA,bacteria,person1246,1,train,1048,632
PNEUMONIA__person1247_bacteria_3203.png,person1247_bacteria_3203.jpeg,PNEUMONIA,bacteria,person1247,1,val,1000,536
PNEUMONIA__person1247_virus_2115.png,person1247_virus_2115.jpeg,PNEUMONIA,virus,person1247,1,val,1232,808
PNEUMONIA__person1248_bacteria_3204.png,person1248_bacteria_3204.jpeg,PNEUMONIA,bacteria,person1248,1,train,1064,632
PNEUMONIA__person1248_virus_2117.png,person1248_virus_2117.jpeg,PNEUMONIA,virus,person1248,1,train,1088,800
PNEUMONIA__person1249_bacteria_3205.png,person1249_bacteria_3205.jpeg,PNEUMONIA,bacteria,person1249,1,test,1064,544
PNEUMONIA__person1249_virus_2118.png,person1249_virus_2118.jpeg,PNEUMONIA,virus,person1249,1,test,1664,1264
PNEUMONIA__person124_virus_231.png,person124_virus_231.jpeg,PNEUMONIA,virus,person124,1,train,1360,1208
PNEUMONIA__person124_virus_233.png,person124_virus_233.jpeg,PNEUMONIA,virus,person124,1,train,1352,1080
PNEUMONIA__person124_virus_234.png,person124_virus_234.jpeg,PNEUMONIA,virus,person124,1,train,1536,1192
PNEUMONIA__person124_virus_236.png,person124_virus_236.jpeg,PNEUMONIA,virus,person124,1,train,1448,1112
PNEUMONIA__person124_virus_237.png,person124_virus_237.jpeg,PNEUMONIA,virus,person124,1,train,1336,992
PNEUMONIA__person124_virus_238.png,person124_virus_238.jpeg,PNEUMONIA,virus,person124,1,train,1336,1256
PNEUMONIA__person124_virus_239.png,person124_virus_239.jpeg,PNEUMONIA,virus,person124,1,train,1328,1224
PNEUMONIA__person124_virus_240.png,person124_virus_240.jpeg,PNEUMONIA,virus,person124,1,train,1328,1136
PNEUMONIA__person124_virus_242.png,person124_virus_242.jpeg,PNEUMONIA,virus,person124,1,train,1416,1072
PNEUMONIA__person124_virus_244.png,person124_virus_244.jpeg,PNEUMONIA,virus,person124,1,train,1416,864
PNEUMONIA__person124_virus_245.png,person124_virus_245.jpeg,PNEUMONIA,virus,person124,1,train,1184,1048
PNEUMONIA__person124_virus_246.png,person124_virus_246.jpeg,PNEUMONIA,virus,person124,1,train,1296,888
PNEUMONIA__person124_virus_247.png,person124_virus_247.jpeg,PNEUMONIA,virus,person124,1,train,1296,888
PNEUMONIA__person124_virus_249.png,person124_virus_249.jpeg,PNEUMONIA,virus,person124,1,train,1224,952
PNEUMONIA__person124_virus_250.png,person124_virus_250.jpeg,PNEUMONIA,virus,person124,1,train,1304,968
PNEUMONIA__person124_virus_251.png,person124_virus_251.jpeg,PNEUMONIA,virus,person124,1,train,1472,1024
PNEUMONIA__person1250_bacteria_3207.png,person1250_bacteria_3207.jpeg,PNEUMONIA,bacteria,person1250,1,train,904,416
PNEUMONIA__person1251_bacteria_3208.png,person1251_bacteria_3208.jpeg,PNEUMONIA,bacteria,person1251,1,test,1940,1816
PNEUMONIA__person1252_bacteria_3209.png,person1252_bacteria_3209.jpeg,PNEUMONIA,bacteria,person1252,1,val,1008,528
PNEUMONIA__person1252_virus_2124.png,person1252_virus_2124.jpeg,PNEUMONIA,virus,person1252,1,val,1328,1152
PNEUMONIA__person1253_bacteria_3211.png,person1253_bacteria_3211.jpeg,PNEUMONIA,bacteria,person1253,1,val,711,537
PNEUMONIA__person1253_virus_2129.png,person1253_virus_2129.jpeg,PNEUMONIA,virus,person1253,1,val,1064,632
PNEUMONIA__person1254_virus_2130.png,person1254_virus_2130.jpeg,PNEUMONIA,virus,person1254,1,test,1072,656
PNEUMONIA__person1255_virus_2132.png,person1255_virus_2132.jpeg,PNEUMONIA,virus,person1255,1,train,1152,512
PNEUMONIA__person1256_bacteria_3214.png,person1256_bacteria_3214.jpeg,PNEUMONIA,bacteria,person1256,1,train,920,672
PNEUMONIA__person1257_bacteria_3215.png,person1257_bacteria_3215.jpeg,PNEUMONIA,bacteria,person1257,1,train,816,576
PNEUMONIA__person1258_bacteria_3216.png,person1258_bacteria_3216.jpeg,PNEUMONIA,bacteria,person1258,1,train,1496,1044
PNEUMONIA__person1258_virus_2138.png,person1258_virus_2138.jpeg,PNEUMONIA,virus,person1258,1,train,1568,1120
PNEUMONIA__person1259_bacteria_3217.png,person1259_bacteria_3217.jpeg,PNEUMONIA,bacteria,person1259,1,train,1082,612
PNEUMONIA__person1259_virus_2139.png,person1259_virus_2139.jpeg,PNEUMONIA,virus,person1259,1,train,1416,816
PNEUMONIA__person125_virus_254.png,person125_virus_254.jpeg,PNEUMONIA,virus,person125,1,train,1400,1088
PNEUMONIA__person1260_bacteria_3218.png,person1260_bacteria_3218.jpeg,PNEUMONIA,bacteria,person1260,1,train,992,600
PNEUMONIA__person1260_virus_2140.png,person1260_virus_2140.jpeg,PNEUMONIA,virus,person1260,1,train,1144,632
PNEUMONIA__person1261_bacteria_3219.png,person1261_bacteria_3219.jpeg,PNEUMONIA,bacteria,person1261,1,train,1538,1353
PNEUMONIA__person1261_virus_2145.png,person1261_virus_2145.jpeg,PNEUMONIA,virus,person1261,1,train,1144,840
PNEUMONIA__person1261_virus_2147.png,person1261_virus_2147.jpeg,PNEUMONIA,virus,person1261,1,train,1184,808
PNEUMONIA__person1261_virus_2148.png,person1261_virus_2148.jpeg,PNEUMONIA,virus,person1261,1,train,1184,808
PNEUMONIA__person1262_bacteria_3220.png,person1262_bacteria_3220.jpeg,PNEUMONIA,bacteria,person1262,1,train,1176,960
PNEUMONIA__person1263_bacteria_3221.png,person1263_bacteria_3221.jpeg,PNEUMONIA,bacteria,person1263,1,train,735,467
PNEUMONIA__person1264_bacteria_3222.png,person1264_bacteria_3222.jpeg,PNEUMONIA,bacteria,person1264,1,test,1152,674
PNEUMONIA__person1264_virus_2155.png,person1264_virus_2155.jpeg,PNEUMONIA,virus,person1264,1,test,1072,568
PNEUMONIA__person1265_bacteria_3223.png,person1265_bacteria_3223.jpeg,PNEUMONIA,bacteria,person1265,1,train,928,480
PNEUMONIA__person1265_virus_2156.png,person1265_virus_2156.jpeg,PNEUMONIA,virus,person1265,1,train,1128,720
PNEUMONIA__person1266_bacteria_3224.png,person1266_bacteria_3224.jpeg,PNEUMONIA,bacteria,person1266,1,train,840,528
PNEUMONIA__person1266_bacteria_3225.png,person1266_bacteria_3225.jpeg,PNEUMONIA,bacteria,person1266,1,train,816,368
PNEUMONIA__person1266_virus_2158.png,person1266_virus_2158.jpeg,PNEUMONIA,virus,person1266,1,train,1176,856
PNEUMONIA__person1267_bacteria_3226.png,person1267_bacteria_3226.jpeg,PNEUMONIA,bacteria,person1267,1,train,1000,744
PNEUMONIA__person1267_virus_2160.png,person1267_virus_2160.jpeg,PNEUMONIA,virus,person1267,1,train,1144,720
PNEUMONIA__person1268_bacteria_3227.png,person1268_bacteria_3227.jpeg,PNEUMONIA,bacteria,person1268,1,train,1168,1024
PNEUMONIA__person1268_bacteria_3228.png,person1268_bacteria_3228.jpeg,PNEUMONIA,bacteria,person1268,1,train,1256,864
PNEUMONIA__person1268_virus_2161.png,person1268_virus_2161.jpeg,PNEUMONIA,virus,person1268,1,train,1208,984
PNEUMONIA__person1269_bacteria_3229.png,person1269_bacteria_3229.jpeg,PNEUMONIA,bacteria,person1269,1,train,1328,1040
PNEUMONIA__person1269_virus_2162.png,person1269_virus_2162.jpeg,PNEUMONIA,virus,person1269,1,train,1304,864
PNEUMONIA__person126_virus_255.png,person126_virus_255.jpeg,PNEUMONIA,virus,person126,1,train,1416,1432
PNEUMONIA__person1270_bacteria_3230.png,person1270_bacteria_3230.jpeg,PNEUMONIA,bacteria,person1270,1,val,1208,952
PNEUMONIA__person1270_virus_2163.png,person1270_virus_2163.jpeg,PNEUMONIA,virus,person1270,1,val,1280,920
PNEUMONIA__person1271_bacteria_3231.png,person1271_bacteria_3231.jpeg,PNEUMONIA,bacteria,person1271,1,train,1422,971
PNEUMONIA__person1271_virus_2164.png,person1271_virus_2164.jpeg,PNEUMONIA,virus,person1271,1,train,1320,1240
PNEUMONIA__person1272_bacteria_3232.png,person1272_bacteria_3232.jpeg,PNEUMONIA,bacteria,person1272,1,train,1164,836
PNEUMONIA__person1272_virus_2190.png,person1272_virus_2190.jpeg,PNEUMONIA,virus,person1272,1,train,1264,832
PNEUMONIA__person1273_bacteria_3233.png,person1273_bacteria_3233.jpeg,PNEUMONIA,bacteria,person1273,1,train,960,616
PNEUMONIA__person1273_bacteria_3234.png,person1273_bacteria_3234.jpeg,PNEUMONIA,bacteria,person1273,1,train,920,560
PNEUMONIA__person1273_virus_2191.png,person1273_virus_2191.jpeg,PNEUMONIA,virus,person1273,1,train,1376,1080
PNEUMONIA__person1274_bacteria_3235.png,person1274_bacteria_3235.jpeg,PNEUMONIA,bacteria,person1274,1,train,1248,1152
PNEUMONIA__person1274_bacteria_3236.png,person1274_bacteria_3236.jpeg,PNEUMONIA,bacteria,person1274,1,train,1304,816
PNEUMONIA__person1274_virus_2193.png,person1274_virus_2193.jpeg,PNEUMONIA,virus,person1274,1,train,1096,600
PNEUMONIA__person1275_bacteria_3237.png,person1275_bacteria_3237.jpeg,PNEUMONIA,bacteria,person1275,1,train,952,664
PNEUMONIA__person1276_bacteria_3239.png,person1276_bacteria_3239.jpeg,PNEUMONIA,bacteria,person1276,1,train,1128,568
PNEUMONIA__person1276_virus_2198.png,person1276_virus_2198.jpeg,PNEUMONIA,virus,person1276,1,train,856,608
PNEUMONIA__person1277_bacteria_3240.png,person1277_bacteria_3240.jpeg,PNEUMONIA,bacteria,person1277,1,test,824,529
PNEUMONIA__person1278_virus_2201.png,person1278_virus_2201.jpeg,PNEUMONIA,virus,person1278,1,train,1320,960
PNEUMONIA__person1279_bacteria_3242.png,person1279_bacteria_3242.jpeg,PNEUMONIA,bacteria,person1279,1,test,1132,766
PNEUMONIA__person1280_bacteria_3243.png,person1280_bacteria_3243.jpeg,PNEUMONIA,bacteria,person1280,1,train,1368,1044
PNEUMONIA__person1281_bacteria_3244.png,person1281_bacteria_3244.jpeg,PNEUMONIA,bacteria,person1281,1,train,1176,727
PNEUMONIA__person1281_virus_2204.png,person1281_virus_2204.jpeg,PNEUMONIA,virus,person1281,1,train,1560,1256
PNEUMONIA__person1282_bacteria_3245.png,person1282_bacteria_3245.jpeg,PNEUMONIA,bacteria,person1282,1,train,1008,808
PNEUMONIA__person1283_bacteria_3246.png,person1283_bacteria_3246.jpeg,PNEUMONIA,bacteria,person1283,1,val,1096,960
PNEUMONIA__person1283_virus_2206.png,person1283_virus_2206.jpeg,PNEUMONIA,virus,person1283,1,val,1408,784
PNEUMONIA__person1284_bacteria_3247.png,person1284_bacteria_3247.jpeg,PNEUMONIA,bacteria,person1284,1,train,1434,986
PNEUMONIA__person1284_virus_2207.png,person1284_virus_2207.jpeg,PNEUMONIA,virus,person1284,1,train,1408,800
PNEUMONIA__person1285_virus_2208.png,person1285_virus_2208.jpeg,PNEUMONIA,virus,person1285,1,train,944,552
PNEUMONIA__person1286_bacteria_3249.png,person1286_bacteria_3249.jpeg,PNEUMONIA,bacteria,person1286,1,train,1072,504
PNEUMONIA__person1286_virus_2209.png,person1286_virus_2209.jpeg,PNEUMONIA,virus,person1286,1,train,1048,776
PNEUMONIA__person1287_bacteria_3250.png,person1287_bacteria_3250.jpeg,PNEUMONIA,bacteria,person1287,1,train,635,448
PNEUMONIA__person1287_virus_2210.png,person1287_virus_2210.jpeg,PNEUMONIA,virus,person1287,1,train,1384,1184
PNEUMONIA__person1288_bacteria_3251.png,person1288_bacteria_3251.jpeg,PNEUMONIA,bacteria,person1288,1,train,1184,664
PNEUMONIA__person1288_virus_2211.png,person1288_virus_2211.jpeg,PNEUMONIA,virus,person1288,1,train,1304,880
PNEUMONIA__person1289_bacteria_3252.png,person1289_bacteria_3252.jpeg,PNEUMONIA,bacteria,person1289,1,val,1120,736
PNEUMONIA__person128_virus_261.png,person128_virus_261.jpeg,PNEUMONIA,virus,person128,1,train,1312,960
PNEUMONIA__person1290_bacteria_3253.png,person1290_bacteria_3253.jpeg,PNEUMONIA,bacteria,person1290,1,train,1272,1075
PNEUMONIA__person1290_virus_2215.png,person1290_virus_2215.jpeg,PNEUMONIA,virus,person1290,1,train,1392,1264
PNEUMONIA__person1290_virus_2216.png,person1290_virus_2216.jpeg,PNEUMONIA,virus,person1290,1,train,1392,1056
PNEUMONIA__person1291_virus_2217.png,person1291_virus_2217.jpeg,PNEUMONIA,virus,person1291,1,test,1264,760
PNEUMONIA__person1292_bacteria_3255.png,person1292_bacteria_3255.jpeg,PNEUMONIA,bacteria,person1292,1,train,1032,536
PNEUMONIA__person1292_virus_2218.png,person1292_virus_2218.jpeg,PNEUMONIA,virus,person1292,1,train,1216,936
PNEUMONIA__person1293_virus_2219.png,person1293_virus_2219.jpeg,PNEUMONIA,virus,person1293,1,train,1320,984
PNEUMONIA__person1294_bacteria_3257.png,person1294_bacteria_3257.jpeg,PNEUMONIA,bacteria,person1294,1,train,840,536
PNEUMONIA__person1294_virus_2221.png,person1294_virus_2221.jpeg,PNEUMONIA,virus,person1294,1,train,1336,784
PNEUMONIA__person1294_virus_2222.png,person1294_virus_2222.jpeg,PNEUMONIA,virus,person1294,1,train,1216,800
PNEUMONIA__person1295_bacteria_3258.png,person1295_bacteria_3258.jpeg,PNEUMONIA,bacteria,person1295,1,train,1168,648
PNEUMONIA__person1295_virus_2223.png,person1295_virus_2223.jpeg,PNEUMONIA,virus,person1295,1,train,1296,1120
PNEUMONIA__person1296_virus_2224.png,person1296_virus_2224.jpeg,PNEUMONIA,virus,person1296,1,train,1592,1056
PNEUMONIA__person1297_bacteria_3260.png,person1297_bacteria_3260.jpeg,PNEUMONIA,bacteria,person1297,1,train,984,608
PNEUMONIA__person1298_bacteria_3261.png,person1298_bacteria_3261.jpeg,PNEUMONIA,bacteria,person1298,1,train,984,584
PNEUMONIA__person1298_virus_2226.png,person1298_virus_2226.jpeg,PNEUMONIA,virus,person1298,1,train,1288,880
PNEUMONIA__person1298_virus_2228.png,person1298_virus_2228.jpeg,PNEUMONIA,virus,person1298,1,train,714,503
PNEUMONIA__person12_bacteria_46.png,person12_bacteria_46.jpeg,PNEUMONIA,bacteria,person12,1,train,1646,1310
PNEUMONIA__person12_bacteria_47.png,person12_bacteria_47.jpeg,PNEUMONIA,bacteria,person12,1,train,1264,1152
PNEUMONIA__person12_bacteria_48.png,person12_bacteria_48.jpeg,PNEUMONIA,bacteria,person12,1,train,1736,1365
PNEUMONIA__person1300_bacteria_3264.png,person1300_bacteria_3264.jpeg,PNEUMONIA,bacteria,person1300,1,val,1512,1488
PNEUMONIA__person1300_virus_2240.png,person1300_virus_2240.jpeg,PNEUMONIA,virus,person1300,1,val,1400,1024
PNEUMONIA__person1301_virus_2241.png,person1301_virus_2241.jpeg,PNEUMONIA,virus,person1301,1,train,984,712
PNEUMONIA__person1302_bacteria_3266.png,person1302_bacteria_3266.jpeg,PNEUMONIA,bacteria,person1302,1,train,1056,624
PNEUMONIA__person1303_bacteria_3267.png,person1303_bacteria_3267.jpeg,PNEUMONIA,bacteria,person1303,1,train,671,393
PNEUMONIA__person1303_virus_2243.png,person1303_virus_2243.jpeg,PNEUMONIA,virus,person1303,1,train,1424,1112
PNEUMONIA__person1304_bacteria_3269.png,person1304_bacteria_3269.jpeg,PNEUMONIA,bacteria,person1304,1,train,1544,1008
PNEUMONIA__person1305_bacteria_3271.png,person1305_bacteria_3271.jpeg,PNEUMONIA,bacteria,person1305,1,train,1144,600
PNEUMONIA__person1306_bacteria_3272.png,person1306_bacteria_3272.jpeg,PNEUMONIA,bacteria,person1306,1,test,1096,536
PNEUMONIA__person1306_bacteria_3274.png,person1306_bacteria_3274.jpeg,PNEUMONIA,bacteria,person1306,1,test,1064,760
PNEUMONIA__person1306_bacteria_3275.png,person1306_bacteria_3275.jpeg,PNEUMONIA,bacteria,person1306,1,test,1056,688
PNEUMONIA__person1306_bacteria_3276.png,person1306_bacteria_3276.jpeg,PNEUMONIA,bacteria,person1306,1,test,1120,568
PNEUMONIA__person1306_bacteria_3277.png,person1306_bacteria_3277.jpeg,PNEUMONIA,bacteria,person1306,1,test,1136,528
PNEUMONIA__person1306_virus_2249.png,person1306_virus_2249.jpeg,PNEUMONIA,virus,person1306,1,test,1160,664
PNEUMONIA__person1307_bacteria_3278.png,person1307_bacteria_3278.jpeg,PNEUMONIA,bacteria,person1307,1,train,1328,936
PNEUMONIA__person1307_virus_2251.png,person1307_virus_2251.jpeg,PNEUMONIA,virus,person1307,1,train,1504,1016
PNEUMONIA__person1308_bacteria_3280.png,person1308_bacteria_3280.jpeg,PNEUMONIA,bacteria,person1308,1,train,940,696
PNEUMONIA__person1308_bacteria_3283.png,person1308_bacteria_3283.jpeg,PNEUMONIA,bacteria,person1308,1,train,1496,984
PNEUMONIA__person1308_bacteria_3285.png,person1308_bacteria_3285.jpeg,PNEUMONIA,bacteria,person1308,1,train,1472,808
PNEUMONIA__person1308_bacteria_3286.png,person1308_bacteria_3286.jpeg,PNEUMONIA,bacteria,person1308,1,train,1480,856
PNEUMONIA__person1308_bacteria_3288.png,person1308_bacteria_3288.jpeg,PNEUMONIA,bacteria,person1308,1,train,1440,792
PNEUMONIA__person1308_bacteria_3290.png,person1308_bacteria_3290.jpeg,PNEUMONIA,bacteria,person1308,1,train,1416,928
PNEUMONIA__person1308_bacteria_3292.png,person1308_bacteria_3292.jpeg,PNEUMONIA,bacteria,person1308,1,train,482,209
PNEUMONIA__person1308_virus_2252.png,person1308_virus_2252.jpeg,PNEUMONIA,virus,person1308,1,train,960,464
PNEUMONIA__person1308_virus_2253.png,person1308_virus_2253.jpeg,PNEUMONIA,virus,person1308,1,train,1016,808
PNEUMONIA__person1309_bacteria_3294.png,person1309_bacteria_3294.jpeg,PNEUMONIA,bacteria,person1309,1,train,1216,872
PNEUMONIA__person1309_virus_2254.png,person1309_virus_2254.jpeg,PNEUMONIA,virus,person1309,1,train,1192,664
PNEUMONIA__person130_virus_263.png,person130_virus_263.jpeg,PNEUMONIA,virus,person130,1,train,1568,1144
PNEUMONIA__person1310_bacteria_3295.png,person1310_bacteria_3295.jpeg,PNEUMONIA,bacteria,person1310,1,val,1472,904
PNEUMONIA__person1310_bacteria_3297.png,person1310_bacteria_3297.jpeg,PNEUMONIA,bacteria,person1310,1,val,1440,736
PNEUMONIA__person1310_bacteria_3300.png,person1310_bacteria_3300.jpeg,PNEUMONIA,bacteria,person1310,1,val,1392,832
PNEUMONIA__person1310_bacteria_3301.png,person1310_bacteria_3301.jpeg,PNEUMONIA,bacteria,person1310,1,val,1280,752
PNEUMONIA__person1310_bacteria_3302.png,person1310_bacteria_3302.jpeg,PNEUMONIA,bacteria,person1310,1,val,1400,888
PNEUMONIA__person1310_bacteria_3304.png,person1310_bacteria_3304.jpeg,PNEUMONIA,bacteria,person1310,1,val,1296,824
PNEUMONIA__person1310_virus_2255.png,person1310_virus_2255.jpeg,PNEUMONIA,virus,person1310,1,val,1056,736
PNEUMONIA__person1311_bacteria_3312.png,person1311_bacteria_3312.jpeg,PNEUMONIA,bacteria,person1311,1,train,490,189
PNEUMONIA__person1311_virus_2257.png,person1311_virus_2257.jpeg,PNEUMONIA,virus,person1311,1,train,1240,904
PNEUMONIA__person1311_virus_2259.png,person1311_virus_2259.jpeg,PNEUMONIA,virus,person1311,1,train,1200,840
PNEUMONIA__person1312_bacteria_3313.png,person1312_bacteria_3313.jpeg,PNEUMONIA,bacteria,person1312,1,train,1424,1264
PNEUMONIA__person1312_bacteria_3314.png,person1312_bacteria_3314.jpeg,PNEUMONIA,bacteria,person1312,1,train,1512,1200
PNEUMONIA__person1312_bacteria_3316.png,person1312_bacteria_3316.jpeg,PNEUMONIA,bacteria,person1312,1,train,1528,1416
PNEUMONIA__person1312_bacteria_3317.png,person1312_bacteria_3317.jpeg,PNEUMONIA,bacteria,person1312,1,train,1624,1136
PNEUMONIA__person1312_bacteria_3318.png,person1312_bacteria_3318.jpeg,PNEUMONIA,bacteria,person1312,1,train,1624,1136
PNEUMONIA__person1312_bacteria_3319.png,person1312_bacteria_3319.jpeg,PNEUMONIA,bacteria,person1312,1,train,1488,1168
PNEUMONIA__person1312_virus_2261.png,person1312_virus_2261.jpeg,PNEUMONIA,virus,person1312,1,train,1432,936
PNEUMONIA__person1313_bacteria_3320.png,person1313_bacteria_3320.jpeg,PNEUMONIA,bacteria,person1313,1,val,1288,744
PNEUMONIA__person1313_virus_2264.png,person1313_virus_2264.jpeg,PNEUMONIA,virus,person1313,1,val,1184,832
PNEUMONIA__person1314_virus_2266.png,person1314_virus_2266.jpeg,PNEUMONIA,virus,person1314,1,train,1144,624
PNEUMONIA__person1314_virus_2268.png,person1314_virus_2268.jpeg,PNEUMONIA,virus,person1314,1,train,1264,672
PNEUMONIA__person1314_virus_2269.png,person1314_virus_2269.jpeg,PNEUMONIA,virus,person1314,1,train,1216,768
PNEUMONIA__person1315_bacteria_3322.png,person1315_bacteria_3322.jpeg,PNEUMONIA,bacteria,person1315,1,train,1160,776
PNEUMONIA__person1315_virus_2270.png,person1315_virus_2270.jpeg,PNEUMONIA,virus,person1315,1,train,1720,1240
PNEUMONIA__person1316_bacteria_3326.png,person1316_bacteria_3326.jpeg,PNEUMONIA,bacteria,person1316,1,train,920,536
PNEUMONIA__person1316_virus_2271.png,person1316_virus_2271.jpeg,PNEUMONIA,virus,person1316,1,train,1216,672
PNEUMONIA__person1317_bacteria_3332.png,person1317_bacteria_3332.jpeg,PNEUMONIA,bacteria,person1317,1,test,679,542
PNEUMONIA__person1317_virus_2273.png,person1317_virus_2273.jpeg,PNEUMONIA,virus,person1317,1,test,1200,784
PNEUMONIA__person1318_bacteria_3334.png,person1318_bacteria_3334.jpeg,PNEUMONIA,bacteria,person1318,1,train,1824,1672
PNEUMONIA__person1318_bacteria_3335.png,person1318_bacteria_3335.jpeg,PNEUMONIA,bacteria,person1318,1,train,1848,1472
PNEUMONIA__person1318_virus_2274.png,person1318_virus_2274.jpeg,PNEUMONIA,virus,person1318,1,train,984,624
PNEUMONIA__person1319_virus_2276.png,person1319_virus_2276.jpeg,PNEUMONIA,virus,person1319,1,train,1096,696
PNEUMONIA__person131_virus_265.png,person131_virus_265.jpeg,PNEUMONIA,virus,person131,1,test,1184,800
PNEUMONIA__person1320_bacteria_3339.png,person1320_bacteria_3339.jpeg,PNEUMONIA,bacteria,person1320,1,train,1512,1152
PNEUMONIA__person1320_bacteria_3340.png,person1320_bacteria_3340.jpeg,PNEUMONIA,bacteria,person1320,1,train,1640,1160
PNEUMONIA__person1320_bacteria_3342.png,person1320_bacteria_3342.jpeg,PNEUMONIA,bacteria,person1320,1,train,1296,1048
PNEUMONIA__person1320_bacteria_3344.png,person1320_bacteria_3344.jpeg,PNEUMONIA,bacteria,person1320,1,train,1456,1056
PNEUMONIA__person1320_bacteria_3345.png,person1320_bacteria_3345.jpeg,PNEUMONIA,bacteria,person1320,1,train,1616,1104
PNEUMONIA__person1320_bacteria_3346.png,person1320_bacteria_3346.jpeg,PNEUMONIA,bacteria,person1320,1,train,1600,1208
PNEUMONIA__person1320_bacteria_3347.png,person1320_bacteria_3347.jpeg,PNEUMONIA,bacteria,person1320,1,train,1440,1040
PNEUMONIA__person1320_bacteria_3348.png,person1320_bacteria_3348.jpeg,PNEUMONIA,bacteria,person1320,1,train,1544,824
PNEUMONIA__person1320_bacteria_3350.png,person1320_bacteria_3350.jpeg,PNEUMONIA,bacteria,person1320,1,train,1544,1104
PNEUMONIA__person1320_bacteria_3351.png,person1320_bacteria_3351.jpeg,PNEUMONIA,bacteria,person1320,1,train,1312,1056
PNEUMONIA__person1320_bacteria_3352.png,person1320_bacteria_3352.jpeg,PNEUMONIA,bacteria,person1320,1,train,1600,1128
PNEUMONIA__person1320_bacteria_3353.png,person1320_bacteria_3353.jpeg,PNEUMONIA,bacteria,person1320,1,train,1456,976
PNEUMONIA__person1320_bacteria_3355.png,person1320_bacteria_3355.jpeg,PNEUMONIA,bacteria,person1320,1,train,1608,944
PNEUMONIA__person1320_virus_2277.png,person1320_virus_2277.jpeg,PNEUMONIA,virus,person1320,1,train,1008,568
PNEUMONIA__person1321_bacteria_3358.png,person1321_bacteria_3358.jpeg,PNEUMONIA,bacteria,person1321,1,train,1016,648
PNEUMONIA__person1321_bacteria_3359.png,person1321_bacteria_3359.jpeg,PNEUMONIA,bacteria,person1321,1,train,968,576
PNEUMONIA__person1321_virus_2279.png,person1321_virus_2279.jpeg,PNEUMONIA,virus,person1321,1,train,1632,1088
PNEUMONIA__person1322_bacteria_3360.png,person1322_bacteria_3360.jpeg,PNEUMONIA,bacteria,person1322,1,train,803,452
PNEUMONIA__person1323_bacteria_3361.png,person1323_bacteria_3361.jpeg,PNEUMONIA,bacteria,person1323,1,val,1792,1592
PNEUMONIA__person1323_bacteria_3362.png,person1323_bacteria_3362.jpeg,PNEUMONIA,bacteria,person1323,1,val,1888,1440
PNEUMONIA__person1323_bacteria_3363.png,person1323_bacteria_3363.jpeg,PNEUMONIA,bacteria,person1323,1,val,1800,1384
PNEUMONIA__person1323_virus_2282.png,person1323_virus_2282.jpeg,PNEUMONIA,virus,person1323,1,val,1056,592
PNEUMONIA__person1323_virus_2283.png,person1323_virus_2283.jpeg,PNEUMONIA,virus,person1323,1,val,1112,712
PNEUMONIA__person1324_virus_2284.png,person1324_virus_2284.jpeg,PNEUMONIA,virus,person1324,1,train,1224,992
PNEUMONIA__person1324_virus_2285.png,person1324_virus_2285.jpeg,PNEUMONIA,virus,person1324,1,train,1424,896
PNEUMONIA__person1325_bacteria_3366.png,person1325_bacteria_3366.jpeg,PNEUMONIA,bacteria,person1325,1,test,749,459
PNEUMONIA__person1325_virus_2287.png,person1325_virus_2287.jpeg,PNEUMONIA,virus,person1325,1,test,1336,816
PNEUMONIA__person1326_bacteria_3372.png,person1326_bacteria_3372.jpeg,PNEUMONIA,bacteria,person1326,1,val,1216,920
PNEUMONIA__person1327_bacteria_3373.png,person1327_bacteria_3373.jpeg,PNEUMONIA,bacteria,person1327,1,train,1448,1080
PNEUMONIA__person1327_bacteria_3374.png,person1327_bacteria_3374.jpeg,PNEUMONIA,bacteria,person1327,1,train,1448,1008
PNEUMONIA__person1328_bacteria_3376.png,person1328_bacteria_3376.jpeg,PNEUMONIA,bacteria,person1328,1,train,1072,584
PNEUMONIA__person1328_virus_2293.png,person1328_virus_2293.jpeg,PNEUMONIA,virus,person1328,1,train,1208,768
PNEUMONIA__person1328_virus_2294.png,person1328_virus_2294.jpeg,PNEUMONIA,virus,person1328,1,train,1248,824
PNEUMONIA__person1328_virus_2295.png,person1328_virus_2295.jpeg,PNEUMONIA,virus,person1328,1,train,1192,792
PNEUMONIA__person1329_bacteria_3377.png,person1329_bacteria_3377.jpeg,PNEUMONIA,bacteria,person1329,1,train,1064,592
PNEUMONIA__person132_virus_266.png,person132_virus_266.jpeg,PNEUMONIA,virus,person132,1,train,1496,1008
PNEUMONIA__person1331_bacteria_3380.png,person1331_bacteria_3380.jpeg,PNEUMONIA,bacteria,person1331,1,test,976,680
PNEUMONIA__person1331_virus_2299.png,person1331_virus_2299.jpeg,PNEUMONIA,virus,person1331,1,test,1104,776
PNEUMONIA__person1332_virus_2300.png,person1332_virus_2300.jpeg,PNEUMONIA,virus,person1332,1,train,1536,896
PNEUMONIA__person1333_bacteria_3383.png,person1333_bacteria_3383.jpeg,PNEUMONIA,bacteria,person1333,1,test,1096,640
PNEUMONIA__person1333_bacteria_3384.png,person1333_bacteria_3384.jpeg,PNEUMONIA,bacteria,person1333,1,test,1256,752
PNEUMONIA__person1333_bacteria_3385.png,person1333_bacteria_3385.jpeg,PNEUMONIA,bacteria,person1333,1,test,1360,784
PNEUMONIA__person1333_bacteria_3386.png,person1333_bacteria_3386.jpeg,PNEUMONIA,bacteria,person1333,1,test,1136,688
PNEUMONIA__person1333_virus_2301.png,person1333_virus_2301.jpeg,PNEUMONIA,virus,person1333,1,test,1400,1072
PNEUMONIA__person1336_virus_2306.png,person1336_virus_2306.jpeg,PNEUMONIA,virus,person1336,1,train,1152,776
PNEUMONIA__person1337_virus_2307.png,person1337_virus_2307.jpeg,PNEUMONIA,virus,person1337,1,train,2008,1440
PNEUMONIA__person1338_bacteria_3394.png,person1338_bacteria_3394.jpeg,PNEUMONIA,bacteria,person1338,1,val,1448,1080
PNEUMONIA__person1338_bacteria_3395.png,person1338_bacteria_3395.jpeg,PNEUMONIA,bacteria,person1338,1,val,1440,992
PNEUMONIA__person1338_bacteria_3397.png,person1338_bacteria_3397.jpeg,PNEUMONIA,bacteria,person1338,1,val,1472,1048
PNEUMONIA__person1338_virus_2308.png,person1338_virus_2308.jpeg,PNEUMONIA,virus,person1338,1,val,1096,488
PNEUMONIA__person1339_bacteria_3399.png,person1339_bacteria_3399.jpeg,PNEUMONIA,bacteria,person1339,1,train,1344,712
PNEUMONIA__person1339_bacteria_3402.png,person1339_bacteria_3402.jpeg,PNEUMONIA,bacteria,person1339,1,train,1208,672
PNEUMONIA__person133_virus_267.png,person133_virus_267.jpeg,PNEUMONIA,virus,person133,1,val,1552,1000
PNEUMONIA__person1340_bacteria_3405.png,person1340_bacteria_3405.jpeg,PNEUMONIA,bacteria,person1340,1,train,992,776
PNEUMONIA__person1340_virus_2311.png,person1340_virus_2311.jpeg,PNEUMONIA,virus,person1340,1,train,1032,744
PNEUMONIA__person1340_virus_2312.png,person1340_virus_2312.jpeg,PNEUMONIA,virus,person1340,1,train,911,630
PNEUMONIA__person1341_bacteria_3406.png,person1341_bacteria_3406.jpeg,PNEUMONIA,bacteria,person1341,1,val,1088,544
PNEUMONIA__person1341_virus_2313.png,person1341_virus_2313.jpeg,PNEUMONIA,virus,person1341,1,val,1056,728
PNEUMONIA__person1342_bacteria_3407.png,person1342_bacteria_3407.jpeg,PNEUMONIA,bacteria,person1342,1,train,1048,648
PNEUMONIA__person1342_virus_2315.png,person1342_virus_2315.jpeg,PNEUMONIA,virus,person1342,1,train,1448,880
PNEUMONIA__person1343_bacteria_3409.png,person1343_bacteria_3409.jpeg,PNEUMONIA,bacteria,person1343,1,train,1312,832
PNEUMONIA__person1343_bacteria_3411.png,person1343_bacteria_3411.jpeg,PNEUMONIA,bacteria,person1343,1,train,1448,888
PNEUMONIA__person1343_bacteria_3413.png,person1343_bacteria_3413.jpeg,PNEUMONIA,bacteria,person1343,1,train,1384,864
PNEUMONIA__person1343_bacteria_3414.png,person1343_bacteria_3414.jpeg,PNEUMONIA,bacteria,person1343,1,train,1384,864
PNEUMONIA__person1343_bacteria_3415.png,person1343_bacteria_3415.jpeg,PNEUMONIA,bacteria,person1343,1,train,1376,1120
PNEUMONIA__person1343_bacteria_3416.png,person1343_bacteria_3416.jpeg,PNEUMONIA,bacteria,person1343,1,train,1416,888
PNEUMONIA__person1343_bacteria_3417.png,person1343_bacteria_3417.jpeg,PNEUMONIA,bacteria,person1343,1,train,1136,760
PNEUMONIA__person1343_bacteria_3418.png,person1343_bacteria_3418.jpeg,PNEUMONIA,bacteria,person1343,1,train,1152,912
PNEUMONIA__person1343_bacteria_3419.png,person1343_bacteria_3419.jpeg,PNEUMONIA,bacteria,person1343,1,train,1216,712
PNEUMONIA__person1343_virus_2316.png,person1343_virus_2316.jpeg,PNEUMONIA,virus,person1343,1,train,1184,840
PNEUMONIA__person1343_virus_2317.png,person1343_virus_2317.jpeg,PNEUMONIA,virus,person1343,1,train,1280,872
PNEUMONIA__person1344_bacteria_3421.png,person1344_bacteria_3421.jpeg,PNEUMONIA,bacteria,person1344,1,test,1144,760
PNEUMONIA__person1344_virus_2319.png,person1344_virus_2319.jpeg,PNEUMONIA,virus,person1344,1,test,992,560
PNEUMONIA__person1344_virus_2320.png,person1344_virus_2320.jpeg,PNEUMONIA,virus,person1344,1,test,984,656
PNEUMONIA__person1345_bacteria_3422.png,person1345_bacteria_3422.jpeg,PNEUMONIA,bacteria,person1345,1,train,1376,1048
PNEUMONIA__person1345_bacteria_3424.png,person1345_bacteria_3424.jpeg,PNEUMONIA,bacteria,person1345,1,train,1320,856
PNEUMONIA__person1345_bacteria_3425.png,person1345_bacteria_3425.jpeg,PNEUMONIA,bacteria,person1345,1,train,1552,840
PNEUMONIA__person1345_bacteria_3426.png,person1345_bacteria_3426.jpeg,PNEUMONIA,bacteria,person1345,1,train,1384,1008
PNEUMONIA__person1345_bacteria_3427.png,person1345_bacteria_3427.jpeg,PNEUMONIA,bacteria,person1345,1,train,1464,1048
PNEUMONIA__person1345_bacteria_3428.png,person1345_bacteria_3428.jpeg,PNEUMONIA,bacteria,person1345,1,train,1408,848
PNEUMONIA__person1345_virus_2321.png,person1345_virus_2321.jpeg,PNEUMONIA,virus,person1345,1,train,1272,840
PNEUMONIA__person1346_bacteria_3430.png,person1346_bacteria_3430.jpeg,PNEUMONIA,bacteria,person1346,1,train,1248,936
PNEUMONIA__person1346_virus_2322.png,person1346_virus_2322.jpeg,PNEUMONIA,virus,person1346,1,train,944,640
PNEUMONIA__person1347_virus_2323.png,person1347_virus_2323.jpeg,PNEUMONIA,virus,person1347,1,train,1320,1000
PNEUMONIA__person1348_virus_2324.png,person1348_virus_2324.jpeg,PNEUMONIA,virus,person1348,1,train,1432,1008
PNEUMONIA__person1348_virus_2326.png,person1348_virus_2326.jpeg,PNEUMONIA,virus,person1348,1,train,1432,968
PNEUMONIA__person1349_bacteria_3434.png,person1349_bacteria_3434.jpeg,PNEUMONIA,bacteria,person1349,1,val,1512,872
PNEUMONIA__person1349_bacteria_3436.png,person1349_bacteria_3436.jpeg,PNEUMONIA,bacteria,person1349,1,val,1480,1208
PNEUMONIA__person1349_bacteria_3437.png,person1349_bacteria_3437.jpeg,PNEUMONIA,bacteria,person1349,1,val,1480,1208
PNEUMONIA__person1349_bacteria_3438.png,person1349_bacteria_3438.jpeg,PNEUMONIA,bacteria,person1349,1,val,1336,904
PNEUMONIA__person1349_bacteria_3439.png,person1349_bacteria_3439.jpeg,PNEUMONIA,bacteria,person1349,1,val,1504,992
PNEUMONIA__person134_virus_268.png,person134_virus_268.jpeg,PNEUMONIA,virus,person134,1,test,1216,1008
PNEUMONIA__person1350_virus_2329.png,person1350_virus_2329.jpeg,PNEUMONIA,virus,person1350,1,train,1280,792
PNEUMONIA__person1351_bacteria_3441.png,person1351_bacteria_3441.jpeg,PNEUMONIA,bacteria,person1351,1,train,1112,680
PNEUMONIA__person1351_virus_2330.png,person1351_virus_2330.jpeg,PNEUMONIA,virus,person1351,1,train,1224,776
PNEUMONIA__person1352_bacteria_3442.png,person1352_bacteria_3442.jpeg,PNEUMONIA,bacteria,person1352,1,train,1296,696
PNEUMONIA__person1352_bacteria_3443.png,person1352_bacteria_3443.jpeg,PNEUMONIA,bacteria,person1352,1,train,1232,824
PNEUMONIA__person1352_bacteria_3444.png,person1352_bacteria_3444.jpeg,PNEUMONIA,bacteria,person1352,1,train,1384,960
PNEUMONIA__person1352_bacteria_3445.png,person1352_bacteria_3445.jpeg,PNEUMONIA,bacteria,person1352,1,train,1320,1008
PNEUMONIA__person1353_bacteria_3446.png,person1353_bacteria_3446.jpeg,PNEUMONIA,bacteria,person1353,1,train,1296,904
PNEUMONIA__person1353_virus_2333.png,person1353_virus_2333.jpeg,PNEUMONIA,virus,person1353,1,train,1408,1024
PNEUMONIA__person1354_bacteria_3448.png,person1354_bacteria_3448.jpeg,PNEUMONIA,bacteria,person1354,1,val,1312,936
PNEUMONIA__person1355_bacteria_3449.png,person1355_bacteria_3449.jpeg,PNEUMONIA,bacteria,person1355,1,test,841,528
PNEUMONIA__person1355_bacteria_3452.png,person1355_bacteria_3452.jpeg,PNEUMONIA,bacteria,person1355,1,test,800,472
PNEUMONIA__person1355_virus_2336.png,person1355_virus_2336.jpeg,PNEUMONIA,virus,person1355,1,test,1416,1104
PNEUMONIA__person1356_virus_2337.png,person1356_virus_2337.jpeg,PNEUMONIA,virus,person1356,1,train,1328,1104
PNEUMONIA__person1357_virus_2338.png,person1357_virus_2338.jpeg,PNEUMONIA,virus,person1357,1,train,1416,1088
PNEUMONIA__person1358_bacteria_3463.png,person1358_bacteria_3463.jpeg,PNEUMONIA,bacteria,person1358,1,val,1472,976
PNEUMONIA__person1358_bacteria_3465.png,person1358_bacteria_3465.jpeg,PNEUMONIA,bacteria,person1358,1,val,1440,912
PNEUMONIA__person1358_virus_2339.png,person1358_virus_2339.jpeg,PNEUMONIA,virus,person1358,1,val,1760,1360
PNEUMONIA__person1359_virus_2340.png,person1359_virus_2340.jpeg,PNEUMONIA,virus,person1359,1,test,1408,976
PNEUMONIA__person135_virus_270.png,person135_virus_270.jpeg,PNEUMONIA,virus,person135,1,train,992,568
PNEUMONIA__person135_virus_271.png,person135_virus_271.jpeg,PNEUMONIA,virus,person135,1,train,1072,624
PNEUMONIA__person1360_virus_2341.png,person1360_virus_2341.jpeg,PNEUMONIA,virus,person1360,1,train,1632,1200
PNEUMONIA__person1361_bacteria_3476.png,person1361_bacteria_3476.jpeg,PNEUMONIA,bacteria,person1361,1,train,1240,920
PNEUMONIA__person1361_bacteria_3477.png,person1361_bacteria_3477.jpeg,PNEUMONIA,bacteria,person1361,1,train,1192,760
PNEUMONIA__person1361_virus_2342.png,person1361_virus_2342.jpeg,PNEUMONIA,virus,person1361,1,train,1416,904
PNEUMONIA__person1361_virus_2344.png,person1361_virus_2344.jpeg,PNEUMONIA,virus,person1361,1,train,1232,880
PNEUMONIA__person1362_virus_2345.png,person1362_virus_2345.jpeg,PNEUMONIA,virus,person1362,1,test,1360,1296
PNEUMONIA__person1363_bacteria_3483.png,person1363_bacteria_3483.jpeg,PNEUMONIA,bacteria,person1363,1,train,1320,944
PNEUMONIA__person1363_bacteria_3484.png,person1363_bacteria_3484.jpeg,PNEUMONIA,bacteria,person1363,1,train,1216,872
PNEUMONIA__person1363_virus_2346.png,person1363_virus_2346.jpeg,PNEUMONIA,virus,person1363,1,train,1504,1056
PNEUMONIA__person1365_bacteria_3489.png,person1365_bacteria_3489.jpeg,PNEUMONIA,bacteria,person1365,1,train,1000,568
PNEUMONIA__person1365_virus_2348.png,person1365_virus_2348.jpeg,PNEUMONIA,virus,person1365,1,train,1152,840
PNEUMONIA__person1366_bacteria_3490.png,person1366_bacteria_3490.jpeg,PNEUMONIA,bacteria,person1366,1,val,1816,1488
PNEUMONIA__person1366_virus_2349.png,person1366_virus_2349.jpeg,PNEUMONIA,virus,person1366,1,val,1192,672
PNEUMONIA__person1367_virus_2351.png,person1367_virus_2351.jpeg,PNEUMONIA,virus,person1367,1,train,1296,848
PNEUMONIA__person1368_virus_2352.png,person1368_virus_2352.jpeg,PNEUMONIA,virus,person1368,1,train,1312,824
PNEUMONIA__person1368_virus_2353.png,person1368_virus_2353.jpeg,PNEUMONIA,virus,person1368,1,train,1320,1048
PNEUMONIA__person1368_virus_2354.png,person1368_virus_2354.jpeg,PNEUMONIA,virus,person1368,1,train,1296,928
PNEUMONIA__person1369_virus_2355.png,person1369_virus_2355.jpeg,PNEUMONIA,virus,person1369,1,train,852,444
PNEUMONIA__person1369_virus_2356.png,person1369_virus_2356.jpeg,PNEUMONIA,virus,person1369,1,train,1003,413
PNEUMONIA__person1371_virus_2361.png,person1371_virus_2361.jpeg,PNEUMONIA,virus,person1371,1,train,1120,680
PNEUMONIA__person1371_virus_2362.png,person1371_virus_2362.jpeg,PNEUMONIA,virus,person1371,1,train,1072,648
PNEUMONIA__person1372_bacteria_3498.png,person1372_bacteria_3498.jpeg,PNEUMONIA,bacteria,person1372,1,train,1856,1312
PNEUMONIA__person1372_bacteria_3499.png,person1372_bacteria_3499.jpeg,PNEUMONIA,bacteria,person1372,1,train,1688,1392
PNEUMONIA__person1372_bacteria_3500.png,person1372_bacteria_3500.jpeg,PNEUMONIA,bacteria,person1372,1,train,1624,1288
PNEUMONIA__person1372_bacteria_3501.png,person1372_bacteria_3501.jpeg,PNEUMONIA,bacteria,person1372,1,train,1800,1512
PNEUMONIA__person1372_bacteria_3502.png,person1372_bacteria_3502.jpeg,PNEUMONIA,bacteria,person1372,1,train,1800,1512
PNEUMONIA__person1372_bacteria_3503.png,person1372_bacteria_3503.jpeg,PNEUMONIA,bacteria,person1372,1,train,1800,1512
PNEUMONIA__person1374_bacteria_3506.png,person1374_bacteria_3506.jpeg,PNEUMONIA,bacteria,person1374,1,train,1552,840
PNEUMONIA__person1374_bacteria_3507.png,person1374_bacteria_3507.jpeg,PNEUMONIA,bacteria,person1374,1,train,1416,1016
PNEUMONIA__person1374_virus_2365.png,person1374_virus_2365.jpeg,PNEUMONIA,virus,person1374,1,train,1136,576
PNEUMONIA__person1375_bacteria_3509.png,person1375_bacteria_3509.jpeg,PNEUMONIA,bacteria,person1375,1,train,1320,800
PNEUMONIA__person1375_bacteria_3510.png,person1375_bacteria_3510.jpeg,PNEUMONIA,bacteria,person1375,1,train,1312,816
PNEUMONIA__person1375_virus_2366.png,person1375_virus_2366.jpeg,PNEUMONIA,virus,person1375,1,train,1512,1056
PNEUMONIA__person1376_bacteria_3511.png,person1376_bacteria_3511.jpeg,PNEUMONIA,bacteria,person1376,1,val,1416,856
PNEUMONIA__person1376_virus_2367.png,person1376_virus_2367.jpeg,PNEUMONIA,virus,person1376,1,val,1264,712
PNEUMONIA__person1377_bacteria_3512.png,person1377_bacteria_3512.jpeg,PNEUMONIA,bacteria,person1377,1,val,1400,1072
PNEUMONIA__person1377_virus_2369.png,person1377_virus_2369.jpeg,PNEUMONIA,virus,person1377,1,val,1584,720
PNEUMONIA__person1378_bacteria_3513.png,person1378_bacteria_3513.jpeg,PNEUMONIA,bacteria,person1378,1,train,928,504
PNEUMONIA__person1379_bacteria_3514.png,person1379_bacteria_3514.jpeg,PNEUMONIA,bacteria,person1379,1,train,1216,720
PNEUMONIA__person137_virus_281.png,person137_virus_281.jpeg,PNEUMONIA,virus,person137,1,train,1320,1000
PNEUMONIA__person1380_bacteria_3515.png,person1380_bacteria_3515.jpeg,PNEUMONIA,bacteria,person1380,1,test,1064,688
PNEUMONIA__person1381_bacteria_3516.png,person1381_bacteria_3516.jpeg,PNEUMONIA,bacteria,person1381,1,train,1944,1560
PNEUMONIA__person1381_bacteria_3517.png,person1381_bacteria_3517.jpeg,PNEUMONIA,bacteria,person1381,1,train,1984,1576
PNEUMONIA__person1381_virus_2375.png,person1381_virus_2375.jpeg,PNEUMONIA,virus,person1381,1,train,1352,840
PNEUMONIA__person1383_bacteria_3521.png,person1383_bacteria_3521.jpeg,PNEUMONIA,bacteria,person1383,1,train,1224,680
PNEUMONIA__person1383_virus_2377.png,person1383_virus_2377.jpeg,PNEUMONIA,virus,person1383,1,train,1240,960
PNEUMONIA__person1384_bacteria_3522.png,person1384_bacteria_3522.jpeg,PNEUMONIA,bacteria,person1384,1,train,1104,848
PNEUMONIA__person1385_bacteria_3524.png,person1385_bacteria_3524.jpeg,PNEUMONIA,bacteria,person1385,1,train,1288,784
PNEUMONIA__person1385_virus_2380.png,person1385_virus_2380.jpeg,PNEUMONIA,virus,person1385,1,train,1320,856
PNEUMONIA__person1387_virus_2382.png,person1387_virus_2382.jpeg,PNEUMONIA,virus,person1387,1,train,1368,760
PNEUMONIA__person1388_bacteria_3529.png,person1388_bacteria_3529.jpeg,PNEUMONIA,bacteria,person1388,1,train,1128,680
PNEUMONIA__person1389_bacteria_3531.png,person1389_bacteria_3531.jpeg,PNEUMONIA,bacteria,person1389,1,train,1056,744
PNEUMONIA__person1389_virus_2387.png,person1389_virus_2387.jpeg,PNEUMONIA,virus,person1389,1,train,1392,776
PNEUMONIA__person138_virus_282.png,person138_virus_282.jpeg,PNEUMONIA,virus,person138,1,train,928,496
PNEUMONIA__person1390_bacteria_3534.png,person1390_bacteria_3534.jpeg,PNEUMONIA,bacteria,person1390,1,train,1128,688
PNEUMONIA__person1390_bacteria_3535.png,person1390_bacteria_3535.jpeg,PNEUMONIA,bacteria,person1390,1,train,1056,584
PNEUMONIA__person1391_bacteria_3536.png,person1391_bacteria_3536.jpeg,PNEUMONIA,bacteria,person1391,1,test,1576,1200
PNEUMONIA__person1391_bacteria_3537.png,person1391_bacteria_3537.jpeg,PNEUMONIA,bacteria,person1391,1,test,1384,1072
PNEUMONIA__person1392_bacteria_3538.png,person1392_bacteria_3538.jpeg,PNEUMONIA,bacteria,person1392,1,train,1232,832
PNEUMONIA__person1393_virus_2396.png,person1393_virus_2396.jpeg,PNEUMONIA,virus,person1393,1,test,1240,720
PNEUMONIA__person1394_virus_2397.png,person1394_virus_2397.jpeg,PNEUMONIA,virus,person1394,1,train,1440,896
PNEUMONIA__person1395_bacteria_3544.png,person1395_bacteria_3544.jpeg,PNEUMONIA,bacteria,person1395,1,train,1848,1448
PNEUMONIA__person1395_virus_2398.png,person1395_virus_2398.jpeg,PNEUMONIA,virus,person1395,1,train,1208,728
PNEUMONIA__person1396_bacteria_3545.png,person1396_bacteria_3545.jpeg,PNEUMONIA,bacteria,person1396,1,train,1160,856
PNEUMONIA__person1396_virus_2399.png,person1396_virus_2399.jpeg,PNEUMONIA,virus,person1396,1,train,1432,1128
PNEUMONIA__person1397_virus_2400.png,person1397_virus_2400.jpeg,PNEUMONIA,virus,person1397,1,train,1176,696
PNEUMONIA__person1398_bacteria_3548.png,person1398_bacteria_3548.jpeg,PNEUMONIA,bacteria,person1398,1,train,1544,1280
PNEUMONIA__person1398_virus_2401.png,person1398_virus_2401.jpeg,PNEUMONIA,virus,person1398,1,train,1144,696
PNEUMONIA__person1399_bacteria_3549.png,person1399_bacteria_3549.jpeg,PNEUMONIA,bacteria,person1399,1,train,1696,1432
PNEUMONIA__person1399_virus_2402.png,person1399_virus_2402.jpeg,PNEUMONIA,virus,person1399,1,train,872,608
PNEUMONIA__person139_virus_283.png,person139_virus_283.jpeg,PNEUMONIA,virus,person139,1,val,1576,1064
PNEUMONIA__person13_bacteria_49.png,person13_bacteria_49.jpeg,PNEUMONIA,bacteria,person13,1,test,1666,1392
PNEUMONIA__person13_bacteria_50.png,person13_bacteria_50.jpeg,PNEUMONIA,bacteria,person13,1,test,1762,1535
PNEUMONIA__person1400_bacteria_3550.png,person1400_bacteria_3550.jpeg,PNEUMONIA,bacteria,person1400,1,train,1272,784
PNEUMONIA__person1400_bacteria_3551.png,person1400_bacteria_3551.jpeg,PNEUMONIA,bacteria,person1400,1,train,1168,872
PNEUMONIA__person1400_bacteria_3553.png,person1400_bacteria_3553.jpeg,PNEUMONIA,bacteria,person1400,1,train,1240,1048
PNEUMONIA__person1400_bacteria_3554.png,person1400_bacteria_3554.jpeg,PNEUMONIA,bacteria,person1400,1,train,1576,960
PNEUMONIA__person1401_bacteria_3555.png,person1401_bacteria_3555.jpeg,PNEUMONIA,bacteria,person1401,1,test,1088,560
PNEUMONIA__person1402_virus_2405.png,person1402_virus_2405.jpeg,PNEUMONIA,virus,person1402,1,train,1136,648
PNEUMONIA__person1403_bacteria_3557.png,person1403_bacteria_3557.jpeg,PNEUMONIA,bacteria,person1403,1,train,1208,920
PNEUMONIA__person1403_bacteria_3559.png,person1403_bacteria_3559.jpeg,PNEUMONIA,bacteria,person1403,1,train,1304,768
PNEUMONIA__person1403_virus_2406.png,person1403_virus_2406.jpeg,PNEUMONIA,virus,person1403,1,train,1064,600
PNEUMONIA__person1404_bacteria_3561.png,person1404_bacteria_3561.jpeg,PNEUMONIA,bacteria,person1404,1,val,1392,968
PNEUMONIA__person1405_bacteria_3564.png,person1405_bacteria_3564.jpeg,PNEUMONIA,bacteria,person1405,1,val,1432,1016
PNEUMONIA__person1405_bacteria_3566.png,person1405_bacteria_3566.jpeg,PNEUMONIA,bacteria,person1405,1,val,1392,936
PNEUMONIA__person1405_bacteria_3567.png,person1405_bacteria_3567.jpeg,PNEUMONIA,bacteria,person1405,1,val,1488,816
PNEUMONIA__person1405_bacteria_3571.png,person1405_bacteria_3571.jpeg,PNEUMONIA,bacteria,person1405,1,val,1216,824
PNEUMONIA__person1405_bacteria_3573.png,person1405_bacteria_3573.jpeg,PNEUMONIA,bacteria,person1405,1,val,1352,944
PNEUMONIA__person1405_virus_2408.png,person1405_virus_2408.jpeg,PNEUMONIA,virus,person1405,1,val,1816,1216
PNEUMONIA__person1406_bacteria_3574.png,person1406_bacteria_3574.jpeg,PNEUMONIA,bacteria,person1406,1,test,1304,824
PNEUMONIA__person1406_bacteria_3575.png,person1406_bacteria_3575.jpeg,PNEUMONIA,bacteria,person1406,1,test,1240,848
PNEUMONIA__person1406_virus_2409.png,person1406_virus_2409.jpeg,PNEUMONIA,virus,person1406,1,test,1488,1048
PNEUMONIA__person1407_virus_2410.png,person1407_virus_2410.jpeg,PNEUMONIA,virus,person1407,1,val,1208,776
PNEUMONIA__person1408_bacteria_3579.png,person1408_bacteria_3579.jpeg,PNEUMONIA,bacteria,person1408,1,train,1744,1224
PNEUMONIA__person1408_bacteria_3581.png,person1408_bacteria_3581.jpeg,PNEUMONIA,bacteria,person1408,1,train,1576,1288
PNEUMONIA__person1408_virus_2411.png,person1408_virus_2411.jpeg,PNEUMONIA,virus,person1408,1,train,1392,1120
PNEUMONIA__person1409_bacteria_3583.png,person1409_bacteria_3583.jpeg,PNEUMONIA,bacteria,person1409,1,train,1712,1272
PNEUMONIA__person1409_bacteria_3585.png,person1409_bacteria_3585.jpeg,PNEUMONIA,bacteria,person1409,1,train,1680,1256
PNEUMONIA__person1409_virus_2413.png,person1409_virus_2413.jpeg,PNEUMONIA,virus,person1409,1,train,984,672
PNEUMONIA__person140_virus_284.png,person140_virus_284.jpeg,PNEUMONIA,virus,person140,1,train,1896,1360
PNEUMONIA__person140_virus_285.png,person140_virus_285.jpeg,PNEUMONIA,virus,person140,1,train,2048,1656
PNEUMONIA__person1411_bacteria_3591.png,person1411_bacteria_3591.jpeg,PNEUMONIA,bacteria,person1411,1,train,1672,1488
PNEUMONIA__person1411_bacteria_3593.png,person1411_bacteria_3593.jpeg,PNEUMONIA,bacteria,person1411,1,train,1904,1480
PNEUMONIA__person1411_bacteria_3598.png,person1411_bacteria_3598.jpeg,PNEUMONIA,bacteria,person1411,1,train,1648,1240
PNEUMONIA__person1411_bacteria_3599.png,person1411_bacteria_3599.jpeg,PNEUMONIA,bacteria,person1411,1,train,1712,1488
PNEUMONIA__person1411_bacteria_3601.png,person1411_bacteria_3601.jpeg,PNEUMONIA,bacteria,person1411,1,train,1808,1352
PNEUMONIA__person1411_bacteria_3602.png,person1411_bacteria_3602.jpeg,PNEUMONIA,bacteria,person1411,1,train,1624,1312
PNEUMONIA__person1411_bacteria_3603.png,person1411_bacteria_3603.jpeg,PNEUMONIA,bacteria,person1411,1,train,1656,1264
PNEUMONIA__person1411_bacteria_3604.png,person1411_bacteria_3604.jpeg,PNEUMONIA,bacteria,person1411,1,train,1648,1208
PNEUMONIA__person1411_bacteria_3607.png,person1411_bacteria_3607.jpeg,PNEUMONIA,bacteria,person1411,1,train,1816,1608
PNEUMONIA__person1411_bacteria_3609.png,person1411_bacteria_3609.jpeg,PNEUMONIA,bacteria,person1411,1,train,1616,1216
PNEUMONIA__person1411_bacteria_3610.png,person1411_bacteria_3610.jpeg,PNEUMONIA,bacteria,person1411,1,train,1656,1288
PNEUMONIA__person1411_virus_2415.png,person1411_virus_2415.jpeg,PNEUMONIA,virus,person1411,1,train,1440,1224
PNEUMONIA__person1412_bacteria_3612.png,person1412_bacteria_3612.jpeg,PNEUMONIA,bacteria,person1412,1,train,1256,784
PNEUMONIA__person1413_bacteria_3613.png,person1413_bacteria_3613.jpeg,PNEUMONIA,bacteria,person1413,1,train,1224,848
PNEUMONIA__person1413_bacteria_3615.png,person1413_bacteria_3615.jpeg,PNEUMONIA,bacteria,person1413,1,train,1400,704
PNEUMONIA__person1413_bacteria_3617.png,person1413_bacteria_3617.jpeg,PNEUMONIA,bacteria,person1413,1,train,1440,856
PNEUMONIA__person1413_bacteria_3620.png,person1413_bacteria_3620.jpeg,PNEUMONIA,bacteria,person1413,1,train,1408,800
PNEUMONIA__person1413_virus_2422.png,person1413_virus_2422.jpeg,PNEUMONIA,virus,person1413,1,train,1136,968
PNEUMONIA__person1413_virus_2423.png,person1413_virus_2423.jpeg,PNEUMONIA,virus,person1413,1,train,1336,1056
PNEUMONIA__person1414_bacteria_3627.png,person1414_bacteria_3627.jpeg,PNEUMONIA,bacteria,person1414,1,train,1232,704
PNEUMONIA__person1414_bacteria_3628.png,person1414_bacteria_3628.jpeg,PNEUMONIA,bacteria,person1414,1,train,1288,896
NORMAL__IM-0001-0001.png,IM-0001-0001.jpeg,NORMAL,,IM-0001,0,train,1857,1317
NORMAL__IM-0003-0001.png,IM-0003-0001.jpeg,NORMAL,,IM-0003,0,train,2111,1509
NORMAL__IM-0005-0001.png,IM-0005-0001.jpeg,NORMAL,,IM-0005,0,train,2031,1837
NORMAL__IM-0006-0001.png,IM-0006-0001.jpeg,NORMAL,,IM-0006,0,train,1663,1326
NORMAL__IM-0007-0001.png,IM-0007-0001.jpeg,NORMAL,,IM-0007,0,test,2053,1818
NORMAL__IM-0009-0001.png,IM-0009-0001.jpeg,NORMAL,,IM-0009,0,val,1852,1443
NORMAL__IM-0010-0001.png,IM-0010-0001.jpeg,NORMAL,,IM-0010,0,test,1873,1478
NORMAL__IM-0011-0001-0001.png,IM-0011-0001-0001.jpeg,NORMAL,,IM-0011,0,test,2144,1916
NORMAL__IM-0011-0001-0002.png,IM-0011-0001-0002.jpeg,NORMAL,,IM-0011,0,test,2214,1945
NORMAL__IM-0011-0001.png,IM-0011-0001.jpeg,NORMAL,,IM-0011,0,test,1863,1785
NORMAL__IM-0013-0001.png,IM-0013-0001.jpeg,NORMAL,,IM-0013,0,val,2444,2155
NORMAL__IM-0015-0001.png,IM-0015-0001.jpeg,NORMAL,,IM-0015,0,train,1803,1238
NORMAL__IM-0016-0001.png,IM-0016-0001.jpeg,NORMAL,,IM-0016,0,train,2498,2057
NORMAL__IM-0017-0001.png,IM-0017-0001.jpeg,NORMAL,,IM-0017,0,val,1984,1559
NORMAL__IM-0019-0001.png,IM-0019-0001.jpeg,NORMAL,,IM-0019,0,train,1917,1432
NORMAL__IM-0021-0001.png,IM-0021-0001.jpeg,NORMAL,,IM-0021,0,test,2624,1893
NORMAL__IM-0022-0001.png,IM-0022-0001.jpeg,NORMAL,,IM-0022,0,train,1300,617
NORMAL__IM-0023-0001.png,IM-0023-0001.jpeg,NORMAL,,IM-0023,0,train,2022,1384
NORMAL__IM-0025-0001.png,IM-0025-0001.jpeg,NORMAL,,IM-0025,0,train,2720,2458
NORMAL__IM-0027-0001.png,IM-0027-0001.jpeg,NORMAL,,IM-0027,0,train,2271,1827
NORMAL__IM-0028-0001.png,IM-0028-0001.jpeg,NORMAL,,IM-0028,0,train,2522,2124
NORMAL__IM-0029-0001.png,IM-0029-0001.jpeg,NORMAL,,IM-0029,0,train,2343,2139
NORMAL__IM-0030-0001.png,IM-0030-0001.jpeg,NORMAL,,IM-0030,0,val,1647,1314
NORMAL__IM-0031-0001.png,IM-0031-0001.jpeg,NORMAL,,IM-0031,0,train,1949,1632
NORMAL__IM-0033-0001-0001.png,IM-0033-0001-0001.jpeg,NORMAL,,IM-0033,0,train,2170,1953
NORMAL__IM-0033-0001-0002.png,IM-0033-0001-0002.jpeg,NORMAL,,IM-0033,0,train,2024,1836
NORMAL__IM-0033-0001.png,IM-0033-0001.jpeg,NORMAL,,IM-0033,0,train,1658,1534
NORMAL__IM-0035-0001.png,IM-0035-0001.jpeg,NORMAL,,IM-0035,0,train,2480,2329
NORMAL__IM-0036-0001.png,IM-0036-0001.jpeg,NORMAL,,IM-0036,0,test,2096,1709
NORMAL__IM-0037-0001.png,IM-0037-0001.jpeg,NORMAL,,IM-0037,0,train,1741,1504
NORMAL__IM-0039-0001.png,IM-0039-0001.jpeg,NORMAL,,IM-0039,0,train,2153,1793
NORMAL__IM-0041-0001.png,IM-0041-0001.jpeg,NORMAL,,IM-0041,0,train,2022,2071
NORMAL__IM-0043-0001.png,IM-0043-0001.jpeg,NORMAL,,IM-0043,0,test,2297,2032
NORMAL__IM-0045-0001.png,IM-0045-0001.jpeg,NORMAL,,IM-0045,0,val,2746,2382
NORMAL__IM-0046-0001.png,IM-0046-0001.jpeg,NORMAL,,IM-0046,0,train,2001,1725
NORMAL__IM-0049-0001.png,IM-0049-0001.jpeg,NORMAL,,IM-0049,0,train,1762,1060
NORMAL__IM-0050-0001.png,IM-0050-0001.jpeg,NORMAL,,IM-0050,0,train,2752,1882
NORMAL__IM-0059-0001.png,IM-0059-0001.jpeg,NORMAL,,IM-0059,0,train,1616,1041
NORMAL__IM-0061-0001.png,IM-0061-0001.jpeg,NORMAL,,IM-0061,0,train,1754,1318
NORMAL__IM-0063-0001.png,IM-0063-0001.jpeg,NORMAL,,IM-0063,0,train,2034,1761
NORMAL__IM-0065-0001.png,IM-0065-0001.jpeg,NORMAL,,IM-0065,0,val,1562,1021
NORMAL__IM-0067-0001.png,IM-0067-0001.jpeg,NORMAL,,IM-0067,0,train,1572,1125
NORMAL__IM-0069-0001.png,IM-0069-0001.jpeg,NORMAL,,IM-0069,0,train,1974,1226
NORMAL__IM-0070-0001.png,IM-0070-0001.jpeg,NORMAL,,IM-0070,0,val,2034,1392
NORMAL__IM-0071-0001.png,IM-0071-0001.jpeg,NORMAL,,IM-0071,0,train,2060,1558
NORMAL__IM-0073-0001.png,IM-0073-0001.jpeg,NORMAL,,IM-0073,0,train,1322,650
NORMAL__IM-0075-0001.png,IM-0075-0001.jpeg,NORMAL,,IM-0075,0,train,1786,1068
NORMAL__IM-0077-0001.png,IM-0077-0001.jpeg,NORMAL,,IM-0077,0,test,1740,1246
NORMAL__IM-0079-0001.png,IM-0079-0001.jpeg,NORMAL,,IM-0079,0,train,1774,1230
NORMAL__IM-0081-0001.png,IM-0081-0001.jpeg,NORMAL,,IM-0081,0,train,1260,767
NORMAL__IM-0083-0001.png,IM-0083-0001.jpeg,NORMAL,,IM-0083,0,train,1240,925
NORMAL__IM-0084-0001.png,IM-0084-0001.jpeg,NORMAL,,IM-0084,0,train,1754,1187
NORMAL__IM-0085-0001.png,IM-0085-0001.jpeg,NORMAL,,IM-0085,0,train,1558,1014
NORMAL__IM-0086-0001.png,IM-0086-0001.jpeg,NORMAL,,IM-0086,0,train,2006,1461
NORMAL__IM-0087-0001.png,IM-0087-0001.jpeg,NORMAL,,IM-0087,0,test,1890,1357
NORMAL__IM-0089-0001.png,IM-0089-0001.jpeg,NORMAL,,IM-0089,0,train,2426,2076
NORMAL__IM-0091-0001.png,IM-0091-0001.jpeg,NORMAL,,IM-0091,0,train,1754,1036
NORMAL__IM-0093-0001.png,IM-0093-0001.jpeg,NORMAL,,IM-0093,0,train,1788,1282
NORMAL__IM-0095-0001.png,IM-0095-0001.jpeg,NORMAL,,IM-0095,0,train,1866,1311
NORMAL__IM-0097-0001.png,IM-0097-0001.jpeg,NORMAL,,IM-0097,0,val,1558,925
NORMAL__IM-0099-0001.png,IM-0099-0001.jpeg,NORMAL,,IM-0099,0,train,1862,1326
NORMAL__IM-0101-0001.png,IM-0101-0001.jpeg,NORMAL,,IM-0101,0,train,1460,906
NORMAL__IM-0102-0001.png,IM-0102-0001.jpeg,NORMAL,,IM-0102,0,test,1472,863
NORMAL__IM-0103-0001.png,IM-0103-0001.jpeg,NORMAL,,IM-0103,0,val,1970,2085
NORMAL__IM-0105-0001.png,IM-0105-0001.jpeg,NORMAL,,IM-0105,0,train,2022,1299
NORMAL__IM-0107-0001.png,IM-0107-0001.jpeg,NORMAL,,IM-0107,0,train,1824,1125
NORMAL__IM-0109-0001.png,IM-0109-0001.jpeg,NORMAL,,IM-0109,0,train,1802,1110
NORMAL__IM-0110-0001.png,IM-0110-0001.jpeg,NORMAL,,IM-0110,0,train,1542,871
NORMAL__IM-0111-0001.png,IM-0111-0001.jpeg,NORMAL,,IM-0111,0,train,1910,1303
NORMAL__NORMAL2-IM-0007-0001.png,NORMAL2-IM-0007-0001.jpeg,NORMAL,,IM-0007,0,test,2165,1907
NORMAL__NORMAL2-IM-0012-0001.png,NORMAL2-IM-0012-0001.jpeg,NORMAL,,IM-0012,0,train,1784,1440
NORMAL__NORMAL2-IM-0013-0001.png,NORMAL2-IM-0013-0001.jpeg,NORMAL,,IM-0013,0,val,2165,1749
NORMAL__NORMAL2-IM-0019-0001.png,NORMAL2-IM-0019-0001.jpeg,NORMAL,,IM-0019,0,train,2043,2087
NORMAL__NORMAL2-IM-0023-0001.png,NORMAL2-IM-0023-0001.jpeg,NORMAL,,IM-0023,0,train,2071,1296
NORMAL__NORMAL2-IM-0027-0001.png,NORMAL2-IM-0027-0001.jpeg,NORMAL,,IM-0027,0,train,1856,1418
NORMAL__NORMAL2-IM-0028-0001.png,NORMAL2-IM-0028-0001.jpeg,NORMAL,,IM-0028,0,train,2381,1965
NORMAL__NORMAL2-IM-0029-0001.png,NORMAL2-IM-0029-0001.jpeg,NORMAL,,IM-0029,0,train,1928,1756
NORMAL__NORMAL2-IM-0030-0001.png,NORMAL2-IM-0030-0001.jpeg,NORMAL,,IM-0030,0,val,2517,2713
NORMAL__NORMAL2-IM-0033-0001.png,NORMAL2-IM-0033-0001.jpeg,NORMAL,,IM-0033,0,train,2431,2195
NORMAL__NORMAL2-IM-0035-0001.png,NORMAL2-IM-0035-0001.jpeg,NORMAL,,IM-0035,0,train,1762,1224
NORMAL__NORMAL2-IM-0041-0001.png,NORMAL2-IM-0041-0001.jpeg,NORMAL,,IM-0041,0,train,2187,1332
NORMAL__NORMAL2-IM-0045-0001.png,NORMAL2-IM-0045-0001.jpeg,NORMAL,,IM-0045,0,val,1733,1044
NORMAL__NORMAL2-IM-0051-0001.png,NORMAL2-IM-0051-0001.jpeg,NORMAL,,IM-0051,0,test,2028,1742
NORMAL__NORMAL2-IM-0052-0001.png,NORMAL2-IM-0052-0001.jpeg,NORMAL,,IM-0052,0,val,2446,2224
NORMAL__NORMAL2-IM-0058-0001.png,NORMAL2-IM-0058-0001.jpeg,NORMAL,,IM-0058,0,train,1683,1361
NORMAL__NORMAL2-IM-0059-0001.png,NORMAL2-IM-0059-0001.jpeg,NORMAL,,IM-0059,0,train,2244,2030
NORMAL__NORMAL2-IM-0060-0001.png,NORMAL2-IM-0060-0001.jpeg,NORMAL,,IM-0060,0,train,2323,1893
NORMAL__NORMAL2-IM-0066-0001.png,NORMAL2-IM-0066-0001.jpeg,NORMAL,,IM-0066,0,val,2194,2094
NORMAL__NORMAL2-IM-0072-0001.png,NORMAL2-IM-0072-0001.jpeg,NORMAL,,IM-0072,0,train,1992,1620
NORMAL__NORMAL2-IM-0073-0001.png,NORMAL2-IM-0073-0001.jpeg,NORMAL,,IM-0073,0,train,2496,2296
NORMAL__NORMAL2-IM-0079-0001.png,NORMAL2-IM-0079-0001.jpeg,NORMAL,,IM-0079,0,train,2345,1936
NORMAL__NORMAL2-IM-0081-0001.png,NORMAL2-IM-0081-0001.jpeg,NORMAL,,IM-0081,0,train,2517,2310
NORMAL__NORMAL2-IM-0086-0001.png,NORMAL2-IM-0086-0001.jpeg,NORMAL,,IM-0086,0,train,2474,2224
NORMAL__NORMAL2-IM-0092-0001.png,NORMAL2-IM-0092-0001.jpeg,NORMAL,,IM-0092,0,train,2143,1576
NORMAL__NORMAL2-IM-0095-0001.png,NORMAL2-IM-0095-0001.jpeg,NORMAL,,IM-0095,0,train,2517,1979
NORMAL__NORMAL2-IM-0096-0001.png,NORMAL2-IM-0096-0001.jpeg,NORMAL,,IM-0096,0,test,2517,1979
NORMAL__NORMAL2-IM-0098-0001.png,NORMAL2-IM-0098-0001.jpeg,NORMAL,,IM-0098,0,train,1266,1044
NORMAL__NORMAL2-IM-0102-0001.png,NORMAL2-IM-0102-0001.jpeg,NORMAL,,IM-0102,0,test,2366,2152
NORMAL__NORMAL2-IM-0105-0001.png,NORMAL2-IM-0105-0001.jpeg,NORMAL,,IM-0105,0,train,2352,2166
NORMAL__NORMAL2-IM-0107-0001.png,NORMAL2-IM-0107-0001.jpeg,NORMAL,,IM-0107,0,train,1741,1706
NORMAL__NORMAL2-IM-0110-0001.png,NORMAL2-IM-0110-0001.jpeg,NORMAL,,IM-0110,0,train,2251,1828
NORMAL__NORMAL2-IM-0111-0001.png,NORMAL2-IM-0111-0001.jpeg,NORMAL,,IM-0111,0,train,2035,1526
NORMAL__NORMAL2-IM-0112-0001.png,NORMAL2-IM-0112-0001.jpeg,NORMAL,,IM-0112,0,val,2266,1843
NORMAL__NORMAL2-IM-0117-0001.png,NORMAL2-IM-0117-0001.jpeg,NORMAL,,IM-0117,0,train,1971,1526
NORMAL__NORMAL2-IM-0120-0001.png,NORMAL2-IM-0120-0001.jpeg,NORMAL,,IM-0120,0,train,2093,1764
NORMAL__NORMAL2-IM-0123-0001.png,NORMAL2-IM-0123-0001.jpeg,NORMAL,,IM-0123,0,train,2043,1217
NORMAL__NORMAL2-IM-0129-0001.png,NORMAL2-IM-0129-0001.jpeg,NORMAL,,IM-0129,0,train,2302,1663
NORMAL__NORMAL2-IM-0130-0001.png,NORMAL2-IM-0130-0001.jpeg,NORMAL,,IM-0130,0,val,1827,1641
NORMAL__NORMAL2-IM-0131-0001.png,NORMAL2-IM-0131-0001.jpeg,NORMAL,,IM-0131,0,val,1784,1389
NORMAL__NORMAL2-IM-0132-0001.png,NORMAL2-IM-0132-0001.jpeg,NORMAL,,IM-0132,0,train,2115,1792
NORMAL__NORMAL2-IM-0135-0001.png,NORMAL2-IM-0135-0001.jpeg,NORMAL,,IM-0135,0,train,2136,1713
NORMAL__NORMAL2-IM-0139-0001.png,NORMAL2-IM-0139-0001.jpeg,NORMAL,,IM-0139,0,test,2014,1375
NORMAL__NORMAL2-IM-0141-0001.png,NORMAL2-IM-0141-0001.jpeg,NORMAL,,IM-0141,0,train,1712,1519
NORMAL__NORMAL2-IM-0145-0001.png,NORMAL2-IM-0145-0001.jpeg,NORMAL,,IM-0145,0,train,1726,1505
NORMAL__NORMAL2-IM-0146-0001.png,NORMAL2-IM-0146-0001.jpeg,NORMAL,,IM-0146,0,val,1827,1375
NORMAL__NORMAL2-IM-0150-0001.png,NORMAL2-IM-0150-0001.jpeg,NORMAL,,IM-0150,0,train,1611,1454
NORMAL__NORMAL2-IM-0171-0001.png,NORMAL2-IM-0171-0001.jpeg,NORMAL,,IM-0171,0,train,1752,1224
NORMAL__NORMAL2-IM-0173-0001-0001.png,NORMAL2-IM-0173-0001-0001.jpeg,NORMAL,,IM-0173,0,train,1304,952
NORMAL__NORMAL2-IM-0173-0001-0002.png,NORMAL2-IM-0173-0001-0002.jpeg,NORMAL,,IM-0173,0,train,1304,952
NORMAL__NORMAL2-IM-0195-0001.png,NORMAL2-IM-0195-0001.jpeg,NORMAL,,IM-0195,0,train,1432,1016
NORMAL__NORMAL2-IM-0196-0001.png,NORMAL2-IM-0196-0001.jpeg,NORMAL,,IM-0196,0,train,1720,1568
NORMAL__NORMAL2-IM-0198-0001.png,NORMAL2-IM-0198-0001.jpeg,NORMAL,,IM-0198,0,train,1960,1688
NORMAL__NORMAL2-IM-0199-0001.png,NORMAL2-IM-0199-0001.jpeg,NORMAL,,IM-0199,0,test,1584,1168
NORMAL__NORMAL2-IM-0201-0001.png,NORMAL2-IM-0201-0001.jpeg,NORMAL,,IM-0201,0,train,1800,1456
NORMAL__NORMAL2-IM-0206-0001.png,NORMAL2-IM-0206-0001.jpeg,NORMAL,,IM-0206,0,train,1536,1064
NORMAL__NORMAL2-IM-0207-0001.png,NORMAL2-IM-0207-0001.jpeg,NORMAL,,IM-0207,0,train,1454,1079
NORMAL__NORMAL2-IM-0210-0001.png,NORMAL2-IM-0210-0001.jpeg,NORMAL,,IM-0210,0,test,1680,984
NORMAL__NORMAL2-IM-0213-0001.png,NORMAL2-IM-0213-0001.jpeg,NORMAL,,IM-0213,0,train,1952,1600
NORMAL__NORMAL2-IM-0217-0001.png,NORMAL2-IM-0217-0001.jpeg,NORMAL,,IM-0217,0,train,1408,1040
NORMAL__NORMAL2-IM-0219-0001.png,NORMAL2-IM-0219-0001.jpeg,NORMAL,,IM-0219,0,train,1248,680
NORMAL__NORMAL2-IM-0221-0001.png,NORMAL2-IM-0221-0001.jpeg,NORMAL,,IM-0221,0,train,1336,936
NORMAL__NORMAL2-IM-0222-0001.png,NORMAL2-IM-0222-0001.jpeg,NORMAL,,IM-0222,0,train,1504,1056
NORMAL__NORMAL2-IM-0229-0001.png,NORMAL2-IM-0229-0001.jpeg,NORMAL,,IM-0229,0,val,1488,1168
NORMAL__NORMAL2-IM-0232-0001.png,NORMAL2-IM-0232-0001.jpeg,NORMAL,,IM-0232,0,train,1392,912
NORMAL__NORMAL2-IM-0233-0001.png,NORMAL2-IM-0233-0001.jpeg,NORMAL,,IM-0233,0,train,1560,1008
NORMAL__NORMAL2-IM-0237-0001.png,NORMAL2-IM-0237-0001.jpeg,NORMAL,,IM-0237,0,train,1392,1168
NORMAL__NORMAL2-IM-0238-0001.png,NORMAL2-IM-0238-0001.jpeg,NORMAL,,IM-0238,0,val,1440,1064
NORMAL__NORMAL2-IM-0241-0001.png,NORMAL2-IM-0241-0001.jpeg,NORMAL,,IM-0241,0,train,1248,880
NORMAL__NORMAL2-IM-0246-0001-0001.png,NORMAL2-IM-0246-0001-0001.jpeg,NORMAL,,IM-0246,0,train,1168,824
NORMAL__NORMAL2-IM-0246-0001-0002.png,NORMAL2-IM-0246-0001-0002.jpeg,NORMAL,,IM-0246,0,train,1168,824
NORMAL__NORMAL2-IM-0246-0001.png,NORMAL2-IM-0246-0001.jpeg,NORMAL,,IM-0246,0,train,1368,904
NORMAL__NORMAL2-IM-0249-0001.png,NORMAL2-IM-0249-0001.jpeg,NORMAL,,IM-0249,0,train,1426,832
NORMAL__NORMAL2-IM-0251-0001.png,NORMAL2-IM-0251-0001.jpeg,NORMAL,,IM-0251,0,val,1744,1168
NORMAL__NORMAL2-IM-0252-0001.png,NORMAL2-IM-0252-0001.jpeg,NORMAL,,IM-0252,0,train,1264,832
NORMAL__NORMAL2-IM-0256-0001.png,NORMAL2-IM-0256-0001.jpeg,NORMAL,,IM-0256,0,train,984,496
NORMAL__NORMAL2-IM-0259-0001.png,NORMAL2-IM-0259-0001.jpeg,NORMAL,,IM-0259,0,train,1448,1136
NORMAL__NORMAL2-IM-0267-0001.png,NORMAL2-IM-0267-0001.jpeg,NORMAL,,IM-0267,0,train,1560,1016
NORMAL__NORMAL2-IM-0271-0001.png,NORMAL2-IM-0271-0001.jpeg,NORMAL,,IM-0271,0,train,1564,1010
NORMAL__NORMAL2-IM-0272-0001.png,NORMAL2-IM-0272-0001.jpeg,NORMAL,,IM-0272,0,test,1340,917
NORMAL__NORMAL2-IM-0273-0001.png,NORMAL2-IM-0273-0001.jpeg,NORMAL,,IM-0273,0,train,1720,1303
NORMAL__NORMAL2-IM-0274-0001.png,NORMAL2-IM-0274-0001.jpeg,NORMAL,,IM-0274,0,train,1646,1214
NORMAL__NORMAL2-IM-0275-0001.png,NORMAL2-IM-0275-0001.jpeg,NORMAL,,IM-0275,0,train,1748,1079
NORMAL__NORMAL2-IM-0276-0001.png,NORMAL2-IM-0276-0001.jpeg,NORMAL,,IM-0276,0,train,1604,1334
NORMAL__NORMAL2-IM-0277-0001.png,NORMAL2-IM-0277-0001.jpeg,NORMAL,,IM-0277,0,test,1754,1377
NORMAL__NORMAL2-IM-0278-0001.png,NORMAL2-IM-0278-0001.jpeg,NORMAL,,IM-0278,0,train,1700,1113
NORMAL__NORMAL2-IM-0279-0001.png,NORMAL2-IM-0279-0001.jpeg,NORMAL,,IM-0279,0,train,1376,1040
NORMAL__NORMAL2-IM-0280-0001.png,NORMAL2-IM-0280-0001.jpeg,NORMAL,,IM-0280,0,train,1460,1071
NORMAL__NORMAL2-IM-0281-0001.png,NORMAL2-IM-0281-0001.jpeg,NORMAL,,IM-0281,0,train,2040,1619
NORMAL__NORMAL2-IM-0282-0001.png,NORMAL2-IM-0282-0001.jpeg,NORMAL,,IM-0282,0,train,2667,2280
NORMAL__NORMAL2-IM-0283-0001.png,NORMAL2-IM-0283-0001.jpeg,NORMAL,,IM-0283,0,val,1400,882
NORMAL__NORMAL2-IM-0285-0001.png,NORMAL2-IM-0285-0001.jpeg,NORMAL,,IM-0285,0,train,1456,839
NORMAL__NORMAL2-IM-0286-0001.png,NORMAL2-IM-0286-0001.jpeg,NORMAL,,IM-0286,0,val,1692,1214
NORMAL__NORMAL2-IM-0287-0001.png,NORMAL2-IM-0287-0001.jpeg,NORMAL,,IM-0287,0,train,1785,1585
NORMAL__NORMAL2-IM-0288-0001.png,NORMAL2-IM-0288-0001.jpeg,NORMAL,,IM-0288,0,val,1348,812
NORMAL__NORMAL2-IM-0289-0001.png,NORMAL2-IM-0289-0001.jpeg,NORMAL,,IM-0289,0,test,1894,1597
NORMAL__NORMAL2-IM-0290-0001.png,NORMAL2-IM-0290-0001.jpeg,NORMAL,,IM-0290,0,train,1396,897
NORMAL__NORMAL2-IM-0292-0001.png,NORMAL2-IM-0292-0001.jpeg,NORMAL,,IM-0292,0,test,2380,2074
NORMAL__NORMAL2-IM-0294-0001.png,NORMAL2-IM-0294-0001.jpeg,NORMAL,,IM-0294,0,train,1530,994
NORMAL__NORMAL2-IM-0297-0001.png,NORMAL2-IM-0297-0001.jpeg,NORMAL,,IM-0297,0,train,1890,1334
NORMAL__NORMAL2-IM-0300-0001.png,NORMAL2-IM-0300-0001.jpeg,NORMAL,,IM-0300,0,train,1508,1260
NORMAL__NORMAL2-IM-0301-0001.png,NORMAL2-IM-0301-0001.jpeg,NORMAL,,IM-0301,0,train,1816,1157
NORMAL__NORMAL2-IM-0302-0001.png,NORMAL2-IM-0302-0001.jpeg,NORMAL,,IM-0302,0,val,1596,1087
NORMAL__NORMAL2-IM-0303-0001.png,NORMAL2-IM-0303-0001.jpeg,NORMAL,,IM-0303,0,train,1504,948
NORMAL__NORMAL2-IM-0304-0001.png,NORMAL2-IM-0304-0001.jpeg,NORMAL,,IM-0304,0,train,1532,986
NORMAL__NORMAL2-IM-0305-0001.png,NORMAL2-IM-0305-0001.jpeg,NORMAL,,IM-0305,0,train,1612,1179
NORMAL__NORMAL2-IM-0307-0001.png,NORMAL2-IM-0307-0001.jpeg,NORMAL,,IM-0307,0,val,1816,1435
NORMAL__NORMAL2-IM-0309-0001.png,NORMAL2-IM-0309-0001.jpeg,NORMAL,,IM-0309,0,train,1724,1442
NORMAL__NORMAL2-IM-0310-0001.png,NORMAL2-IM-0310-0001.jpeg,NORMAL,,IM-0310,0,train,1646,1346
NORMAL__NORMAL2-IM-0311-0001.png,NORMAL2-IM-0311-0001.jpeg,NORMAL,,IM-0311,0,val,1844,1504
NORMAL__NORMAL2-IM-0312-0001.png,NORMAL2-IM-0312-0001.jpeg,NORMAL,,IM-0312,0,test,2028,1538
NORMAL__NORMAL2-IM-0313-0001.png,NORMAL2-IM-0313-0001.jpeg,NORMAL,,IM-0313,0,train,1620,1110
NORMAL__NORMAL2-IM-0315-0001.png,NORMAL2-IM-0315-0001.jpeg,NORMAL,,IM-0315,0,train,1442,770
NORMAL__NORMAL2-IM-0316-0001.png,NORMAL2-IM-0316-0001.jpeg,NORMAL,,IM-0316,0,test,1464,925
NORMAL__NORMAL2-IM-0317-0001.png,NORMAL2-IM-0317-0001.jpeg,NORMAL,,IM-0317,0,train,1624,1187
NORMAL__NORMAL2-IM-0319-0001.png,NORMAL2-IM-0319-0001.jpeg,NORMAL,,IM-0319,0,train,1678,1195
NORMAL__NORMAL2-IM-0321-0001.png,NORMAL2-IM-0321-0001.jpeg,NORMAL,,IM-0321,0,train,2026,1412
NORMAL__NORMAL2-IM-0322-0001.png,NORMAL2-IM-0322-0001.jpeg,NORMAL,,IM-0322,0,train,1256,813
NORMAL__NORMAL2-IM-0323-0001.png,NORMAL2-IM-0323-0001.jpeg,NORMAL,,IM-0323,0,test,1796,1372
NORMAL__NORMAL2-IM-0325-0001.png,NORMAL2-IM-0325-0001.jpeg,NORMAL,,IM-0325,0,val,1612,1164
NORMAL__NORMAL2-IM-0326-0001.png,NORMAL2-IM-0326-0001.jpeg,NORMAL,,IM-0326,0,train,1522,1183
NORMAL__NORMAL2-IM-0327-0001.png,NORMAL2-IM-0327-0001.jpeg,NORMAL,,IM-0327,0,train,1384,824
NORMAL__NORMAL2-IM-0328-0001.png,NORMAL2-IM-0328-0001.jpeg,NORMAL,,IM-0328,0,train,1338,967
NORMAL__NORMAL2-IM-0329-0001.png,NORMAL2-IM-0329-0001.jpeg,NORMAL,,IM-0329,0,val,2216,1953
NORMAL__NORMAL2-IM-0330-0001.png,NORMAL2-IM-0330-0001.jpeg,NORMAL,,IM-0330,0,train,1226,747
NORMAL__NORMAL2-IM-0331-0001.png,NORMAL2-IM-0331-0001.jpeg,NORMAL,,IM-0331,0,train,1674,1064
NORMAL__NORMAL2-IM-0332-0001.png,NORMAL2-IM-0332-0001.jpeg,NORMAL,,IM-0332,0,test,1802,1226
NORMAL__NORMAL2-IM-0333-0001.png,NORMAL2-IM-0333-0001.jpeg,NORMAL,,IM-0333,0,train,2226,1731
NORMAL__NORMAL2-IM-0335-0001.png,NORMAL2-IM-0335-0001.jpeg,NORMAL,,IM-0335,0,train,1300,821
NORMAL__NORMAL2-IM-0336-0001.png,NORMAL2-IM-0336-0001.jpeg,NORMAL,,IM-0336,0,train,1612,941
NORMAL__NORMAL2-IM-0337-0001.png,NORMAL2-IM-0337-0001.jpeg,NORMAL,,IM-0337,0,train,1766,1349
NORMAL__NORMAL2-IM-0338-0001.png,NORMAL2-IM-0338-0001.jpeg,NORMAL,,IM-0338,0,train,1450,890
NORMAL__NORMAL2-IM-0339-0001.png,NORMAL2-IM-0339-0001.jpeg,NORMAL,,IM-0339,0,test,1898,1403
NORMAL__NORMAL2-IM-0340-0001.png,NORMAL2-IM-0340-0001.jpeg,NORMAL,,IM-0340,0,train,1292,751
NORMAL__NORMAL2-IM-0341-0001.png,NORMAL2-IM-0341-0001.jpeg,NORMAL,,IM-0341,0,train,1670,1319
NORMAL__NORMAL2-IM-0343-0001.png,NORMAL2-IM-0343-0001.jpeg,NORMAL,,IM-0343,0,test,1778,1168
NORMAL__NORMAL2-IM-0345-0001.png,NORMAL2-IM-0345-0001.jpeg,NORMAL,,IM-0345,0,train,1538,1202
NORMAL__NORMAL2-IM-0346-0001.png,NORMAL2-IM-0346-0001.jpeg,NORMAL,,IM-0346,0,train,1288,917
NORMAL__NORMAL2-IM-0347-0001.png,NORMAL2-IM-0347-0001.jpeg,NORMAL,,IM-0347,0,train,1542,963
NORMAL__NORMAL2-IM-0348-0001.png,NORMAL2-IM-0348-0001.jpeg,NORMAL,,IM-0348,0,val,1762,1249
NORMAL__NORMAL2-IM-0349-0001.png,NORMAL2-IM-0349-0001.jpeg,NORMAL,,IM-0349,0,val,1214,662
NORMAL__NORMAL2-IM-0350-0001.png,NORMAL2-IM-0350-0001.jpeg,NORMAL,,IM-0350,0,train,1570,1164
NORMAL__NORMAL2-IM-0351-0001.png,NORMAL2-IM-0351-0001.jpeg,NORMAL,,IM-0351,0,train,1550,1033
NORMAL__NORMAL2-IM-0352-0001.png,NORMAL2-IM-0352-0001.jpeg,NORMAL,,IM-0352,0,test,1638,1323
NORMAL__NORMAL2-IM-0353-0001.png,NORMAL2-IM-0353-0001.jpeg,NORMAL,,IM-0353,0,train,1782,1434
NORMAL__NORMAL2-IM-0354-0001.png,NORMAL2-IM-0354-0001.jpeg,NORMAL,,IM-0354,0,train,1470,1072
NORMAL__NORMAL2-IM-0357-0001.png,NORMAL2-IM-0357-0001.jpeg,NORMAL,,IM-0357,0,train,1936,1554
NORMAL__NORMAL2-IM-0359-0001.png,NORMAL2-IM-0359-0001.jpeg,NORMAL,,IM-0359,0,test,1450,1149
NORMAL__NORMAL2-IM-0360-0001.png,NORMAL2-IM-0360-0001.jpeg,NORMAL,,IM-0360,0,train,1094,898
NORMAL__NORMAL2-IM-0361-0001.png,NORMAL2-IM-0361-0001.jpeg,NORMAL,,IM-0361,0,train,1778,1337
NORMAL__NORMAL2-IM-0362-0001.png,NORMAL2-IM-0362-0001.jpeg,NORMAL,,IM-0362,0,train,1592,921
NORMAL__NORMAL2-IM-0364-0001.png,NORMAL2-IM-0364-0001.jpeg,NORMAL,,IM-0364,0,train,1472,921
NORMAL__NORMAL2-IM-0366-0001.png,NORMAL2-IM-0366-0001.jpeg,NORMAL,,IM-0366,0,train,1298,747
NORMAL__NORMAL2-IM-0368-0001.png,NORMAL2-IM-0368-0001.jpeg,NORMAL,,IM-0368,0,train,1686,1122
NORMAL__NORMAL2-IM-0369-0001.png,NORMAL2-IM-0369-0001.jpeg,NORMAL,,IM-0369,0,train,1434,906
NORMAL__NORMAL2-IM-0370-0001.png,NORMAL2-IM-0370-0001.jpeg,NORMAL,,IM-0370,0,test,1742,1392
NORMAL__NORMAL2-IM-0372-0001.png,NORMAL2-IM-0372-0001.jpeg,NORMAL,,IM-0372,0,train,2198,1485
NORMAL__NORMAL2-IM-0373-0001.png,NORMAL2-IM-0373-0001.jpeg,NORMAL,,IM-0373,0,train,1454,979
NORMAL__NORMAL2-IM-0374-0001-0001.png,NORMAL2-IM-0374-0001-0001.jpeg,NORMAL,,IM-0374,0,train,1968,1484
NORMAL__NORMAL2-IM-0374-0001-0002.png,NORMAL2-IM-0374-0001-0002.jpeg,NORMAL,,IM-0374,0,train,1516,982
NORMAL__NORMAL2-IM-0374-0001.png,NORMAL2-IM-0374-0001.jpeg,NORMAL,,IM-0374,0,train,2148,1600
NORMAL__NORMAL2-IM-0376-0001.png,NORMAL2-IM-0376-0001.jpeg,NORMAL,,IM-0376,0,train,1124,716
NORMAL__NORMAL2-IM-0378-0001.png,NORMAL2-IM-0378-0001.jpeg,NORMAL,,IM-0378,0,train,1586,1048
NORMAL__NORMAL2-IM-0380-0001.png,NORMAL2-IM-0380-0001.jpeg,NORMAL,,IM-0380,0,val,1940,1489
NORMAL__NORMAL2-IM-0381-0001.png,NORMAL2-IM-0381-0001.jpeg,NORMAL,,IM-0381,0,train,2010,1705
PNEUMONIA__person100_bacteria_475.png,person100_bacteria_475.jpeg,PNEUMONIA,bacteria,person100,1,val,1106,762
PNEUMONIA__person100_bacteria_477.png,person100_bacteria_477.jpeg,PNEUMONIA,bacteria,person100,1,val,1024,680
PNEUMONIA__person100_bacteria_478.png,person100_bacteria_478.jpeg,PNEUMONIA,bacteria,person100,1,val,1128,624
PNEUMONIA__person100_bacteria_479.png,person100_bacteria_479.jpeg,PNEUMONIA,bacteria,person100,1,val,904,552
PNEUMONIA__person100_bacteria_480.png,person100_bacteria_480.jpeg,PNEUMONIA,bacteria,person100,1,val,880,536
PNEUMONIA__person100_bacteria_481.png,person100_bacteria_481.jpeg,PNEUMONIA,bacteria,person100,1,val,952,624
PNEUMONIA__person100_bacteria_482.png,person100_bacteria_482.jpeg,PNEUMONIA,bacteria,person100,1,val,1040,696
PNEUMONIA__person101_bacteria_483.png,person101_bacteria_483.jpeg,PNEUMONIA,bacteria,person101,1,train,1064,720
PNEUMONIA__person101_bacteria_484.png,person101_bacteria_484.jpeg,PNEUMONIA,bacteria,person101,1,train,1064,840
PNEUMONIA__person101_bacteria_485.png,person101_bacteria_485.jpeg,PNEUMONIA,bacteria,person101,1,train,1032,752
PNEUMONIA__person101_bacteria_486.png,person101_bacteria_486.jpeg,PNEUMONIA,bacteria,person101,1,train,1136,680
PNEUMONIA__person102_bacteria_487.png,person102_bacteria_487.jpeg,PNEUMONIA,bacteria,person102,1,train,1240,936
PNEUMONIA__person103_bacteria_488.png,person103_bacteria_488.jpeg,PNEUMONIA,bacteria,person103,1,train,904,656
PNEUMONIA__person103_bacteria_489.png,person103_bacteria_489.jpeg,PNEUMONIA,bacteria,person103,1,train,1000,744
PNEUMONIA__person103_bacteria_490.png,person103_bacteria_490.jpeg,PNEUMONIA,bacteria,person103,1,train,1206,871
PNEUMONIA__person104_bacteria_491.png,person104_bacteria_491.jpeg,PNEUMONIA,bacteria,person104,1,train,1144,784
PNEUMONIA__person104_bacteria_492.png,person104_bacteria_492.jpeg,PNEUMONIA,bacteria,person104,1,train,992,592
PNEUMONIA__person108_bacteria_504.png,person108_bacteria_504.jpeg,PNEUMONIA,bacteria,person108,1,train,1336,1040
PNEUMONIA__person108_bacteria_506.png,person108_bacteria_506.jpeg,PNEUMONIA,bacteria,person108,1,train,1184,1032
PNEUMONIA__person108_bacteria_507.png,person108_bacteria_507.jpeg,PNEUMONIA,bacteria,person108,1,train,1176,1032
PNEUMONIA__person108_bacteria_511.png,person108_bacteria_511.jpeg,PNEUMONIA,bacteria,person108,1,train,1438,1260
PNEUMONIA__person109_bacteria_512.png,person109_bacteria_512.jpeg,PNEUMONIA,bacteria,person109,1,train,1256,808
PNEUMONIA__person109_bacteria_513.png,person109_bacteria_513.jpeg,PNEUMONIA,bacteria,person109,1,train,976,696
PNEUMONIA__person109_bacteria_517.png,person109_bacteria_517.jpeg,PNEUMONIA,bacteria,person109,1,train,1024,752
PNEUMONIA__person109_bacteria_519.png,person109_bacteria_519.jpeg,PNEUMONIA,bacteria,person109,1,train,1080,776
PNEUMONIA__person109_bacteria_522.png,person109_bacteria_522.jpeg,PNEUMONIA,bacteria,person109,1,train,1112,736
PNEUMONIA__person109_bacteria_523.png,person109_bacteria_523.jpeg,PNEUMONIA,bacteria,person109,1,train,952,640
PNEUMONIA__person109_bacteria_526.png,person109_bacteria_526.jpeg,PNEUMONIA,bacteria,person109,1,train,1088,576
PNEUMONIA__person109_bacteria_527.png,person109_bacteria_527.jpeg,PNEUMONIA,bacteria,person109,1,train,968,536
PNEUMONIA__person109_bacteria_528.png,person109_bacteria_528.jpeg,PNEUMONIA,bacteria,person109,1,train,1322,736
PNEUMONIA__person10_virus_35.png,person10_virus_35.jpeg,PNEUMONIA,virus,person10,1,train,1488,1136
PNEUMONIA__person110_bacteria_531.png,person110_bacteria_531.jpeg,PNEUMONIA,bacteria,person110,1,train,1160,688
PNEUMONIA__person111_bacteria_533.png,person111_bacteria_533.jpeg,PNEUMONIA,bacteria,person111,1,train,992,600
PNEUMONIA__person111_bacteria_534.png,person111_bacteria_534.jpeg,PNEUMONIA,bacteria,person111,1,train,976,712
PNEUMONIA__person111_bacteria_535.png,person111_bacteria_535.jpeg,PNEUMONIA,bacteria,person111,1,train,888,536
PNEUMONIA__person111_bacteria_536.png,person111_bacteria_536.jpeg,PNEUMONIA,bacteria,person111,1,train,1008,648
PNEUMONIA__person111_bacteria_537.png,person111_bacteria_537.jpeg,PNEUMONIA,bacteria,person111,1,train,1130,666
PNEUMONIA__person112_bacteria_538.png,person112_bacteria_538.jpeg,PNEUMONIA,bacteria,person112,1,train,952,640
PNEUMONIA__person112_bacteria_539.png,person112_bacteria_539.jpeg,PNEUMONIA,bacteria,person112,1,train,936,712
PNEUMONIA__person113_bacteria_540.png,person113_bacteria_540.jpeg,PNEUMONIA,bacteria,person113,1,train,1160,776
PNEUMONIA__person113_bacteria_541.png,person113_bacteria_541.jpeg,PNEUMONIA,bacteria,person113,1,train,1080,824
PNEUMONIA__person113_bacteria_542.png,person113_bacteria_542.jpeg,PNEUMONIA,bacteria,person113,1,train,1088,768
PNEUMONIA__person113_bacteria_543.png,person113_bacteria_543.jpeg,PNEUMONIA,bacteria,person113,1,train,1388,1013
PNEUMONIA__person114_bacteria_544.png,person114_bacteria_544.jpeg,PNEUMONIA,bacteria,person114,1,train,1144,672
PNEUMONIA__person114_bacteria_545.png,person114_bacteria_545.jpeg,PNEUMONIA,bacteria,person114,1,train,1328,920
PNEUMONIA__person114_bacteria_546.png,person114_bacteria_546.jpeg,PNEUMONIA,bacteria,person114,1,train,1080,696
PNEUMONIA__person117_bacteria_553.png,person117_bacteria_553.jpeg,PNEUMONIA,bacteria,person117,1,val,952,624
PNEUMONIA__person117_bacteria_556.png,person117_bacteria_556.jpeg,PNEUMONIA,bacteria,person117,1,val,904,648
PNEUMONIA__person117_bacteria_557.png,person117_bacteria_557.jpeg,PNEUMONIA,bacteria,person117,1,val,1086,739
PNEUMONIA__person118_bacteria_559.png,person118_bacteria_559.jpeg,PNEUMONIA,bacteria,person118,1,train,952,680
PNEUMONIA__person118_bacteria_560.png,person118_bacteria_560.jpeg,PNEUMONIA,bacteria,person118,1,train,1088,600
PNEUMONIA__person119_bacteria_565.png,person119_bacteria_565.jpeg,PNEUMONIA,bacteria,person119,1,val,1072,608
PNEUMONIA__person119_bacteria_566.png,person119_bacteria_566.jpeg,PNEUMONIA,bacteria,person119,1,val,1088,784
PNEUMONIA__person119_bacteria_567.png,person119_bacteria_567.jpeg,PNEUMONIA,bacteria,person119,1,val,1210,859
PNEUMONIA__person119_bacteria_568.png,person119_bacteria_568.jpeg,PNEUMONIA,bacteria,person119,1,val,1222,878
PNEUMONIA__person11_virus_38.png,person11_virus_38.jpeg,PNEUMONIA,virus,person11,1,val,1496,960
PNEUMONIA__person120_bacteria_570.png,person120_bacteria_570.jpeg,PNEUMONIA,bacteria,person120,1,train,1112,736
PNEUMONIA__person120_bacteria_571.png,person120_bacteria_571.jpeg,PNEUMONIA,bacteria,person120,1,train,1120,592
PNEUMONIA__person120_bacteria_572.png,person120_bacteria_572.jpeg,PNEUMONIA,bacteria,person120,1,train,1024,688
PNEUMONIA__person120_bacteria_573.png,person120_bacteria_573.jpeg,PNEUMONIA,bacteria,person120,1,train,1272,813
PNEUMONIA__person121_bacteria_575.png,person121_bacteria_575.jpeg,PNEUMONIA,bacteria,person121,1,train,1072,632
PNEUMONIA__person121_bacteria_576.png,person121_bacteria_576.jpeg,PNEUMONIA,bacteria,person121,1,train,1088,584
PNEUMONIA__person121_bacteria_578.png,person121_bacteria_578.jpeg,PNEUMONIA,bacteria,person121,1,train,1032,520
PNEUMONIA__person121_bacteria_579.png,person121_bacteria_579.jpeg,PNEUMONIA,bacteria,person121,1,train,1112,600
PNEUMONIA__person121_bacteria_580.png,person121_bacteria_580.jpeg,PNEUMONIA,bacteria,person121,1,train,1198,701
PNEUMONIA__person122_bacteria_581.png,person122_bacteria_581.jpeg,PNEUMONIA,bacteria,person122,1,train,1206,875
PNEUMONIA__person122_bacteria_582.png,person122_bacteria_582.jpeg,PNEUMONIA,bacteria,person122,1,train,984,520
PNEUMONIA__person122_bacteria_583.png,person122_bacteria_583.jpeg,PNEUMONIA,bacteria,person122,1,train,936,632
PNEUMONIA__person122_bacteria_584.png,person122_bacteria_584.jpeg,PNEUMONIA,bacteria,person122,1,train,832,640
PNEUMONIA__person122_bacteria_585.png,person122_bacteria_585.jpeg,PNEUMONIA,bacteria,person122,1,train,928,624
PNEUMONIA__person122_bacteria_586.png,person122_bacteria_586.jpeg,PNEUMONIA,bacteria,person122,1,train,864,496
PNEUMONIA__person123_bacteria_587.png,person123_bacteria_587.jpeg,PNEUMONIA,bacteria,person123,1,train,1232,808
PNEUMONIA__person124_bacteria_589.png,person124_bacteria_589.jpeg,PNEUMONIA,bacteria,person124,1,train,976,608
PNEUMONIA__person124_bacteria_590.png,person124_bacteria_590.jpeg,PNEUMONIA,bacteria,person124,1,train,992,696
PNEUMONIA__person124_bacteria_591.png,person124_bacteria_591.jpeg,PNEUMONIA,bacteria,person124,1,train,1072,696
PNEUMONIA__person124_bacteria_592.png,person124_bacteria_592.jpeg,PNEUMONIA,bacteria,person124,1,train,1094,709
PNEUMONIA__person125_bacteria_594.png,person125_bacteria_594.jpeg,PNEUMONIA,bacteria,person125,1,train,1072,704
PNEUMONIA__person125_bacteria_595.png,person125_bacteria_595.jpeg,PNEUMONIA,bacteria,person125,1,train,1336,744
PNEUMONIA__person126_bacteria_598.png,person126_bacteria_598.jpeg,PNEUMONIA,bacteria,person126,1,train,912,648
PNEUMONIA__person126_bacteria_599.png,person126_bacteria_599.jpeg,PNEUMONIA,bacteria,person126,1,train,856,592
PNEUMONIA__person126_bacteria_600.png,person126_bacteria_600.jpeg,PNEUMONIA,bacteria,person126,1,train,840,600
PNEUMONIA__person127_bacteria_602.png,person127_bacteria_602.jpeg,PNEUMONIA,bacteria,person127,1,test,992,608
PNEUMONIA__person127_bacteria_603.png,person127_bacteria_603.jpeg,PNEUMONIA,bacteria,person127,1,test,1032,648
PNEUMONIA__person127_bacteria_604.png,person127_bacteria_604.jpeg,PNEUMONIA,bacteria,person127,1,test,1300,812
PNEUMONIA__person128_bacteria_605.png,person128_bacteria_605.jpeg,PNEUMONIA,bacteria,person128,1,train,1000,600
PNEUMONIA__person128_bacteria_606.png,person128_bacteria_606.jpeg,PNEUMONIA,bacteria,person128,1,train,1160,736
PNEUMONIA__person128_bacteria_607.png,person128_bacteria_607.jpeg,PNEUMONIA,bacteria,person128,1,train,1160,736
PNEUMONIA__person128_bacteria_608.png,person128_bacteria_608.jpeg,PNEUMONIA,bacteria,person128,1,train,1086,874
PNEUMONIA__person130_bacteria_623.png,person130_bacteria_623.jpeg,PNEUMONIA,bacteria,person130,1,train,1310,882
PNEUMONIA__person130_bacteria_625.png,person130_bacteria_625.jpeg,PNEUMONIA,bacteria,person130,1,train,1040,656
PNEUMONIA__person130_bacteria_626.png,person130_bacteria_626.jpeg,PNEUMONIA,bacteria,person130,1,train,1000,704
PNEUMONIA__person130_bacteria_627.png,person130_bacteria_627.jpeg,PNEUMONIA,bacteria,person130,1,train,1080,720
PNEUMONIA__person130_bacteria_628.png,person130_bacteria_628.jpeg,PNEUMONIA,bacteria,person130,1,train,1330,797
PNEUMONIA__person131_bacteria_629.png,person131_bacteria_629.jpeg,PNEUMONIA,bacteria,person131,1,test,1184,648
PNEUMONIA__person132_bacteria_632.png,person132_bacteria_632.jpeg,PNEUMONIA,bacteria,person132,1,train,1120,704
PNEUMONIA__person133_bacteria_633.png,person133_bacteria_633.jpeg,PNEUMONIA,bacteria,person133,1,val,976,632
PNEUMONIA__person133_bacteria_634.png,person133_bacteria_634.jpeg,PNEUMONIA,bacteria,person133,1,val,936,696
PNEUMONIA__person133_bacteria_635.png,person133_bacteria_635.jpeg,PNEUMONIA,bacteria,person133,1,val,936,704
PNEUMONIA__person133_bacteria_637.png,person133_bacteria_637.jpeg,PNEUMONIA,bacteria,person133,1,val,992,640
PNEUMONIA__person133_bacteria_638.png,person133_bacteria_638.jpeg,PNEUMONIA,bacteria,person133,1,val,944,616
PNEUMONIA__person134_bacteria_640.png,person134_bacteria_640.jpeg,PNEUMONIA,bacteria,person134,1,test,1256,856
PNEUMONIA__person134_bacteria_641.png,person134_bacteria_641.jpeg,PNEUMONIA,bacteria,person134,1,test,1280,872
PNEUMONIA__person134_bacteria_642.png,person134_bacteria_642.jpeg,PNEUMONIA,bacteria,person134,1,test,1280,848
PNEUMONIA__person134_bacteria_643.png,person134_bacteria_643.jpeg,PNEUMONIA,bacteria,person134,1,test,1184,792
PNEUMONIA__person134_bacteria_644.png,person134_bacteria_644.jpeg,PNEUMONIA,bacteria,person134,1,test,1184,792
PNEUMONIA__person135_bacteria_646.png,person135_bacteria_646.jpeg,PNEUMONIA,bacteria,person135,1,train,1056,616
PNEUMONIA__person135_bacteria_647.png,person135_bacteria_647.jpeg,PNEUMONIA,bacteria,person135,1,train,1008,600
PNEUMONIA__person136_bacteria_648.png,person136_bacteria_648.jpeg,PNEUMONIA,bacteria,person136,1,train,1068,720
PNEUMONIA__person136_bacteria_649.png,person136_bacteria_649.jpeg,PNEUMONIA,bacteria,person136,1,train,840,648
PNEUMONIA__person136_bacteria_650.png,person136_bacteria_650.jpeg,PNEUMONIA,bacteria,person136,1,train,936,528
PNEUMONIA__person136_bacteria_652.png,person136_bacteria_652.jpeg,PNEUMONIA,bacteria,person136,1,train,920,608
PNEUMONIA__person136_bacteria_654.png,person136_bacteria_654.jpeg,PNEUMONIA,bacteria,person136,1,train,1082,720
PNEUMONIA__person137_bacteria_655.png,person137_bacteria_655.jpeg,PNEUMONIA,bacteria,person137,1,train,1168,712
PNEUMONIA__person138_bacteria_657.png,person138_bacteria_657.jpeg,PNEUMONIA,bacteria,person138,1,train,1296,888
PNEUMONIA__person138_bacteria_658.png,person138_bacteria_658.jpeg,PNEUMONIA,bacteria,person138,1,train,1200,944
PNEUMONIA__person138_bacteria_659.png,person138_bacteria_659.jpeg,PNEUMONIA,bacteria,person138,1,train,1248,816
PNEUMONIA__person139_bacteria_661.png,person139_bacteria_661.jpeg,PNEUMONIA,bacteria,person139,1,val,1040,856
PNEUMONIA__person139_bacteria_662.png,person139_bacteria_662.jpeg,PNEUMONIA,bacteria,person139,1,val,1000,776
PNEUMONIA__person139_bacteria_663.png,person139_bacteria_663.jpeg,PNEUMONIA,bacteria,person139,1,val,920,920
PNEUMONIA__person139_bacteria_664.png,person139_bacteria_664.jpeg,PNEUMONIA,bacteria,person139,1,val,976,664
PNEUMONIA__person139_bacteria_665.png,person139_bacteria_665.jpeg,PNEUMONIA,bacteria,person139,1,val,928,736
PNEUMONIA__person139_bacteria_666.png,person139_bacteria_666.jpeg,PNEUMONIA,bacteria,person139,1,val,1260,1029
PNEUMONIA__person140_bacteria_667.png,person140_bacteria_667.jpeg,PNEUMONIA,bacteria,person140,1,train,992,792
PNEUMONIA__person140_bacteria_668.png,person140_bacteria_668.jpeg,PNEUMONIA,bacteria,person140,1,train,1344,824
PNEUMONIA__person141_bacteria_670.png,person141_bacteria_670.jpeg,PNEUMONIA,bacteria,person141,1,train,944,536
PNEUMONIA__person141_bacteria_676.png,person141_bacteria_676.jpeg,PNEUMONIA,bacteria,person141,1,train,920,568
PNEUMONIA__person141_bacteria_677.png,person141_bacteria_677.jpeg,PNEUMONIA,bacteria,person141,1,train,848,632
PNEUMONIA__person141_bacteria_678.png,person141_bacteria_678.jpeg,PNEUMONIA,bacteria,person141,1,train,856,536
PNEUMONIA__person141_bacteria_681.png,person141_bacteria_681.jpeg,PNEUMONIA,bacteria,person141,1,train,920,624
PNEUMONIA__person142_bacteria_682.png,person142_bacteria_682.jpeg,PNEUMONIA,bacteria,person142,1,val,1088,776
PNEUMONIA__person142_bacteria_683.png,person142_bacteria_683.jpeg,PNEUMONIA,bacteria,person142,1,val,904,576
PNEUMONIA__person142_bacteria_684.png,person142_bacteria_684.jpeg,PNEUMONIA,bacteria,person142,1,val,1096,712
PNEUMONIA__person143_bacteria_687.png,person143_bacteria_687.jpeg,PNEUMONIA,bacteria,person143,1,test,944,744
PNEUMONIA__person143_bacteria_688.png,person143_bacteria_688.jpeg,PNEUMONIA,bacteria,person143,1,test,872,696
PNEUMONIA__person143_bacteria_689.png,person143_bacteria_689.jpeg,PNEUMONIA,bacteria,person143,1,test,1190,925
PNEUMONIA__person144_bacteria_690.png,person144_bacteria_690.jpeg,PNEUMONIA,bacteria,person144,1,train,1016,648
PNEUMONIA__person145_bacteria_696.png,person145_bacteria_696.jpeg,PNEUMONIA,bacteria,person145,1,train,984,672
PNEUMONIA__person146_bacteria_700.png,person146_bacteria_700.jpeg,PNEUMONIA,bacteria,person146,1,train,1168,776
PNEUMONIA__person146_bacteria_703.png,person146_bacteria_703.jpeg,PNEUMONIA,bacteria,person146,1,train,976,616
PNEUMONIA__person146_bacteria_704.png,person146_bacteria_704.jpeg,PNEUMONIA,bacteria,person146,1,train,1410,720
PNEUMONIA__person147_bacteria_705.png,person147_bacteria_705.jpeg,PNEUMONIA,bacteria,person147,1,train,1008,704
PNEUMONIA__person147_bacteria_706.png,person147_bacteria_706.jpeg,PNEUMONIA,bacteria,person147,1,train,1120,808
PNEUMONIA__person147_bacteria_707.png,person147_bacteria_707.jpeg,PNEUMONIA,bacteria,person147,1,train,1088,856
PNEUMONIA__person147_bacteria_711.png,person147_bacteria_711.jpeg,PNEUMONIA,bacteria,person147,1,train,1268,816
PNEUMONIA__person149_bacteria_713.png,person149_bacteria_713.jpeg,PNEUMONIA,bacteria,person149,1,train,1224,1008
PNEUMONIA__person14_virus_44.png,person14_virus_44.jpeg,PNEUMONIA,virus,person14,1,train,1568,1184
PNEUMONIA__person150_bacteria_715.png,person150_bacteria_715.jpeg,PNEUMONIA,bacteria,person150,1,val,968,584
PNEUMONIA__person150_bacteria_716.png,person150_bacteria_716.jpeg,PNEUMONIA,bacteria,person150,1,val,992,608
PNEUMONIA__person150_bacteria_717.png,person150_bacteria_717.jpeg,PNEUMONIA,bacteria,person150,1,val,1260,816
PNEUMONIA__person151_bacteria_718.png,person151_bacteria_718.jpeg,PNEUMONIA,bacteria,person151,1,train,824,424
PNEUMONIA__person152_bacteria_720.png,person152_bacteria_720.jpeg,PNEUMONIA,bacteria,person152,1,test,1192,760
PNEUMONIA__person152_bacteria_721.png,person152_bacteria_721.jpeg,PNEUMONIA,bacteria,person152,1,test,1232,824
PNEUMONIA__person152_bacteria_722.png,person152_bacteria_722.jpeg,PNEUMONIA,bacteria,person152,1,test,1120,648
PNEUMONIA__person152_bacteria_723.png,person152_bacteria_723.jpeg,PNEUMONIA,bacteria,person152,1,test,1136,752
PNEUMONIA__person152_bacteria_724.png,person152_bacteria_724.jpeg,PNEUMONIA,bacteria,person152,1,test,1350,936
PNEUMONIA__person153_bacteria_725.png,person153_bacteria_725.jpeg,PNEUMONIA,bacteria,person153,1,train,1464,808
PNEUMONIA__person153_bacteria_726.png,person153_bacteria_726.jpeg,PNEUMONIA,bacteria,person153,1,train,1720,1095
PNEUMONIA__person154_bacteria_728.png,person154_bacteria_728.jpeg,PNEUMONIA,bacteria,person154,1,train,1558,1218
PNEUMONIA__person155_bacteria_729.png,person155_bacteria_729.jpeg,PNEUMONIA,bacteria,person155,1,train,1224,976
PNEUMONIA__person155_bacteria_730.png,person155_bacteria_730.jpeg,PNEUMONIA,bacteria,person155,1,train,1184,1128
PNEUMONIA__person155_bacteria_731.png,person155_bacteria_731.jpeg,PNEUMONIA,bacteria,person155,1,train,1312,792
PNEUMONIA__person157_bacteria_735.png,person157_bacteria_735.jpeg,PNEUMONIA,bacteria,person157,1,train,1008,728
PNEUMONIA__person157_bacteria_739.png,person157_bacteria_739.jpeg,PNEUMONIA,bacteria,person157,1,train,1232,792
PNEUMONIA__person157_bacteria_740.png,person157_bacteria_740.jpeg,PNEUMONIA,bacteria,person157,1,train,1152,832
PNEUMONIA__person158_bacteria_742.png,person158_bacteria_742.jpeg,PNEUMONIA,bacteria,person158,1,train,936,680
PNEUMONIA__person158_bacteria_743.png,person158_bacteria_743.jpeg,PNEUMONIA,bacteria,person158,1,train,992,784
PNEUMONIA__person158_bacteria_744.png,person158_bacteria_744.jpeg,PNEUMONIA,bacteria,person158,1,train,968,656
PNEUMONIA__person158_bacteria_745.png,person158_bacteria_745.jpeg,PNEUMONIA,bacteria,person158,1,train,1406,913
PNEUMONIA__person159_bacteria_746.png,person159_bacteria_746.jpeg,PNEUMONIA,bacteria,person159,1,train,1032,648
PNEUMONIA__person159_bacteria_747.png,person159_bacteria_747.jpeg,PNEUMONIA,bacteria,person159,1,train,1144,704
PNEUMONIA__person15_virus_46.png,person15_virus_46.jpeg,PNEUMONIA,virus,person15,1,train,1314,1145
PNEUMONIA__person1608_virus_2786.png,person1608_virus_2786.jpeg,PNEUMONIA,virus,person1608,1,train,1072,800
PNEUMONIA__person1610_virus_2793.png,person1610_virus_2793.jpeg,PNEUMONIA,virus,person1610,1,train,1120,880
PNEUMONIA__person1612_virus_2797.png,person1612_virus_2797.jpeg,PNEUMONIA,virus,person1612,1,train,832,448
PNEUMONIA__person1612_virus_2798.png,person1612_virus_2798.jpeg,PNEUMONIA,virus,person1612,1,train,1040,576
PNEUMONIA__person1613_virus_2799.png,person1613_virus_2799.jpeg,PNEUMONIA,virus,person1613,1,val,1112,600
PNEUMONIA__person1614_virus_2800.png,person1614_virus_2800.jpeg,PNEUMONIA,virus,person1614,1,train,1216,936
PNEUMONIA__person1615_virus_2801.png,person1615_virus_2801.jpeg,PNEUMONIA,virus,person1615,1,train,1400,1048
PNEUMONIA__person1616_virus_2802.png,person1616_virus_2802.jpeg,PNEUMONIA,virus,person1616,1,train,1288,920
PNEUMONIA__person1618_virus_2805.png,person1618_virus_2805.jpeg,PNEUMONIA,virus,person1618,1,train,1072,640
PNEUMONIA__person1619_virus_2806.png,person1619_virus_2806.jpeg,PNEUMONIA,virus,person1619,1,val,1304,816
PNEUMONIA__person161_bacteria_757.png,person161_bacteria_757.jpeg,PNEUMONIA,bacteria,person161,1,train,856,696
PNEUMONIA__person161_bacteria_759.png,person161_bacteria_759.jpeg,PNEUMONIA,bacteria,person161,1,train,856,480
PNEUMONIA__person161_bacteria_762.png,person161_bacteria_762.jpeg,PNEUMONIA,bacteria,person161,1,train,1164,801
PNEUMONIA__person1620_virus_2807.png,person1620_virus_2807.jpeg,PNEUMONIA,virus,person1620,1,train,1112,736
PNEUMONIA__person1622_virus_2810.png,person1622_virus_2810.jpeg,PNEUMONIA,virus,person1622,1,val,1184,648
PNEUMONIA__person1623_virus_2813.png,person1623_virus_2813.jpeg,PNEUMONIA,virus,person1623,1,train,1344,1152
PNEUMONIA__person1625_virus_2817.png,person1625_virus_2817.jpeg,PNEUMONIA,virus,person1625,1,test,1112,704
PNEUMONIA__person1626_virus_2818.png,person1626_virus_2818.jpeg,PNEUMONIA,virus,person1626,1,train,1344,968
PNEUMONIA__person1627_virus_2819.png,person1627_virus_2819.jpeg,PNEUMONIA,virus,person1627,1,train,1000,448
PNEUMONIA__person1628_virus_2821.png,person1628_virus_2821.jpeg,PNEUMONIA,virus,person1628,1,train,1024,608
PNEUMONIA__person1628_virus_2822.png,person1628_virus_2822.jpeg,PNEUMONIA,virus,person1628,1,train,1096,472
PNEUMONIA__person1629_virus_2823.png,person1629_virus_2823.jpeg,PNEUMONIA,virus,person1629,1,train,1072,616
PNEUMONIA__person1631_virus_2826.png,person1631_virus_2826.jpeg,PNEUMONIA,virus,person1631,1,test,1120,784
PNEUMONIA__person1632_virus_2827.png,person1632_virus_2827.jpeg,PNEUMONIA,virus,person1632,1,train,1592,1000
PNEUMONIA__person1633_virus_2829.png,person1633_virus_2829.jpeg,PNEUMONIA,virus,person1633,1,test,1120,528
PNEUMONIA__person1634_virus_2830.png,person1634_virus_2830.jpeg,PNEUMONIA,virus,person1634,1,train,1336,1024
PNEUMONIA__person1635_virus_2831.png,person1635_virus_2831.jpeg,PNEUMONIA,virus,person1635,1,train,1056,840
PNEUMONIA__person1637_virus_2834.png,person1637_virus_2834.jpeg,PNEUMONIA,virus,person1637,1,val,1080,672
PNEUMONIA__person1640_virus_2839.png,person1640_virus_2839.jpeg,PNEUMONIA,virus,person1640,1,train,1248,768
PNEUMONIA__person1641_virus_2840.png,person1641_virus_2840.jpeg,PNEUMONIA,virus,person1641,1,val,1088,712
PNEUMONIA__person1642_virus_2842.png,person1642_virus_2842.jpeg,PNEUMONIA,virus,person1642,1,train,1312,1000
PNEUMONIA__person1643_virus_2843.png,person1643_virus_2843.jpeg,PNEUMONIA,virus,person1643,1,train,1432,1288
PNEUMONIA__person1644_virus_2844.png,person1644_virus_2844.jpeg,PNEUMONIA,virus,person1644,1,test,1400,1048
PNEUMONIA__person1645_virus_2845.png,person1645_virus_2845.jpeg,PNEUMONIA,virus,person1645,1,train,1144,680
PNEUMONIA__person1647_virus_2848.png,person1647_virus_2848.jpeg,PNEUMONIA,virus,person1647,1,train,1168,768
PNEUMONIA__person1649_virus_2850.png,person1649_virus_2850.jpeg,PNEUMONIA,virus,person1649,1,val,1360,920
PNEUMONIA__person1650_virus_2852.png,person1650_virus_2852.jpeg,PNEUMONIA,virus,person1650,1,test,1120,784
PNEUMONIA__person1650_virus_2854.png,person1650_virus_2854.jpeg,PNEUMONIA,virus,person1650,1,test,1120,680
PNEUMONIA__person1651_virus_2855.png,person1651_virus_2855.jpeg,PNEUMONIA,virus,person1651,1,train,888,464
PNEUMONIA__person1653_virus_2858.png,person1653_virus_2858.jpeg,PNEUMONIA,virus,person1653,1,train,1008,592
PNEUMONIA__person1653_virus_2859.png,person1653_virus_2859.jpeg,PNEUMONIA,virus,person1653,1,train,1096,760
PNEUMONIA__person1655_virus_2861.png,person1655_virus_2861.jpeg,PNEUMONIA,virus,person1655,1,train,1544,1264
PNEUMONIA__person1656_virus_2862.png,person1656_virus_2862.jpeg,PNEUMONIA,virus,person1656,1,train,1160,960
PNEUMONIA__person1657_virus_2864.png,person1657_virus_2864.jpeg,PNEUMONIA,virus,person1657,1,train,1624,1288
PNEUMONIA__person1659_virus_2867.png,person1659_virus_2867.jpeg,PNEUMONIA,virus,person1659,1,val,1264,744
PNEUMONIA__person1660_virus_2869.png,person1660_virus_2869.jpeg,PNEUMONIA,virus,person1660,1,train,1024,568
PNEUMONIA__person1661_virus_2872.png,person1661_virus_2872.jpeg,PNEUMONIA,virus,person1661,1,train,1600,992
PNEUMONIA__person1661_virus_2873.png,person1661_virus_2873.jpeg,PNEUMONIA,virus,person1661,1,train,1600,992
PNEUMONIA__person1662_virus_2875.png,person1662_virus_2875.jpeg,PNEUMONIA,virus,person1662,1,train,1160,672
PNEUMONIA__person1663_virus_2876.png,person1663_virus_2876.jpeg,PNEUMONIA,virus,person1663,1,train,944,528
PNEUMONIA__person1664_virus_2877.png,person1664_virus_2877.jpeg,PNEUMONIA,virus,person1664,1,train,1280,984
PNEUMONIA__person1665_virus_2878.png,person1665_virus_2878.jpeg,PNEUMONIA,virus,person1665,1,train,1432,1024
PNEUMONIA__person1667_virus_2881.png,person1667_virus_2881.jpeg,PNEUMONIA,virus,person1667,1,train,952,664
PNEUMONIA__person1668_virus_2882.png,person1668_virus_2882.jpeg,PNEUMONIA,virus,person1668,1,val,1168,728
PNEUMONIA__person1669_virus_2884.png,person1669_virus_2884.jpeg,PNEUMONIA,virus,person1669,1,test,1288,736
PNEUMONIA__person1669_virus_2885.png,person1669_virus_2885.jpeg,PNEUMONIA,virus,person1669,1,test,1248,728
PNEUMONIA__person1670_virus_2886.png,person1670_virus_2886.jpeg,PNEUMONIA,virus,person1670,1,train,1120,552
PNEUMONIA__person1671_virus_2887.png,person1671_virus_2887.jpeg,PNEUMONIA,virus,person1671,1,train,1512,888
PNEUMONIA__person1672_virus_2888.png,person1672_virus_2888.jpeg,PNEUMONIA,virus,person1672,1,train,1456,1080
PNEUMONIA__person1673_virus_2889.png,person1673_virus_2889.jpeg,PNEUMONIA,virus,person1673,1,train,1168,840
PNEUMONIA__person1674_virus_2890.png,person1674_virus_2890.jpeg,PNEUMONIA,virus,person1674,1,val,1960,1416
PNEUMONIA__person1675_virus_2891.png,person1675_virus_2891.jpeg,PNEUMONIA,virus,person1675,1,train,952,520
PNEUMONIA__person1676_virus_2892.png,person1676_virus_2892.jpeg,PNEUMONIA,virus,person1676,1,train,1624,1104
PNEUMONIA__person1678_virus_2895.png,person1678_virus_2895.jpeg,PNEUMONIA,virus,person1678,1,train,1408,840
PNEUMONIA__person1679_virus_2896.png,person1679_virus_2896.jpeg,PNEUMONIA,virus,person1679,1,train,1248,840
PNEUMONIA__person1680_virus_2897.png,person1680_virus_2897.jpeg,PNEUMONIA,virus,person1680,1,train,1624,968
PNEUMONIA__person1682_virus_2899.png,person1682_virus_2899.jpeg,PNEUMONIA,virus,person1682,1,test,1712,1392
PNEUMONIA__person1685_virus_2903.png,person1685_virus_2903.jpeg,PNEUMONIA,virus,person1685,1,test,792,560
PNEUMONIA__person16_virus_47.png,person16_virus_47.jpeg,PNEUMONIA,virus,person16,1,train,1582,1333
PNEUMONIA__person171_bacteria_826.png,person171_bacteria_826.jpeg,PNEUMONIA,bacteria,person171,1,train,1088,672
PNEUMONIA__person172_bacteria_827.png,person172_bacteria_827.jpeg,PNEUMONIA,bacteria,person172,1,train,1088,752
PNEUMONIA__person172_bacteria_828.png,person172_bacteria_828.jpeg,PNEUMONIA,bacteria,person172,1,train,1458,990
PNEUMONIA__person173_bacteria_829.png,person173_bacteria_829.jpeg,PNEUMONIA,bacteria,person173,1,train,1192,992
PNEUMONIA__person173_bacteria_830.png,person173_bacteria_830.jpeg,PNEUMONIA,bacteria,person173,1,train,1208,792
PNEUMONIA__person173_bacteria_831.png,person173_bacteria_831.jpeg,PNEUMONIA,bacteria,person173,1,train,1368,1002
PNEUMONIA__person174_bacteria_832.png,person174_bacteria_832.jpeg,PNEUMONIA,bacteria,person174,1,train,1365,1118
PNEUMONIA__person175_bacteria_833.png,person175_bacteria_833.jpeg,PNEUMONIA,bacteria,person175,1,train,1096,880
PNEUMONIA__person175_bacteria_834.png,person175_bacteria_834.jpeg,PNEUMONIA,bacteria,person175,1,train,1184,960
PNEUMONIA__person175_bacteria_835.png,person175_bacteria_835.jpeg,PNEUMONIA,bacteria,person175,1,train,1208,640
PNEUMONIA__person17_virus_48.png,person17_virus_48.jpeg,PNEUMONIA,virus,person17,1,val,1224,856
PNEUMONIA__person18_virus_49.png,person18_virus_49.jpeg,PNEUMONIA,virus,person18,1,train,1198,654
PNEUMONIA__person19_virus_50.png,person19_virus_50.jpeg,PNEUMONIA,virus,person19,1,train,1462,1010
PNEUMONIA__person1_virus_11.png,person1_virus_11.jpeg,PNEUMONIA,virus,person1,1,train,872,560
PNEUMONIA__person1_virus_12.png,person1_virus_12.jpeg,PNEUMONIA,virus,person1,1,train,1080,624
PNEUMONIA__person1_virus_13.png,person1_virus_13.jpeg,PNEUMONIA,virus,person1,1,train,1136,654
PNEUMONIA__person1_virus_6.png,person1_virus_6.jpeg,PNEUMONIA,virus,person1,1,train,944,640
PNEUMONIA__person1_virus_7.png,person1_virus_7.jpeg,PNEUMONIA,virus,person1,1,train,1000,544
PNEUMONIA__person1_virus_8.png,person1_virus_8.jpeg,PNEUMONIA,virus,person1,1,train,960,544
PNEUMONIA__person1_virus_9.png,person1_virus_9.jpeg,PNEUMONIA,virus,person1,1,train,856,552
PNEUMONIA__person20_virus_51.png,person20_virus_51.jpeg,PNEUMONIA,virus,person20,1,train,1320,1208
PNEUMONIA__person21_virus_52.png,person21_virus_52.jpeg,PNEUMONIA,virus,person21,1,test,1952,1296
PNEUMONIA__person21_virus_53.png,person21_virus_53.jpeg,PNEUMONIA,virus,person21,1,test,2000,1456
PNEUMONIA__person22_virus_54.png,person22_virus_54.jpeg,PNEUMONIA,virus,person22,1,train,1216,584
PNEUMONIA__person22_virus_55.png,person22_virus_55.jpeg,PNEUMONIA,virus,person22,1,train,1096,712
PNEUMONIA__person23_virus_56.png,person23_virus_56.jpeg,PNEUMONIA,virus,person23,1,val,1520,872
PNEUMONIA__person24_virus_58.png,person24_virus_58.jpeg,PNEUMONIA,virus,person24,1,train,1352,792
PNEUMONIA__person25_virus_59.png,person25_virus_59.jpeg,PNEUMONIA,virus,person25,1,train,960,616
PNEUMONIA__person26_virus_60.png,person26_virus_60.jpeg,PNEUMONIA,virus,person26,1,train,1152,720
PNEUMONIA__person28_virus_62.png,person28_virus_62.jpeg,PNEUMONIA,virus,person28,1,train,1216,872
PNEUMONIA__person28_virus_63.png,person28_virus_63.jpeg,PNEUMONIA,virus,person28,1,train,1232,864
PNEUMONIA__person29_virus_64.png,person29_virus_64.jpeg,PNEUMONIA,virus,person29,1,train,1024,600
PNEUMONIA__person30_virus_69.png,person30_virus_69.jpeg,PNEUMONIA,virus,person30,1,test,1576,1216
PNEUMONIA__person31_virus_70.png,person31_virus_70.jpeg,PNEUMONIA,virus,person31,1,train,896,544
PNEUMONIA__person32_virus_71.png,person32_virus_71.jpeg,PNEUMONIA,virus,person32,1,val,1288,952
PNEUMONIA__person33_virus_72.png,person33_virus_72.jpeg,PNEUMONIA,virus,person33,1,train,1024,552
PNEUMONIA__person34_virus_76.png,person34_virus_76.jpeg,PNEUMONIA,virus,person34,1,train,1648,1400
PNEUMONIA__person35_virus_80.png,person35_virus_80.jpeg,PNEUMONIA,virus,person35,1,test,1552,1016
PNEUMONIA__person36_virus_81.png,person36_virus_81.jpeg,PNEUMONIA,virus,person36,1,test,1264,824
PNEUMONIA__person37_virus_82.png,person37_virus_82.jpeg,PNEUMONIA,virus,person37,1,train,1080,752
PNEUMONIA__person38_virus_83.png,person38_virus_83.jpeg,PNEUMONIA,virus,person38,1,train,1400,1136
PNEUMONIA__person38_virus_84.png,person38_virus_84.jpeg,PNEUMONIA,virus,person38,1,train,1488,976
PNEUMONIA__person39_virus_85.png,person39_virus_85.jpeg,PNEUMONIA,virus,person39,1,train,1120,696
PNEUMONIA__person3_virus_15.png,person3_virus_15.jpeg,PNEUMONIA,virus,person3,1,train,1304,968
PNEUMONIA__person3_virus_16.png,person3_virus_16.jpeg,PNEUMONIA,virus,person3,1,train,1256,848
PNEUMONIA__person3_virus_17.png,person3_virus_17.jpeg,PNEUMONIA,virus,person3,1,train,1344,1120
PNEUMONIA__person40_virus_87.png,person40_virus_87.jpeg,PNEUMONIA,virus,person40,1,train,1040,768
PNEUMONIA__person41_virus_88.png,person41_virus_88.jpeg,PNEUMONIA,virus,person41,1,train,1328,984
PNEUMONIA__person42_virus_89.png,person42_virus_89.jpeg,PNEUMONIA,virus,person42,1,test,1016,616
PNEUMONIA__person43_virus_92.png,person43_virus_92.jpeg,PNEUMONIA,virus,person43,1,train,1192,752
PNEUMONIA__person44_virus_93.png,person44_virus_93.jpeg,PNEUMONIA,virus,person44,1,train,1192,920
PNEUMONIA__person44_virus_94.png,person44_virus_94.jpeg,PNEUMONIA,virus,person44,1,train,1392,1008
PNEUMONIA__person45_virus_95.png,person45_virus_95.jpeg,PNEUMONIA,virus,person45,1,train,1376,912
PNEUMONIA__person46_virus_96.png,person46_virus_96.jpeg,PNEUMONIA,virus,person46,1,train,1192,872
PNEUMONIA__person47_virus_99.png,person47_virus_99.jpeg,PNEUMONIA,virus,person47,1,train,1344,864
PNEUMONIA__person48_virus_100.png,person48_virus_100.jpeg,PNEUMONIA,virus,person48,1,train,1352,1064
PNEUMONIA__person49_virus_101.png,person49_virus_101.jpeg,PNEUMONIA,virus,person49,1,train,1336,1032
PNEUMONIA__person50_virus_102.png,person50_virus_102.jpeg,PNEUMONIA,virus,person50,1,val,1280,760
PNEUMONIA__person51_virus_105.png,person51_virus_105.jpeg,PNEUMONIA,virus,person51,1,train,1160,696
PNEUMONIA__person52_virus_106.png,person52_virus_106.jpeg,PNEUMONIA,virus,person52,1,train,1048,688
PNEUMONIA__person53_virus_107.png,person53_virus_107.jpeg,PNEUMONIA,virus,person53,1,train,1168,712
PNEUMONIA__person53_virus_108.png,person53_virus_108.jpeg,PNEUMONIA,virus,person53,1,train,1152,728
PNEUMONIA__person54_virus_109.png,person54_virus_109.jpeg,PNEUMONIA,virus,person54,1,val,1184,816
PNEUMONIA__person55_virus_110.png,person55_virus_110.jpeg,PNEUMONIA,virus,person55,1,train,1464,744
PNEUMONIA__person56_virus_112.png,person56_virus_112.jpeg,PNEUMONIA,virus,person56,1,train,1088,576
PNEUMONIA__person57_virus_113.png,person57_virus_113.jpeg,PNEUMONIA,virus,person57,1,train,1192,856
PNEUMONIA__person59_virus_116.png,person59_virus_116.jpeg,PNEUMONIA,virus,person59,1,train,1072,616
PNEUMONIA__person60_virus_117.png,person60_virus_117.jpeg,PNEUMONIA,virus,person60,1,train,1072,880
PNEUMONIA__person61_virus_118.png,person61_virus_118.jpeg,PNEUMONIA,virus,person61,1,train,1088,696
PNEUMONIA__person62_virus_119.png,person62_virus_119.jpeg,PNEUMONIA,virus,person62,1,train,1544,872
PNEUMONIA__person63_virus_121.png,person63_virus_121.jpeg,PNEUMONIA,virus,person63,1,train,1504,1032
PNEUMONIA__person64_virus_122.png,person64_virus_122.jpeg,PNEUMONIA,virus,person64,1,train,1112,592
PNEUMONIA__person65_virus_123.png,person65_virus_123.jpeg,PNEUMONIA,virus,person65,1,train,1320,768
PNEUMONIA__person66_virus_125.png,person66_virus_125.jpeg,PNEUMONIA,virus,person66,1,val,1432,976
PNEUMONIA__person67_virus_126.png,person67_virus_126.jpeg,PNEUMONIA,virus,person67,1,train,1296,880
PNEUMONIA__person69_virus_129.png,person69_virus_129.jpeg,PNEUMONIA,virus,person69,1,train,1048,440
PNEUMONIA__person70_virus_130.png,person70_virus_130.jpeg,PNEUMONIA,virus,person70,1,train,1160,624
PNEUMONIA__person71_virus_131.png,person71_virus_131.jpeg,PNEUMONIA,virus,person71,1,train,1232,888
PNEUMONIA__person71_virus_132.png,person71_virus_132.jpeg,PNEUMONIA,virus,person71,1,train,1368,904
PNEUMONIA__person72_virus_133.png,person72_virus_133.jpeg,PNEUMONIA,virus,person72,1,test,1528,968
PNEUMONIA__person74_virus_135.png,person74_virus_135.jpeg,PNEUMONIA,virus,person74,1,train,840,560
PNEUMONIA__person75_virus_136.png,person75_virus_136.jpeg,PNEUMONIA,virus,person75,1,test,960,576
PNEUMONIA__person76_virus_138.png,person76_virus_138.jpeg,PNEUMONIA,virus,person76,1,train,1224,744
PNEUMONIA__person77_virus_139.png,person77_virus_139.jpeg,PNEUMONIA,virus,person77,1,val,1240,784
PNEUMONIA__person78_bacteria_378.png,person78_bacteria_378.jpeg,PNEUMONIA,bacteria,person78,1,val,728,368
PNEUMONIA__person78_bacteria_380.png,person78_bacteria_380.jpeg,PNEUMONIA,bacteria,person78,1,val,864,464
PNEUMONIA__person78_bacteria_381.png,person78_bacteria_381.jpeg,PNEUMONIA,bacteria,person78,1,val,824,536
PNEUMONIA__person78_bacteria_382.png,person78_bacteria_382.jpeg,PNEUMONIA,bacteria,person78,1,val,1016,544
PNEUMONIA__person78_bacteria_384.png,person78_bacteria_384.jpeg,PNEUMONIA,bacteria,person78,1,val,744,424
PNEUMONIA__person78_bacteria_385.png,person78_bacteria_385.jpeg,PNEUMONIA,bacteria,person78,1,val,936,568
PNEUMONIA__person78_bacteria_386.png,person78_bacteria_386.jpeg,PNEUMONIA,bacteria,person78,1,val,744,416
PNEUMONIA__person78_bacteria_387.png,person78_bacteria_387.jpeg,PNEUMONIA,bacteria,person78,1,val,1022,643
PNEUMONIA__person78_virus_140.png,person78_virus_140.jpeg,PNEUMONIA,virus,person78,1,val,1592,1144
PNEUMONIA__person79_virus_148.png,person79_virus_148.jpeg,PNEUMONIA,virus,person79,1,train,1632,1312
PNEUMONIA__person80_bacteria_389.png,person80_bacteria_389.jpeg,PNEUMONIA,bacteria,person80,1,val,1144,824
PNEUMONIA__person80_bacteria_390.png,person80_bacteria_390.jpeg,PNEUMONIA,bacteria,person80,1,val,1104,640
PNEUMONIA__person80_bacteria_391.png,person80_bacteria_391.jpeg,PNEUMONIA,bacteria,person80,1,val,1032,744
PNEUMONIA__person80_bacteria_392.png,person80_bacteria_392.jpeg,PNEUMONIA,bacteria,person80,1,val,1152,832
PNEUMONIA__person80_bacteria_393.png,person80_bacteria_393.jpeg,PNEUMONIA,bacteria,person80,1,val,1310,844
PNEUMONIA__person81_bacteria_395.png,person81_bacteria_395.jpeg,PNEUMONIA,bacteria,person81,1,train,912,584
PNEUMONIA__person81_bacteria_396.png,person81_bacteria_396.jpeg,PNEUMONIA,bacteria,person81,1,train,1048,480
PNEUMONIA__person81_bacteria_397.png,person81_bacteria_397.jpeg,PNEUMONIA,bacteria,person81,1,train,888,344
PNEUMONIA__person81_bacteria_398.png,person81_bacteria_398.jpeg,PNEUMONIA,bacteria,person81,1,train,848,600
PNEUMONIA__person82_bacteria_402.png,person82_bacteria_402.jpeg,PNEUMONIA,bacteria,person82,1,train,928,536
PNEUMONIA__person82_bacteria_403.png,person82_bacteria_403.jpeg,PNEUMONIA,bacteria,person82,1,train,936,496
PNEUMONIA__person82_bacteria_404.png,person82_bacteria_404.jpeg,PNEUMONIA,bacteria,person82,1,train,840,464
PNEUMONIA__person82_bacteria_405.png,person82_bacteria_405.jpeg,PNEUMONIA,bacteria,person82,1,train,952,568
PNEUMONIA__person83_bacteria_407.png,person83_bacteria_407.jpeg,PNEUMONIA,bacteria,person83,1,train,1148,897
PNEUMONIA__person83_bacteria_409.png,person83_bacteria_409.jpeg,PNEUMONIA,bacteria,person83,1,train,968,712
PNEUMONIA__person83_bacteria_410.png,person83_bacteria_410.jpeg,PNEUMONIA,bacteria,person83,1,train,912,648
PNEUMONIA__person83_bacteria_411.png,person83_bacteria_411.jpeg,PNEUMONIA,bacteria,person83,1,train,1016,832
PNEUMONIA__person83_bacteria_412.png,person83_bacteria_412.jpeg,PNEUMONIA,bacteria,person83,1,train,864,560
PNEUMONIA__person83_bacteria_414.png,person83_bacteria_414.jpeg,PNEUMONIA,bacteria,person83,1,train,1010,717
PNEUMONIA__person85_bacteria_417.png,person85_bacteria_417.jpeg,PNEUMONIA,bacteria,person85,1,train,1048,568
PNEUMONIA__person85_bacteria_419.png,person85_bacteria_419.jpeg,PNEUMONIA,bacteria,person85,1,train,952,672
PNEUMONIA__person85_bacteria_421.png,person85_bacteria_421.jpeg,PNEUMONIA,bacteria,person85,1,train,952,632
PNEUMONIA__person85_bacteria_422.png,person85_bacteria_422.jpeg,PNEUMONIA,bacteria,person85,1,train,904,480
PNEUMONIA__person85_bacteria_423.png,person85_bacteria_423.jpeg,PNEUMONIA,bacteria,person85,1,train,872,504
PNEUMONIA__person85_bacteria_424.png,person85_bacteria_424.jpeg,PNEUMONIA,bacteria,person85,1,train,1032,632
PNEUMONIA__person86_bacteria_428.png,person86_bacteria_428.jpeg,PNEUMONIA,bacteria,person86,1,test,832,552
PNEUMONIA__person86_bacteria_429.png,person86_bacteria_429.jpeg,PNEUMONIA,bacteria,person86,1,test,784,552
PNEUMONIA__person87_bacteria_433.png,person87_bacteria_433.jpeg,PNEUMONIA,bacteria,person87,1,train,1064,808
PNEUMONIA__person87_bacteria_434.png,person87_bacteria_434.jpeg,PNEUMONIA,bacteria,person87,1,train,1032,760
PNEUMONIA__person88_bacteria_437.png,person88_bacteria_437.jpeg,PNEUMONIA,bacteria,person88,1,test,1144,848
PNEUMONIA__person88_bacteria_438.png,person88_bacteria_438.jpeg,PNEUMONIA,bacteria,person88,1,test,1144,760
PNEUMONIA__person88_bacteria_439.png,person88_bacteria_439.jpeg,PNEUMONIA,bacteria,person88,1,test,1512,991
PNEUMONIA__person89_bacteria_440.png,person89_bacteria_440.jpeg,PNEUMONIA,bacteria,person89,1,test,1280,1000
PNEUMONIA__person8_virus_27.png,person8_virus_27.jpeg,PNEUMONIA,virus,person8,1,test,1008,696
PNEUMONIA__person8_virus_28.png,person8_virus_28.jpeg,PNEUMONIA,virus,person8,1,test,992,688
PNEUMONIA__person90_bacteria_442.png,person90_bacteria_442.jpeg,PNEUMONIA,bacteria,person90,1,train,1232,888
PNEUMONIA__person90_bacteria_443.png,person90_bacteria_443.jpeg,PNEUMONIA,bacteria,person90,1,train,904,664
PNEUMONIA__person91_bacteria_445.png,person91_bacteria_445.jpeg,PNEUMONIA,bacteria,person91,1,train,1110,870
PNEUMONIA__person91_bacteria_446.png,person91_bacteria_446.jpeg,PNEUMONIA,bacteria,person91,1,train,864,664
PNEUMONIA__person91_bacteria_447.png,person91_bacteria_447.jpeg,PNEUMONIA,bacteria,person91,1,train,936,656
PNEUMONIA__person91_bacteria_448.png,person91_bacteria_448.jpeg,PNEUMONIA,bacteria,person91,1,train,1128,817
PNEUMONIA__person91_bacteria_449.png,person91_bacteria_449.jpeg,PNEUMONIA,bacteria,person91,1,train,1006,740
PNEUMONIA__person92_bacteria_450.png,person92_bacteria_450.jpeg,PNEUMONIA,bacteria,person92,1,train,1072,560
PNEUMONIA__person92_bacteria_451.png,person92_bacteria_451.jpeg,PNEUMONIA,bacteria,person92,1,train,1040,568
PNEUMONIA__person93_bacteria_453.png,person93_bacteria_453.jpeg,PNEUMONIA,bacteria,person93,1,train,952,656
PNEUMONIA__person93_bacteria_454.png,person93_bacteria_454.jpeg,PNEUMONIA,bacteria,person93,1,train,1056,592
PNEUMONIA__person94_bacteria_456.png,person94_bacteria_456.jpeg,PNEUMONIA,bacteria,person94,1,train,1008,704
PNEUMONIA__person94_bacteria_457.png,person94_bacteria_457.jpeg,PNEUMONIA,bacteria,person94,1,train,1016,688
PNEUMONIA__person94_bacteria_458.png,person94_bacteria_458.jpeg,PNEUMONIA,bacteria,person94,1,train,952,560
PNEUMONIA__person95_bacteria_463.png,person95_bacteria_463.jpeg,PNEUMONIA,bacteria,person95,1,train,1000,704
PNEUMONIA__person96_bacteria_464.png,person96_bacteria_464.jpeg,PNEUMONIA,bacteria,person96,1,train,936,800
PNEUMONIA__person96_bacteria_465.png,person96_bacteria_465.jpeg,PNEUMONIA,bacteria,person96,1,train,1120,856
PNEUMONIA__person96_bacteria_466.png,person96_bacteria_466.jpeg,PNEUMONIA,bacteria,person96,1,train,1064,856
PNEUMONIA__person97_bacteria_468.png,person97_bacteria_468.jpeg,PNEUMONIA,bacteria,person97,1,train,1400,1024
PNEUMONIA__person99_bacteria_473.png,person99_bacteria_473.jpeg,PNEUMONIA,bacteria,person99,1,train,1264,1016
PNEUMONIA__person99_bacteria_474.png,person99_bacteria_474.jpeg,PNEUMONIA,bacteria,person99,1,train,1704,1122
